TIME_PERIOD,OECD_MEI_FIN_IRLT_USA,OECD_MEI_FIN_IRLT_DEU,OECD_MEI_FIN_IRLT_CHN,OECD_MEI_FIN_IRLT_CHE,OECD_MEI_FIN_IRLT_AUT,OECD_MEI_FIN_IRLT_POL,OECD_MEI_FIN_IRLT_DNK,OECD_MEI_FIN_IRLT_SWE,OECD_MEI_FIN_IRLT_EA19,OECD_MEI_FIN_IRST_USA,OECD_MEI_FIN_IRST_DEU,OECD_MEI_FIN_IRST_CHN,OECD_MEI_FIN_IRST_CHE,OECD_MEI_FIN_IRST_AUT,OECD_MEI_FIN_IRST_POL,OECD_MEI_FIN_IRST_DNK,OECD_MEI_FIN_IRST_SWE,OECD_MEI_FIN_IRST_EA19,OECD_MEI_FIN_IRII_USA,OECD_MEI_FIN_IRII_DEU,OECD_MEI_FIN_IRII_CHN,OECD_MEI_FIN_IRII_CHE,OECD_MEI_FIN_IRII_AUT,OECD_MEI_FIN_IRII_POL,OECD_MEI_FIN_IRII_DNK,OECD_MEI_FIN_IRII_EA19,OECD_MEI_FIN_IRN_CHN,OECD_MEI_FIN_IRN_CHE,OECD_MEI_FIN_IRN_POL,OECD_MEI_FIN_IRN_DNK,OECD_MEI_FIN_IRN_SWE,OECD_MEI_FIN_IRN_EA19,OECD_MEI_FIN_IRRE_USA,OECD_MEI_FIN_IRRE_DEU,OECD_MEI_FIN_IRRE_CHN,OECD_MEI_FIN_IRRE_CHE,OECD_MEI_FIN_IRRE_AUT,OECD_MEI_FIN_IRRE_POL,OECD_MEI_FIN_IRRE_DNK,OECD_MEI_FIN_IRRE_SWE,OECD_MEI_FIN_IRRE_EA19,OECD_QNA_GDP_USA,OECD_QNA_GDP_CHN,OECD_QNA_GDP_CHE,OECD_QNA_GDP_AUT,OECD_QNA_GDP_POL,OECD_QNA_GDP_DNK,OECD_QNA_GDP_SWE,OECD_QNA_GDP_EU27_2020,OECD_QNA_GDP_OECD,OECD_MEI_REAL_PRI_USA,OECD_MEI_REAL_PRI_DEU,OECD_MEI_REAL_PRI_CHE,OECD_MEI_REAL_PRI_POL,OECD_MEI_REAL_PRI_DNK,OECD_MEI_REAL_PRI_EU27_2020,OECD_MEI_REAL_PRI_OECD,OECD_MEI_REAL_PRI_OECDE,OECD_MEI_REAL_PRM_USA,OECD_MEI_REAL_PRM_DEU,OECD_MEI_REAL_PRM_CHE,OECD_MEI_REAL_PRM_POL,OECD_MEI_REAL_PRM_DNK,OECD_MEI_REAL_PRM_EU27_2020,OECD_MEI_REAL_PRC_USA,OECD_MEI_REAL_PRC_DEU,OECD_MEI_REAL_PRC_CHN,OECD_MEI_REAL_PRC_POL,OECD_MEI_REAL_PRC_EU27_2020,OECD_MEI_CLI_CLI_USA,OECD_MEI_CLI_CLI_DEU,OECD_MEI_CLI_CLI_CHN,OECD_MEI_CLI_CBC_USA,OECD_MEI_CLI_CBC_DEU,OECD_MEI_CLI_CBC_CHN,OECD_MEI_CLI_CBC_CHE,OECD_MEI_CLI_CBC_AUT,OECD_MEI_CLI_CBC_POL,OECD_MEI_CLI_CBC_DNK,OECD_MEI_CLI_CBC_SWE,OECD_MEI_CLI_CBC_EU27_2020,OECD_MEI_CLI_CBC_EA19,OECD_MEI_CLI_CBC_OECD,OECD_MEI_CLI_CBC_OECDE,OECD_MEI_CLI_CCP_USA,OECD_MEI_CLI_CCP_DEU,OECD_MEI_CLI_CCP_CHN,OECD_MEI_CLI_CCP_CHE,OECD_MEI_CLI_CCP_AUT,OECD_MEI_CLI_CCP_POL,OECD_MEI_CLI_CCP_DNK,OECD_MEI_CLI_CCP_SWE,OECD_MEI_CLI_CCP_EU27_2020,OECD_MEI_CLI_CCP_EA19,OECD_MEI_CLI_CCP_OECD,OECD_MEI_CLI_CCP_OECDE,OECD_PRICES_CPI_CPI_USA,OECD_PRICES_CPI_CPI_DEU,OECD_PRICES_CPI_CPI_CHE,OECD_PRICES_CPI_CPI_AUT,OECD_PRICES_CPI_CPI_POL,OECD_PRICES_CPI_CPI_DNK,OECD_PRICES_CPI_CPI_SWE,OECD_PRICES_CPI_CPI_EU27_2020,OECD_PRICES_CPI_FHE_USA,OECD_PRICES_CPI_FHE_DEU,OECD_PRICES_CPI_FHE_CHE,OECD_PRICES_CPI_FHE_AUT,OECD_PRICES_CPI_FHE_POL,OECD_PRICES_CPI_FHE_DNK,OECD_PRICES_CPI_FHE_SWE,OECD_PRICES_CPI_FHE_EU27_2020,OECD_PRICES_CPI_HWE_USA,OECD_PRICES_CPI_HWE_DEU,OECD_PRICES_CPI_HWE_CHE,OECD_PRICES_CPI_HWE_AUT,OECD_PRICES_CPI_HWE_POL,OECD_PRICES_CPI_HWE_DNK,OECD_PRICES_CPI_HWE_SWE,OECD_PRICES_CPI_HWE_EU27_2020,OECD_STLABOUR_MUE_USA,OECD_STLABOUR_MUE_DEU,OECD_STLABOUR_MUE_AUT,OECD_STLABOUR_MUE_POL,OECD_STLABOUR_MUE_DNK,OECD_STLABOUR_MUE_SWE,OECD_STLABOUR_MUE_EU27_2020,OECD_MEI_BTS_COS_SP_DEU,OECD_MEI_BTS_COS_SP_CHE,OECD_MEI_BTS_COS_SP_AUT,OECD_MEI_BTS_COS_SP_POL,OECD_MEI_BTS_COS_SP_DNK,OECD_MEI_BTS_COS_SP_SWE,OECD_MEI_BTS_COS_SP_EA19,OECD_MATERIAL_RESOURCES_DMC_USA,OECD_MATERIAL_RESOURCES_DMC_CHN,OECD_MATERIAL_RESOURCES_DMC_OECDA,OECD_MATERIAL_RESOURCES_DMC_OECDSO,OECD_MATERIAL_RESOURCES_MF_USA,OECD_MATERIAL_RESOURCES_MF_CHN,OECD_MATERIAL_RESOURCES_MF_OECDA,OECD_MATERIAL_RESOURCES_MF_OECDSO
2024-12-01,4.36,2.305714,2.15,0.289,2.7438,5.66,2.104,2.06743,2.929132,4.53,3.006762,2.1,0.825417,3.006762,5.85,2.894286,2.66529,3.006762,4.640345,3.164967,2.9,0.73,3.164967,5.7,3.03,3.164967,7.102839,0.8803619,4.078405,7.017319,10.8998,0.94116,120.6126,101.2709,91.04787,100.0509,106.0253,122.3396,98.61082,86.81074,104.9717,0.701118063,0.9,0.41112142,0.263682067,-0.137893411,1.247172339,0.274630612,0.252103,0.5,101.4062,87.85438,131.7989,154.1372,149.3676,104.0555,104.4168,107.413,98.33739,92.2,135.4399,155.0954,163.0475,105.7583,194.6134,104.1327,87.48705,119.8229,113.8314,100.3918,100.37,100.093,98.8332,98.12927,98.55383,99.80785,97.29388,99.07239,101.7977,99.10041,98.75718,98.71833,99.39943,99.46089,98.37057,99.59075,93.5238,97.54395,98.2262,101.3424,98.91894,100.8055,99.35106,99.24848,99.15244,99.3229,0.2,-0.7,0.0,0.3,0.3,0.7,0.5,0.4,-0.2,0.2,0.8,0.8,0.1,-2.3,-0.2,0.2,0.2,0.1,0.1,-0.7,0.4,1.9,1.1,0.3,4.2,3.4,5.6,3.1,5.9,8.4,5.9,-3.4,-0.82,7.8,14.2,-4.5,-19.3,4.1,224.4064,383.0398,336.696258544922,75.8405609130859,10790.61,36545.99,14628.66015625,4796.83251953125
2024-11-01,4.36,2.305714,2.15,0.289,2.7438,5.66,2.104,2.06743,2.929132,4.53,3.006762,2.1,0.825417,3.006762,5.85,2.894286,2.66529,3.006762,4.640345,3.164967,2.9,0.73,3.164967,5.7,3.03,3.164967,7.102839,0.8803619,4.078405,7.017319,10.8998,0.94116,120.6126,101.2709,91.04787,100.0509,106.0253,122.3396,98.61082,86.81074,104.9717,0.701118063,0.9,0.41112142,0.263682067,-0.137893411,1.247172339,0.274630612,0.252103,0.5,101.4062,87.85438,131.7989,154.1372,149.3676,104.0555,104.4168,107.413,98.33739,92.2,135.4399,155.0954,163.0475,105.7583,194.6134,104.1327,87.48705,119.8229,113.8314,100.3918,100.37,100.093,98.8332,98.12927,98.55383,99.80785,97.29388,99.07239,101.7977,99.10041,98.75718,98.71833,99.39943,99.46089,98.37057,99.59075,93.5238,97.54395,98.2262,101.3424,98.91894,100.8055,99.35106,99.24848,99.15244,99.3229,0.2,-0.7,0.0,0.3,0.3,0.7,0.5,0.4,-0.2,0.2,0.8,0.8,0.1,-2.3,-0.2,0.2,0.2,0.1,0.1,-0.7,0.4,1.9,1.1,0.3,4.2,3.4,5.6,3.1,5.9,8.4,5.9,-3.4,-0.82,7.8,14.2,-4.5,-19.3,4.1,224.4064,383.0398,336.696258544922,75.8405609130859,10790.61,36545.99,14628.66015625,4796.83251953125
2024-10-01,4.1,2.229565,2.15,0.451,2.7438,5.6,2.104,2.04304,2.865934,4.62,3.166609,2.1,0.8944926,3.166609,5.85,3.078552,2.91691,3.166609,4.83,3.371394,2.9,0.85,3.371394,5.64,2.98,3.371394,7.102839,0.8606,3.95757,6.841126,10.46049,0.9177387,117.7371,101.5966,91.03051,99.93005,105.8954,121.9849,98.75932,88.10651,105.5342,0.701118063,0.9,0.41112142,0.263682067,-0.137893411,1.247172339,0.274630612,0.252103,0.5,101.4062,87.85438,131.7989,154.1372,149.3676,104.0555,104.4168,107.413,98.33739,92.2,135.4399,155.0954,163.0475,105.7583,194.6134,104.1327,87.48705,119.8229,113.8314,100.2305,100.3111,99.9313,98.6774,98.17282,98.55383,99.90419,97.16241,99.10151,101.7793,98.92667,98.74817,98.72627,99.26341,99.31742,98.21842,99.67892,93.5238,97.65347,98.57579,101.4159,98.9698,100.6881,99.45677,99.34679,99.10465,99.37,0.2,0.4,0.0,0.4,0.3,0.7,0.5,0.4,-0.2,0.2,0.8,0.8,0.1,-2.3,-0.2,0.2,0.2,0.1,0.1,-0.7,0.4,1.9,1.1,0.3,4.1,3.4,5.6,3.1,5.9,8.4,5.9,-2.3,-2.51,4.0,14.5,-4.4,-5.3,2.0,224.4064,383.0398,336.696258544922,75.8405609130859,10790.61,36545.99,14628.66015625,4796.83251953125
2024-09-01,3.72,2.167143,2.15,0.41,2.6895,5.31,2.114,1.92729,2.834165,4.86,3.433714,2.06,1.022143,3.433714,5.85,3.339838,3.13867,3.433714,5.13,3.592092,2.9,0.64,3.592092,5.61,3.31,3.592092,7.075289,0.8471953,3.851019,6.717238,10.22999,0.9005252,116.4319,101.6265,90.29329,100.364,105.828,123.1055,98.56169,88.69411,105.8814,0.701118063,0.9,0.41112142,0.263682067,-0.137893411,1.247172339,0.274630612,0.252103,0.5,101.6731,87.85438,131.7989,148.94,149.3676,104.0555,104.4168,107.413,98.84526,92.2,135.4399,152.1638,163.0475,105.7583,193.7879,104.1327,84.08628,123.1284,113.8314,100.0876,100.2579,99.79657,98.63077,98.27512,98.24847,99.99561,97.02431,99.18808,101.7048,99.00308,98.82708,98.82909,99.22728,99.27134,98.06518,99.68084,93.5238,97.72876,98.84132,101.5366,99.06771,100.6107,99.44471,99.34892,99.01637,99.39445,0.5,-0.1,-0.3,0.3,0.1,-0.4,0.3,-0.1,0.6,-0.3,-0.7,-0.1,0.1,1.5,1.6,0.1,0.4,0.0,0.0,0.0,0.4,-1.1,0.6,0.1,4.1,3.4,5.6,3.1,6.6,8.6,5.9,-1.0,-0.43,8.7,14.7,-6.7,-18.2,2.3,224.4064,383.0398,336.696258544922,75.8405609130859,10790.61,36545.99,14628.66015625,4796.83251953125
2024-08-01,3.87,2.207727,2.17,0.451,2.7626,5.28,2.199,1.93209,2.905793,5.12,3.547591,2.04,1.066472,3.547591,5.85,3.446205,3.36582,3.547591,5.33,3.664356,2.9,1.08,3.664356,5.72,3.46,3.664356,7.152632,0.8584182,3.898609,6.77625,10.40039,0.9073032,116.8729,101.5531,90.51634,100.0257,105.8675,122.2435,98.88142,87.75168,106.4378,0.701118063,0.9,0.41112142,0.263682067,-0.137893411,1.247172339,0.274630612,0.252103,0.5,102.164,90.27062,131.1932,149.6239,157.1867,106.19,104.8866,108.723,99.17578,94.9,133.2094,151.1866,171.481,107.9211,193.5538,105.6285,80.96008,122.7742,113.9423,99.97717,100.2187,99.71237,98.64591,98.45155,98.00315,100.0342,97.04764,99.1724,101.5338,99.22637,98.90761,98.9279,99.24975,99.30592,97.90794,99.73986,93.55859,97.703,98.96579,101.6028,99.13395,100.4546,99.35116,99.29852,98.94139,99.40776,0.1,-0.2,0.0,-0.1,0.1,-0.5,-0.6,0.1,-0.2,-0.3,-0.8,-0.3,0.2,-0.7,0.6,0.1,0.1,-0.1,0.2,-0.2,0.4,1.7,-1.3,0.1,4.2,3.4,5.3,3.0,5.9,8.3,5.9,0.5,-1.82,4.9,14.3,-8.6,-11.6,1.6,224.4064,383.0398,336.696258544922,75.8405609130859,10790.61,36545.99,14628.66015625,4796.83251953125
2024-07-01,4.25,2.458261,2.15,0.45,2.9776,5.65,2.448,2.12817,3.112499,5.31,3.684826,2.21,1.193478,3.684826,5.86,3.586961,3.5847,3.684826,5.33,3.663089,2.9,0.93,3.663089,5.66,3.48,3.663089,7.262657,0.8924478,3.948704,6.880035,10.63945,0.9220765,117.6438,101.6083,90.49422,97.59895,106.1425,122.3226,99.23796,87.51788,105.9335,0.701118063,0.9,0.41112142,0.263682067,-0.137893411,1.247172339,0.274630612,0.252103,0.5,101.6616,87.46778,140.0363,150.8548,163.3959,104.9093,104.7225,108.227,98.61333,91.8,139.4052,150.0698,180.1589,106.5153,191.8536,105.1683,87.87775,123.0103,113.7204,99.91092,100.18,99.68479,98.72082,98.63038,97.98643,100.0097,97.18061,99.10653,101.53,99.37434,98.94229,98.96408,99.30579,99.36358,97.84827,99.78452,93.61147,97.51266,98.96082,101.8153,99.2319,100.2835,99.24122,99.23757,98.90375,99.40646,0.0,0.5,0.4,-0.4,0.8,1.3,0.1,0.1,0.1,-0.2,0.1,-0.2,0.2,1.1,-1.2,-0.6,0.3,0.2,0.1,-0.2,5.0,0.1,-1.3,1.0,4.3,3.5,5.2,3.0,5.9,8.6,6.0,-1.0,-1.52,3.3,15.2,-8.5,-14.7,2.0,224.4064,383.0398,336.696258544922,75.8405609130859,10790.61,36545.99,14628.66015625,4796.83251953125
2024-06-01,4.31,2.4845,2.21,0.559,3.0384,5.73,2.518,2.25761,3.166433,5.28,3.7245,2.23,1.427,3.7245,5.84,3.647363,3.68339,3.7245,5.33,3.786032,2.9,0.92,3.786032,5.59,3.55,3.786032,7.255728,0.893925,4.015255,6.93344,10.48047,0.9293125,118.2718,101.5047,90.32372,98.49512,106.4317,119.6789,98.10012,89.66044,105.4759,0.738979623,0.5,0.634194207,-0.040377347,1.216870503,1.342620292,-0.034317046,0.256263,0.439054656,102.394,90.46392,134.7062,151.4019,152.3572,105.016,105.0135,108.9289,99.22449,94.9,137.9182,153.6994,165.3697,107.3804,191.9279,106.2039,83.27148,122.4201,114.0533,99.88459,100.1167,99.70353,98.88366,98.75754,98.12155,99.96724,97.37791,99.09816,101.5944,99.561,98.96724,98.98885,99.38817,99.42366,97.99077,99.70036,93.71098,97.23442,98.95284,102.0999,99.27731,100.1048,99.09647,99.11756,98.92499,99.36884,0.2,0.2,-0.1,0.0,0.1,0.1,-0.1,0.2,0.5,0.0,-1.6,-0.3,0.0,-0.3,-0.5,0.1,0.7,0.0,0.1,0.1,0.1,0.2,0.9,0.3,4.1,3.5,5.2,2.9,6.2,8.2,6.0,1.4,-4.12,5.9,13.6,-9.3,-15.6,4.3,224.4064,383.0398,336.696258544922,75.8405609130859,10790.61,36545.99,14628.66015625,4796.83251953125
2024-05-01,4.48,2.519546,2.29,0.915,3.0161,5.67,2.522,2.37638,3.121386,5.33,3.813652,2.32,1.5,3.813652,5.85,3.734335,3.78762,3.813652,5.33,3.906963,2.9,1.27,3.906963,5.63,3.72,3.906963,7.2329,0.9092391,3.964191,6.903983,10.76079,0.9248539,116.5655,101.7413,90.57798,96.616,106.5615,121.0522,98.68008,87.22727,105.9529,0.738979623,0.5,0.634194207,-0.040377347,1.216870503,1.342620292,-0.034317046,0.256263,0.439054656,102.0994,88.72423,135.5542,149.6239,150.6324,104.8026,104.9819,108.3757,99.27238,93.1,139.1574,152.1638,164.2697,107.2722,194.098,104.9382,88.70686,125.2533,113.6095,99.88445,100.0176,99.75726,99.02922,98.79351,98.35986,99.86723,97.70083,99.1801,101.5367,99.72109,99.00479,99.01479,99.46892,99.49382,98.32648,99.59318,93.89784,96.95369,98.86392,102.2021,99.18412,99.8035,98.95918,98.99972,99.00878,99.29095,0.1,0.2,0.3,0.1,0.1,0.0,0.2,0.2,-0.5,-0.3,-0.2,-0.2,-0.2,-1.4,-0.1,-0.1,0.3,-0.1,0.4,0.0,0.1,0.0,-3.8,-0.2,4.0,3.4,5.1,2.9,6.1,8.2,6.0,-2.1,-3.06,2.4,14.0,-9.6,-22.0,3.4,224.4064,383.0398,336.696258544922,75.8405609130859,10790.61,36545.99,14628.66015625,4796.83251953125
2024-04-01,4.54,2.445714,2.3,0.693,2.9861,5.67,2.48,2.51305,3.073672,5.33,3.886364,2.49,1.5,3.886364,5.86,3.822543,3.95071,3.886364,5.33,3.908278,2.9,1.3,3.908278,5.65,3.72,3.908278,7.2395,0.9095909,4.010027,6.951259,10.79948,0.9327668,116.7673,101.8398,90.99934,97.18593,106.6881,120.7824,98.9358,87.59679,105.8794,0.738979623,0.5,0.634194207,-0.040377347,1.216870503,1.342620292,-0.034317046,0.256263,0.439054656,101.4818,91.62371,134.5851,153.5901,160.2913,106.0832,104.8773,109.3862,98.60525,96.4,136.9269,154.6766,174.6588,108.5699,193.6475,108.275,91.24056,125.0172,114.8299,99.86766,99.87305,99.8372,99.13316,98.79703,98.6314,99.71577,97.80365,99.31863,101.1889,99.84751,99.05946,99.04729,99.53979,99.58148,98.80194,99.41135,94.17986,96.72108,98.77795,102.1164,99.04263,99.37445,98.83678,98.89645,99.15621,99.17186,0.1,0.6,0.5,0.1,1.0,0.0,0.3,0.6,-0.6,0.1,2.1,0.1,0.5,-0.4,0.5,0.2,-0.1,0.8,0.1,-0.5,0.2,-2.1,-0.6,-0.3,3.9,3.4,5.0,2.8,6.0,8.5,6.0,-10.2,0.25,12.0,15.5,-10.3,-16.7,2.4,224.4064,383.0398,336.696258544922,75.8405609130859,10790.61,36545.99,14628.66015625,4796.83251953125
2024-03-01,4.21,2.3495,2.29,0.639,2.8535,5.4,2.393,2.396,2.952856,5.29,3.922381,2.53,1.5,3.922381,5.86,3.878763,4.0525,3.922381,5.33,3.907311,2.9,1.34,3.907311,5.59,3.71,3.907311,7.202405,0.8887762,3.963638,6.860114,10.41292,0.9198809,115.3369,101.7851,90.48899,98.36351,107.1986,119.7662,99.01795,89.7075,106.1263,0.404802139,1.5,0.34671085,0.211236887,0.616180448,-0.719856452,0.589928438,0.306844,0.421686858,101.6422,91.33376,130.8298,143.8796,144.9981,105.6563,104.9432,109.3607,99.30432,96.0,134.3247,150.7678,157.3029,108.678,191.194,109.5407,89.05279,122.302,114.7189,99.80054,99.70146,99.9483,99.15086,98.83055,98.60652,99.58972,97.77615,99.3807,100.8195,99.91599,99.12211,99.11463,99.53986,99.56718,99.08926,99.11077,94.39953,96.51138,98.58604,102.0248,99.0501,98.95991,98.73629,98.80563,99.23786,99.05615,0.4,0.6,-0.1,0.6,0.2,0.0,0.1,0.7,0.2,0.0,-0.6,0.6,0.3,-0.9,-0.6,0.1,0.3,-0.2,0.1,-0.1,0.1,-0.2,0.8,-0.1,3.8,3.3,5.0,2.9,5.8,8.6,6.0,-10.7,1.73,2.2,16.6,-9.1,-18.2,1.6,224.4064,383.0398,336.696258544922,75.8405609130859,10790.61,36545.99,14628.66015625,4796.83251953125
2024-02-01,4.21,2.331905,2.34,0.828,2.8929,5.36,2.475,2.43,3.024766,5.22,3.923191,2.69,1.7,3.923191,5.86,3.877933,4.04338,3.923191,5.33,3.908676,2.9,1.5,3.908676,5.6,3.71,3.908676,7.193164,0.8766762,4.010334,6.906262,10.42193,0.9270433,115.0334,101.2325,91.45273,100.6042,106.6955,118.8729,99.01164,90.17126,105.0341,0.404802139,1.5,0.34671085,0.211236887,0.616180448,-0.719856452,0.589928438,0.306844,0.421686858,101.8486,91.72036,128.7704,151.5386,148.9076,105.6563,104.7853,109.7921,99.11461,96.3,135.0682,153.4202,162.5586,108.1373,191.0131,110.6913,89.36536,127.8505,115.2737,99.67572,99.52657,100.0936,99.02439,98.86302,98.19485,99.52765,97.8909,99.33896,100.4478,99.94238,99.157,99.14203,99.4528,99.46415,99.06287,98.8367,94.44242,96.2877,98.39659,101.8931,99.0833,98.4636,98.61496,98.70245,99.1839,98.94879,0.4,0.6,0.2,0.5,0.3,0.4,0.2,0.6,0.0,-0.1,0.1,0.5,-0.5,-0.1,0.1,0.1,0.4,0.0,0.4,-1.0,0.1,0.2,-2.9,0.2,3.9,3.3,4.7,2.9,5.8,8.1,6.1,-8.2,4.67,15.3,19.9,-5.0,-20.1,3.6,224.4064,383.0398,336.696258544922,75.8405609130859,10790.61,36545.99,14628.66015625,4796.83251953125
2024-01-01,4.06,2.174546,2.43,0.83,2.7596,5.24,2.403,2.23068,2.903617,5.26,3.925273,2.79,1.685238,3.925273,5.87,3.889541,3.97095,3.925273,5.33,3.90265,2.9,1.45,3.90265,5.55,3.71,3.90265,7.171424,0.8573043,3.999096,6.834274,10.32908,0.9170204,114.1325,101.3648,90.32002,101.8191,106.5427,118.1996,99.07268,90.30896,105.2816,0.404802139,1.5,0.34671085,0.211236887,0.616180448,-0.719856452,0.589928438,0.306844,0.421686858,100.6155,90.94717,128.2859,151.5386,146.8379,105.4429,104.0898,109.2142,97.7458,95.0,132.9616,153.0014,159.3807,107.1641,189.9817,107.1244,89.76785,125.3714,115.2737,99.52448,99.36903,100.2758,98.90888,98.94722,97.91264,99.41818,97.84836,99.2589,100.1417,99.87183,99.18515,99.16491,99.38107,99.39992,98.77077,98.64713,94.34437,96.04275,98.18124,101.6845,98.99582,97.80743,98.48083,98.60242,98.99815,98.82555,0.6,-0.2,0.1,-0.4,0.3,1.0,-0.3,-0.2,0.8,0.1,-1.2,0.3,0.4,-2.3,-1.2,-0.3,1.0,1.0,1.4,0.9,0.8,3.1,3.1,1.3,3.7,3.2,5.0,3.0,6.0,8.2,6.1,0.5,6.61,13.7,20.9,-12.2,-28.5,9.9,224.4064,383.0398,336.696258544922,75.8405609130859,10790.61,36545.99,14628.66015625,4796.83251953125
2023-12-01,4.02,2.102105,2.56,0.656,2.6803,5.21,2.361,2.20821,2.865628,5.32,3.933095,3.02,1.6525,3.933095,5.85,3.906847,4.02842,3.933095,5.33,3.903442,2.9,1.6,3.903442,5.54,3.71,3.903442,7.149575,0.8650524,3.969581,6.831681,10.25921,0.9163172,113.6063,101.5628,90.36189,100.776,106.9799,118.9387,98.32113,91.36874,105.6196,0.788672703,1.3,0.269699688,-0.533776838,0.013332174,1.953710792,-0.181301299,0.101361,0.364318666,101.7536,90.17397,130.7087,150.8548,148.2177,107.6841,105.6276,109.8087,99.03347,93.8,135.9356,156.0726,161.4585,113.4361,188.1074,104.1327,102.1307,150.3984,116.4941,99.37902,99.23568,100.4883,98.74431,99.03497,97.83899,99.27918,97.611,99.19321,99.7478,99.7644,99.20777,99.18927,99.29589,99.36134,98.16709,98.65217,94.1669,95.85406,97.94726,101.3486,98.84905,96.98064,98.30817,98.49731,98.65362,98.61076,-0.3,0.2,0.3,0.5,0.1,-0.5,0.7,0.1,-0.2,-0.1,0.9,0.3,0.8,0.9,1.0,0.3,0.3,-0.4,0.0,0.0,0.0,0.2,0.8,0.1,3.7,3.2,5.4,3.0,6.0,8.2,6.1,0.1,4.2,23.9,20.8,-6.2,-29.0,11.6,225.1147,369.5954,338.289398193359,76.1021575927734,10717.61,35508.0,14502.6875,4754.5751953125
2023-11-01,4.5,2.601364,2.67,0.822,3.2107,5.54,2.868,2.75495,3.420249,5.41,3.971636,2.88,1.731818,3.971636,5.77,3.951964,4.10186,3.971636,5.33,3.902744,2.9,1.63,3.902744,5.63,3.72,3.902744,7.236335,0.8918136,4.07355,6.899546,10.69565,0.9246482,115.4001,101.9042,90.37569,98.59801,106.7499,116.8669,99.46989,88.15343,105.8969,0.788672703,1.3,0.269699688,-0.533776838,0.013332174,1.953710792,-0.181301299,0.101361,0.364318666,102.0073,92.10696,128.0436,150.5813,148.3327,106.19,105.4877,109.2141,99.12369,96.3,130.4833,152.3034,162.9252,108.4617,187.1583,107.4696,101.222,131.5101,115.4956,99.26794,99.12372,100.7061,98.65946,99.0687,97.98382,99.12683,97.52918,99.1392,99.44723,99.86552,99.21977,99.20618,99.24641,99.35497,97.651,98.60722,94.04073,95.86009,97.59451,101.1118,98.77613,96.24899,98.03417,98.2882,98.3278,98.3483,-0.4,-0.7,-0.5,0.2,0.6,-0.4,0.2,-0.4,-1.0,0.1,-0.5,-0.3,-0.3,0.8,-1.0,-0.1,0.5,-0.5,0.5,0.0,0.1,0.4,6.4,-0.1,3.7,3.1,4.9,3.0,6.0,7.9,6.1,-1.1,1.59,11.9,18.7,-7.9,-23.7,9.6,225.1147,369.5954,338.289398193359,76.1021575927734,10717.61,35508.0,14502.6875,4754.5751953125
2023-10-01,4.8,2.823182,2.69,1.046,3.4856,5.84,3.133,3.02373,3.723935,5.46,3.967636,2.73,1.77,3.967636,5.68,3.965455,3.95627,3.967636,5.33,3.90106,2.9,1.2,3.90106,5.69,3.72,3.90106,7.311512,0.9038591,4.27085,7.063186,11.02365,0.947035,117.6492,102.0347,91.30961,99.31137,106.2559,113.0665,99.65392,86.92735,106.0093,0.788672703,1.3,0.269699688,-0.533776838,0.013332174,1.953710792,-0.181301299,0.101361,0.364318666,101.7012,91.81701,130.9509,151.1283,143.5033,105.8698,105.5272,109.3773,98.66732,96.4,135.1921,153.141,155.9585,108.0292,185.4079,107.6997,105.3104,134.6975,115.6065,99.19682,99.03298,100.8962,98.69277,99.09287,98.19018,98.99363,97.57953,98.98167,99.61454,99.97861,99.22891,99.22363,99.25867,99.39416,97.57717,98.60055,93.98917,96.17995,97.32018,100.874,98.70201,95.77164,97.83474,98.14117,98.21993,98.16342,-0.1,-0.2,0.1,0.4,0.3,0.3,0.1,0.1,0.1,0.1,-0.7,0.3,0.6,-1.0,-0.8,0.2,0.1,-0.3,0.2,0.7,0.4,0.7,0.5,0.1,3.8,3.1,5.1,3.0,6.2,8.0,6.1,-6.6,3.66,10.1,16.6,-12.3,-36.7,8.3,225.1147,369.5954,338.289398193359,76.1021575927734,10717.61,35508.0,14502.6875,4754.5751953125
2023-09-01,4.38,2.661429,2.68,1.087,3.2942,5.68,2.954,2.8879,3.505542,5.49,3.880048,2.64,1.77,3.880048,5.99,3.910157,3.82667,3.880048,5.33,3.712522,2.9,1.2,3.712522,5.95,3.59,3.712522,7.299237,0.8982476,4.303348,6.979686,11.08553,0.9367653,116.2093,102.4488,90.76817,98.97725,106.1542,111.0529,100.0007,85.50325,106.4912,1.071522787,1.5,0.143876054,-0.790178768,1.767921624,0.907242021,0.092249198,0.160119,0.402295854,102.425,92.01031,133.2526,150.0342,138.2139,106.19,105.5961,109.2554,99.40791,97.2,137.7943,152.1638,150.3361,108.5699,183.9827,109.6558,113.1968,136.5863,116.1612,99.15327,98.98181,101.026,98.76622,99.11475,98.33191,99.08689,97.61327,98.79243,99.81733,99.99984,99.20207,99.21208,99.27196,99.39241,97.78447,98.61723,93.89078,96.63843,97.23767,100.7719,98.72115,95.64912,97.84921,98.19505,98.32265,98.18701,0.1,0.2,-0.2,0.9,-0.1,-0.3,0.4,0.3,0.2,0.1,0.1,0.6,0.3,0.8,2.0,0.2,0.5,0.0,0.2,0.5,0.1,0.3,-1.4,0.2,3.8,3.1,5.3,2.9,4.7,8.1,6.1,-9.3,2.82,11.7,17.3,-9.1,-37.6,7.0,225.1147,369.5954,338.289398193359,76.1021575927734,10717.61,35508.0,14502.6875,4754.5751953125
2023-08-01,4.17,2.545652,2.56,0.952,3.1801,5.59,2.843,2.75213,3.343246,5.44,3.780304,2.63,1.767273,3.780304,6.69,3.801444,3.79361,3.780304,5.33,3.610367,2.9,1.2,3.610367,6.66,3.47,3.610367,7.252882,0.8782565,4.086409,6.831517,10.81891,0.9166943,114.6769,102.254,90.41983,99.67706,105.8732,115.5406,100.4866,85.38464,107.3001,1.071522787,1.5,0.143876054,-0.790178768,1.767921624,0.907242021,0.092249198,0.160119,0.402295854,102.2138,92.78351,131.6778,149.3504,137.8689,106.19,105.5246,109.8016,99.26889,97.9,136.3073,151.4658,149.3583,108.1373,183.2843,109.4256,112.8115,132.4545,116.2722,99.10321,98.99167,101.0695,98.7186,99.16228,98.19289,99.25175,97.8386,98.61966,100.253,99.93233,99.18125,99.19944,99.26447,99.42935,97.96358,98.69976,93.77615,97.0132,97.361,100.7643,98.84653,95.84831,98.03662,98.40209,98.47919,98.35333,0.5,0.4,0.2,0.3,0.1,-0.8,-0.2,0.5,-0.2,0.2,0.4,0.1,0.5,-1.0,0.2,0.2,0.5,0.3,0.4,1.1,0.2,-0.3,-0.1,0.6,3.8,3.1,5.4,2.8,4.2,8.1,6.0,-10.2,1.91,8.6,18.1,-10.1,-36.8,6.9,225.1147,369.5954,338.289398193359,76.1021575927734,10717.61,35508.0,14502.6875,4754.5751953125
2023-07-01,3.9,2.456667,2.66,0.979,3.1249,5.56,2.738,2.52176,3.268787,5.35,3.671809,2.57,1.72,3.671809,6.76,3.7208,3.70871,3.671809,5.12,3.403263,2.9,1.2,3.403263,6.79,3.23,3.403263,7.185289,0.874,4.018976,6.738676,10.52416,0.9045491,113.1262,102.2008,89.56607,99.06619,105.7929,116.1278,101.295,86.68966,106.9754,1.071522787,1.5,0.143876054,-0.790178768,1.767921624,0.907242021,0.092249198,0.160119,0.402295854,102.1911,92.97681,126.2265,148.1194,137.524,106.4034,105.2725,109.9249,99.20622,97.8,127.7571,150.349,148.8694,108.3536,181.4937,111.957,110.2269,129.9754,116.3831,99.029,99.078,101.0075,98.60921,99.39109,97.92453,99.38498,98.22094,98.48068,100.5301,99.8932,99.26872,99.31989,99.26359,99.53707,97.92004,98.81593,93.7356,97.14323,97.44834,100.7127,98.92963,96.19351,98.12683,98.52976,98.57186,98.59466,0.1,0.5,0.5,-0.2,-0.3,2.1,-0.2,0.0,-0.2,0.2,-0.8,-0.2,0.0,-0.6,-0.5,-0.3,0.4,0.0,0.1,-0.5,0.2,3.4,-4.7,-0.2,3.5,3.0,5.5,2.8,5.3,7.1,6.1,-8.5,0.23,12.3,16.5,-10.4,-31.0,5.6,225.1147,369.5954,338.289398193359,76.1021575927734,10717.61,35508.0,14502.6875,4754.5751953125
2023-06-01,3.75,2.376364,2.64,0.966,3.0451,5.91,2.571,2.4648,3.164705,5.22,3.535864,2.81,1.590455,3.535864,6.9,3.562376,3.5381,3.535864,5.08,3.204591,2.9,1.2,3.204591,6.71,3.09,3.204591,7.162474,0.9008682,4.119705,6.870495,10.76421,0.9224318,114.2277,101.8382,90.20856,97.75864,105.479,114.9779,99.41212,86.65993,105.5401,0.606973886,0.7,-0.164982327,-0.412674494,-0.677086607,0.055969241,-0.516390525,0.032983,0.475482082,101.5057,94.03995,127.1956,149.4871,146.7229,108.8581,105.7225,110.8249,98.94935,99.1,131.1028,152.1638,160.1141,112.3547,181.0999,110.2311,109.4537,131.274,116.1612,98.93295,99.22845,100.8441,98.54369,99.79092,97.75681,99.54326,98.47399,98.43666,100.4801,100.0538,99.50179,99.60207,99.28494,99.66006,97.58304,98.89174,93.84306,97.12105,97.39062,100.4307,98.88036,96.35132,97.98237,98.45508,98.48426,98.73175,0.3,0.4,0.1,0.3,0.1,0.3,1.0,0.3,0.0,0.4,-0.2,-0.1,-0.6,0.8,-0.3,0.2,0.9,-0.1,0.1,-0.1,0.0,-0.4,2.7,-0.3,3.6,3.0,5.1,2.8,4.7,8.0,6.0,-8.3,3.73,15.2,16.7,-13.1,-30.1,8.2,225.1147,369.5954,338.289398193359,76.1021575927734,10717.61,35508.0,14502.6875,4754.5751953125
2023-05-01,3.57,2.342273,2.69,0.848,3.0317,5.93,2.539,2.32386,3.20585,5.15,3.366435,2.98,1.45,3.366435,6.9,3.396137,3.50124,3.366435,5.06,3.046309,2.9,0.95,3.046309,6.74,2.9,3.046309,6.994458,0.8974174,4.176574,6.848139,10.43714,0.9211296,114.0428,101.3061,92.5325,98.1107,104.8724,112.6485,98.8132,88.2748,104.5942,0.606973886,0.7,-0.164982327,-0.412674494,-0.677086607,0.055969241,-0.516390525,0.032983,0.475482082,102.1006,95.87629,125.6208,148.5297,138.9038,108.0043,105.5869,110.664,99.57507,101.0,129.4919,150.4886,150.2139,110.9489,180.0989,112.7625,108.0988,131.0379,116.605,98.83607,99.41214,100.5971,98.53922,100.2262,97.9241,99.71527,98.75964,98.43695,100.0766,100.2548,99.84877,99.97958,99.35429,99.84174,97.29601,98.92608,94.16945,97.05835,97.2777,99.9597,98.62466,96.14291,97.71413,98.2598,98.3056,98.64022,0.1,-0.2,0.2,0.1,0.2,-1.5,0.1,0.0,-0.8,-0.2,0.1,0.3,0.4,-1.6,0.5,0.2,0.1,-0.1,-0.1,0.5,0.0,-6.9,-3.3,-0.3,3.7,2.9,4.8,2.8,4.8,7.3,6.0,-5.4,4.53,24.7,16.9,-11.4,-24.9,12.7,225.1147,369.5954,338.289398193359,76.1021575927734,10717.61,35508.0,14502.6875,4754.5751953125
2023-04-01,3.46,2.359444,2.78,1.08,3.0285,6.07,2.597,2.37289,3.192881,5.03,3.167,2.89,1.45,3.167,6.9,3.281571,3.41356,3.167,4.83,2.899081,2.9,0.9,2.899081,6.59,2.71,2.899081,6.888574,0.898385,4.233235,6.79514,10.34338,0.9120525,113.4041,101.7844,93.68188,97.27615,105.0635,110.4253,100.2946,88.04271,105.3088,0.606973886,0.7,-0.164982327,-0.412674494,-0.677086607,0.055969241,-0.516390525,0.032983,0.475482082,102.3417,95.19975,125.4997,147.1621,134.7643,108.4312,105.6505,110.3213,99.68135,99.7,128.005,150.7678,145.8138,110.9489,178.1707,112.7625,111.4602,133.0448,115.8284,98.76765,99.57209,100.2842,98.56801,100.6105,98.57623,100.031,99.26833,98.53496,99.4317,100.4111,100.2263,100.3831,99.45024,100.0479,97.29537,98.83799,94.67516,97.00397,97.25142,99.17719,98.23502,95.64929,97.41394,98.05437,98.12364,98.32528,0.6,0.6,0.3,0.8,0.8,0.3,0.2,0.6,0.4,0.5,0.9,0.9,0.9,0.6,0.0,0.5,-0.1,0.2,-0.1,1.0,0.2,-1.4,-1.0,-0.5,3.4,2.9,5.1,2.7,5.0,7.1,6.0,0.8,3.89,24.0,18.0,-15.1,-35.8,15.9,225.1147,369.5954,338.289398193359,76.1021575927734,10717.61,35508.0,14502.6875,4754.5751953125
2023-03-01,3.66,2.383478,2.85,1.227,3.0597,6.14,2.551,2.35278,3.232757,4.91,2.910565,3.05,1.363823,2.910565,6.89,3.072757,3.24887,2.910565,4.65,2.508364,2.9,0.6,2.508364,6.56,2.43,2.508364,6.896839,0.9255522,4.383657,6.95547,10.47417,0.9336561,114.3241,101.2675,94.7117,96.5875,104.5315,107.7269,99.82615,88.63907,103.6467,0.692043793,1.8,0.267256182,-0.635118588,0.868219402,1.818307832,0.544932598,0.072147,0.483345101,101.9354,96.16624,133.7371,148.94,137.9839,106.6169,105.735,111.0778,99.01751,100.5,139.0335,152.1638,149.8472,109.1106,175.888,110.2311,112.5958,134.5794,116.4941,98.73559,99.65089,99.91222,98.606,100.8927,99.43977,100.3908,99.73371,98.66697,99.00362,100.6784,100.5487,100.7182,99.53347,100.2025,97.38632,98.60547,95.37404,96.90224,97.24303,98.55378,97.82049,95.10404,97.07957,97.81118,97.92207,97.89552,0.2,1.1,0.0,0.6,1.1,-0.2,0.5,0.9,0.2,0.4,0.2,0.2,1.2,0.1,1.3,0.5,-0.4,0.2,-0.1,-1.2,0.1,-1.1,-0.3,-0.9,3.5,2.9,4.6,2.7,4.8,7.1,6.0,7.9,15.96,37.1,21.5,-11.5,-20.2,21.4,225.1147,369.5954,338.289398193359,76.1021575927734,10717.61,35508.0,14502.6875,4754.5751953125
2023-02-01,3.75,2.3705,2.9,1.446,3.0437,6.18,2.545,2.366,3.222995,4.74,2.64035,2.94,1.0,2.64035,6.94,2.855665,3.0353,2.64035,4.57,2.200642,2.9,0.45,2.200642,6.61,2.16,2.200642,6.835505,0.92429,4.42683,6.94864,10.43161,0.934222,113.7024,100.5587,95.07514,96.90017,104.3909,105.4968,100.2781,88.63863,102.7517,0.692043793,1.8,0.267256182,-0.635118588,0.868219402,1.818307832,0.544932598,0.072147,0.483345101,101.9215,98.09923,131.4355,149.8974,141.5485,112.1665,105.7477,111.5447,99.64263,102.7,138.0421,153.141,155.3473,115.5988,174.1117,112.4173,107.2031,135.4058,117.6036,98.74138,99.63881,99.49545,98.69294,101.1062,99.50855,100.6839,99.97281,98.65227,98.74421,100.8582,100.7466,100.9113,99.57455,100.2122,97.49596,98.35355,95.52802,96.63206,97.15314,98.323,97.46924,94.70317,96.77767,97.5699,97.75957,97.53368,0.5,1.0,0.5,0.8,1.1,0.8,1.0,0.8,0.7,0.7,1.0,1.0,0.3,1.0,2.1,0.8,-0.1,0.1,0.0,-0.2,0.8,-1.2,-2.7,-0.4,3.6,3.0,5.0,2.7,5.4,7.7,6.0,15.6,27.2,47.0,23.7,-12.6,-10.7,25.5,225.1147,369.5954,338.289398193359,76.1021575927734,10717.61,35508.0,14502.6875,4754.5751953125
2023-01-01,3.53,2.192727,2.9,1.257,2.8076,6.02,2.433,2.083,3.044199,4.61,2.344864,2.9,0.9869047,2.344864,6.95,2.619704,2.65695,2.344864,4.33,1.901312,2.9,0.45,1.901312,6.58,1.85,1.901312,6.7953,0.9241046,4.357527,6.907946,10.37999,0.9285232,113.1221,100.257,95.84409,96.21648,104.1497,105.64,99.78172,87.94655,102.2767,0.692043793,1.8,0.267256182,-0.635118588,0.868219402,1.818307832,0.544932598,0.072147,0.483345101,101.8693,95.97294,130.8298,150.3077,135.5692,110.9925,105.2235,111.2658,99.69253,100.2,138.0421,152.3034,147.0361,113.4361,172.9795,112.0721,108.6865,136.2322,116.2722,98.76514,99.54541,99.06521,98.78338,101.2277,98.49135,100.9175,99.80354,98.52754,98.65186,100.9367,100.7998,100.9482,99.58413,100.1576,97.38251,97.91344,95.07313,96.09335,96.91122,98.30869,97.11449,94.30878,96.36027,97.2072,97.51398,97.13575,0.8,0.5,0.7,0.9,2.0,0.5,-1.8,0.2,1.2,0.7,-0.7,1.2,1.4,-0.5,-0.8,0.5,1.2,4.5,2.4,5.7,6.5,-0.4,-11.0,0.4,3.4,3.0,5.2,2.7,4.4,7.3,6.1,24.1,31.3,48.0,26.0,-8.9,-10.4,33.7,225.1147,369.5954,338.289398193359,76.1021575927734,10717.61,35508.0,14502.6875,4754.5751953125
2022-12-01,3.62,2.085238,2.84,1.565,2.74,6.61,2.285,1.97433,3.000159,4.51,2.063476,2.79,0.736349,2.063476,7.02,2.332543,2.02062,2.063476,4.1,1.503965,2.9,0.24,1.503965,6.58,1.55,1.503965,6.982929,0.9320545,4.422373,7.023195,10.38042,0.9445572,115.176,99.66225,94.66082,96.67272,104.1621,103.7267,99.33768,90.7208,102.3875,0.827827925,0.8,0.102036585,-0.021571853,-1.532694682,-0.635171536,-0.639664586,-0.169182,0.328274952,100.9562,94.42654,132.2835,151.9489,139.4787,107.4706,105.0504,110.6038,97.91096,98.4,139.0335,155.0954,151.6806,112.0303,172.092,103.9026,95.98409,126.1977,112.8328,98.80082,99.40902,98.6611,98.92601,101.2441,97.34244,101.0822,99.53821,98.34068,98.67445,101.1026,100.7262,100.85,99.57207,99.98834,97.10171,97.36307,94.41096,95.46199,96.54846,98.07416,96.66226,94.00775,95.801,96.73369,97.20808,96.73416,-0.6,-1.2,-0.2,-0.3,0.2,-0.7,2.1,-0.2,0.2,0.6,0.2,-0.3,0.4,1.0,1.5,0.7,0.7,-5.4,-0.2,-3.2,-1.5,-2.0,10.2,-2.2,3.5,3.0,4.9,2.8,4.8,7.5,6.1,27.9,30.45,55.5,28.9,-10.5,-5.4,36.8,224.0679,356.4581,336.050567626953,75.1089096069336,10561.09,34893.36,14261.75,4719.125
2022-11-01,3.89,2.066364,2.89,1.055,2.7031,7.24,2.378,2.00986,2.934114,4.46,1.825227,2.68,0.54,1.825227,7.28,2.090605,1.67914,1.825227,3.78,1.26662,2.9,-0.05,1.26662,6.67,1.38,1.26662,7.18082,0.9659091,4.61485,7.295255,10.67112,0.9800927,117.8827,99.65292,94.61588,96.30077,103.6168,102.1457,99.3426,89.38474,100.9515,0.827827925,0.8,0.102036585,-0.021571853,-1.532694682,-0.635171536,-0.639664586,-0.169182,0.328274952,102.2244,96.74613,129.4973,152.0857,131.5446,110.7791,105.835,111.2548,99.73325,101.0,134.9442,155.933,140.5582,113.6523,171.2885,110.8064,94.37437,129.9754,115.6065,98.86188,99.29134,98.32452,99.10664,101.2545,97.13861,101.1603,99.47015,98.15273,98.81954,101.2873,100.6754,100.7856,99.61758,99.89304,96.88512,96.79372,93.91013,94.98576,96.25204,97.77333,96.20385,93.76968,95.13201,96.15529,96.93453,96.32142,-0.3,0.0,-0.1,0.2,0.7,-1.1,0.8,0.1,-0.5,0.5,0.5,-0.1,1.4,-0.3,0.5,0.6,0.1,0.4,0.0,-0.5,0.4,-3.6,5.5,-0.6,3.6,3.1,5.2,2.9,4.8,7.2,6.1,38.4,30.86,61.2,31.0,-10.5,-3.5,42.7,224.0679,356.4581,336.050567626953,75.1089096069336,10561.09,34893.36,14261.75,4719.125
2022-10-01,3.98,2.186667,2.64,1.12,2.9161,7.82,2.599,2.19704,3.185012,3.85,1.427667,2.43,0.52875,1.427667,7.51,1.801281,1.60286,1.427667,3.08,0.6553786,2.9,-0.06,0.6553786,6.64,0.81,0.6553786,7.225113,0.9956667,4.889443,7.571671,11.12899,1.016271,120.5572,98.94092,96.8652,96.41139,103.3834,98.73125,99.77081,87.61114,100.0255,0.827827925,0.8,0.102036585,-0.021571853,-1.532694682,-0.635171536,-0.639664586,-0.169182,0.328274952,102.5599,95.77964,130.3452,148.8033,127.0602,110.5656,105.8082,110.773,100.448,100.2,135.316,153.5598,137.0136,113.2198,170.7897,111.3817,95.18182,126.1977,115.1627,98.95854,99.2606,98.08466,99.32743,101.3127,97.57423,101.2853,99.62293,98.07751,99.11391,101.5498,100.7518,100.8518,99.7412,99.93269,96.82143,96.36031,93.77848,94.87315,95.9941,97.58924,95.87882,93.56388,94.48836,95.58459,96.75169,95.9184,0.3,1.1,0.1,1.2,1.6,1.3,-0.2,1.4,0.1,1.0,0.0,2.5,1.1,1.2,1.1,1.0,0.1,2.5,0.9,0.5,1.9,2.0,-8.8,3.0,3.6,3.1,4.7,3.0,4.5,7.8,6.1,43.4,29.82,63.0,31.6,-10.2,-2.9,44.8,224.0679,356.4581,336.050567626953,75.1089096069336,10561.09,34893.36,14261.75,4719.125
2022-09-01,3.52,1.795455,2.76,1.163,2.4592,6.28,2.2,2.07702,2.813752,3.21,1.010864,2.36,0.1475,1.010864,7.21,1.344845,1.50959,1.010864,2.56,0.2545841,2.9,-0.1,0.2545841,6.68,0.54,0.2545841,7.03022,0.9729409,4.788236,7.510832,10.88084,1.01043,118.7036,98.54645,97.74405,98.88548,102.8515,98.72266,99.06593,89.27262,98.15988,0.673208201,4.0,0.254640176,-0.064314954,0.521549216,0.348750633,0.226096885,0.543854,0.496568812,102.6476,96.84278,131.5566,151.2651,133.7294,112.4867,106.5544,112.1457,100.3618,100.7,137.0508,154.2578,143.736,114.3012,171.3678,109.5407,95.13044,120.8854,114.1642,99.08558,99.3511,97.94363,99.55944,101.4871,98.02116,101.5051,99.98495,98.12591,99.63673,102.0192,100.9607,101.0253,99.92112,100.0823,96.70863,96.27344,93.80108,95.02682,95.81111,97.60621,96.02863,93.80785,94.22783,95.34572,96.65154,95.72486,0.0,2.2,-0.2,2.5,1.5,1.5,1.2,1.2,0.6,0.7,0.2,0.7,1.6,2.2,2.0,0.9,0.8,1.8,-0.2,8.6,2.6,7.2,3.7,2.2,3.5,3.1,5.1,3.0,4.5,7.0,6.1,41.8,25.99,54.2,31.4,-11.6,14.5,42.2,224.0679,356.4581,336.050567626953,75.1089096069336,10561.09,34893.36,14261.75,4719.125
2022-08-01,2.9,1.034348,2.62,0.786,1.6802,5.8,1.375,1.60696,2.058223,2.76,0.3947391,2.5,-0.02454546,0.3947391,7.11,0.6946391,1.13165,0.3947391,2.33,-0.09465218,2.9,-0.2,-0.09465218,6.5,0.04,-0.09465218,6.802174,0.9569783,4.660443,7.345987,10.37685,0.9870731,116.0408,97.56553,98.15646,99.19396,102.4416,98.54505,98.34361,90.88702,97.98058,0.673208201,4.0,0.254640176,-0.064314954,0.521549216,0.348750633,0.226096885,0.543854,0.496568812,102.2884,94.90979,128.407,150.718,130.3948,111.3127,106.4213,111.6667,100.133,98.3,134.2007,153.2806,140.8026,112.571,171.4643,110.001,102.7232,128.2046,114.497,99.25039,99.55598,97.88869,99.78799,101.7909,98.12037,101.8571,100.4398,98.37926,100.0469,102.5902,101.2784,101.3027,100.187,100.4264,96.49386,96.55946,93.82605,95.36863,95.78886,97.85104,96.34309,94.49475,94.40762,95.48659,96.62566,95.80273,-0.3,0.4,0.3,-0.1,0.8,0.0,1.6,0.7,0.6,0.4,0.8,0.7,1.3,0.1,1.9,0.9,1.0,1.1,0.3,1.4,2.6,1.2,9.0,2.5,3.6,3.0,5.0,3.0,4.5,6.9,6.1,35.4,25.99,62.8,32.4,-9.1,9.9,38.5,224.0679,356.4581,336.050567626953,75.1089096069336,10561.09,34893.36,14261.75,4719.125
2022-07-01,2.9,1.081905,2.756,0.52,1.7014,6.37,1.586,1.53262,2.092511,2.5,0.03661905,2.79,-0.11,0.03661905,7.01,0.2804762,0.7801,0.03661905,1.68,-0.5710643,2.9,-0.26,-0.5710643,6.43,-0.35,-0.5710643,6.735365,0.9695619,4.686724,7.312657,10.38347,0.9822438,116.5574,98.14057,99.74783,97.84333,103.1655,97.25736,99.25269,89.61072,98.29232,0.673208201,4.0,0.254640176,-0.064314954,0.521549216,0.348750633,0.226096885,0.543854,0.496568812,102.1696,95.97294,123.9249,149.6239,126.4852,108.8581,105.9486,110.6533,99.89112,99.2,127.0136,152.7222,134.3247,109.9757,172.4072,110.5763,85.18375,128.0866,113.9423,99.46284,99.84644,97.91487,99.95818,102.1365,98.10555,102.1987,101.0371,98.74461,100.0585,103.019,101.6306,101.6387,100.482,100.8716,96.23341,96.89727,93.85091,95.89838,95.97237,98.25562,96.42182,95.21246,94.63295,95.68348,96.61279,95.91872,-0.2,0.8,0.1,0.6,0.4,1.2,-0.2,0.2,0.4,0.8,-0.4,0.5,0.4,0.6,-1.2,0.2,0.3,1.2,0.3,2.7,1.4,1.7,-2.6,1.4,3.5,3.0,4.5,2.9,4.6,7.3,6.1,40.6,23.68,65.4,34.5,-10.8,19.6,42.4,224.0679,356.4581,336.050567626953,75.1089096069336,10561.09,34893.36,14261.75,4719.125
2022-06-01,3.14,1.445,2.8205,1.149,2.0707,7.14,1.835,1.86309,2.437313,1.87,-0.2392273,2.76,-0.5085714,-0.2392273,7.05,0.01428571,0.5147,-0.2392273,1.21,-0.5826241,2.9,-0.26,-0.5826241,5.72,-0.43,-0.5826241,6.69609,0.9691318,4.389095,7.041491,10.01667,0.9465078,114.7866,99.04914,98.01247,95.44131,103.1548,100.8909,99.323,90.52615,99.75221,0.070179443,-2.1,1.031982352,2.824342655,-1.063349514,-0.069800992,0.976045295,0.756267,0.599230481,101.9434,96.26289,129.8607,150.3077,133.2695,109.9253,106.3435,111.8021,99.84122,99.6,135.1921,152.3034,143.3693,112.2466,171.7117,112.5324,90.48991,128.6768,115.1627,99.73762,100.1899,98.01019,100.1679,102.4299,98.10463,102.4127,101.5373,99.1677,100.2425,103.313,101.9507,101.9499,100.8026,101.3197,96.26046,97.37116,93.94316,96.56433,96.5247,98.55502,96.51633,96.03463,95.11292,96.10297,96.80981,96.17205,1.6,-0.1,0.5,1.2,1.4,0.9,1.3,0.9,0.5,0.9,0.2,0.7,0.9,0.8,1.7,0.8,2.0,1.2,0.4,1.0,1.9,0.1,2.0,1.1,3.6,3.0,4.4,2.8,4.3,7.4,6.1,45.8,23.32,66.8,38.4,4.3,36.4,45.9,224.0679,356.4581,336.050567626953,75.1089096069336,10561.09,34893.36,14261.75,4719.125
2022-05-01,2.9,0.9527273,2.7426,0.779,1.5363,6.64,1.298,1.76563,1.874183,1.33,-0.3857273,2.81,-0.685,-0.3857273,6.59,-0.1533368,0.31314,-0.3857273,0.77,-0.5847414,2.9,-0.8,-0.5847414,5.06,-0.42,-0.5847414,6.71745,0.9794636,4.3965,7.036755,9.925323,0.9453386,113.5162,99.91364,98.21548,94.47533,102.4235,100.0542,99.20544,90.46005,100.0814,0.070179443,-2.1,1.031982352,2.824342655,-1.063349514,-0.069800992,0.976045295,0.756267,0.599230481,102.0857,95.39304,126.8322,152.0857,130.6248,110.2455,105.72,111.9131,100.1749,98.7,130.855,154.2578,140.3137,112.3547,172.8328,112.1872,88.7779,132.2184,115.8284,100.0578,100.5436,98.15239,100.4532,102.5887,97.81214,102.4716,101.8137,99.46406,100.7675,103.6133,102.1611,102.1156,101.0855,101.6407,96.65789,97.80599,94.46053,97.36726,97.04862,98.63811,96.78074,96.75039,95.68009,96.56438,97.18239,96.53407,1.3,1.1,0.6,0.7,1.6,1.1,1.1,1.0,0.5,1.0,-0.2,1.6,1.5,1.7,1.9,1.1,1.6,1.3,0.5,-0.2,2.5,-1.0,1.1,0.7,3.6,3.0,4.6,2.8,4.1,7.8,6.2,55.1,20.88,78.5,41.5,4.1,43.6,49.3,224.0679,356.4581,336.050567626953,75.1089096069336,10561.09,34893.36,14261.75,4719.125
2022-04-01,2.75,0.7463158,2.8386,0.824,1.2857,5.96,1.04,1.47152,1.568248,0.91,-0.4478947,2.99,-0.6725,-0.4478947,6.05,-0.2107333,-0.098526,-0.4478947,0.33,-0.5837074,2.9,-0.7,-0.5837074,4.2,-0.41,-0.5837074,6.433521,0.9430905,4.294933,6.878281,9.531191,0.9258667,110.497,99.55517,101.6278,96.45258,102.5266,99.94662,99.06371,91.4734,100.5484,0.070179443,-2.1,1.031982352,2.824342655,-1.063349514,-0.069800992,0.976045295,0.756267,0.599230481,102.0228,94.71649,126.3477,152.6328,125.4504,108.2177,106.1941,111.4333,100.3972,97.6,128.9963,154.2578,133.8358,109.3268,171.7219,111.957,91.04008,129.031,115.2737,100.3701,100.8971,98.3349,100.6674,102.7286,97.51744,102.5237,102.1843,99.55859,101.305,103.7872,102.3954,102.3209,101.2749,101.8659,97.05498,98.27448,96.23122,98.32835,97.58693,98.79936,97.29923,97.43605,96.30586,97.03944,97.55949,96.98167,0.6,0.7,0.4,0.6,1.8,1.8,0.6,0.8,0.5,0.9,1.5,0.7,1.3,0.3,0.8,1.0,0.7,0.1,0.5,0.1,2.0,4.5,-1.2,-0.1,3.7,3.0,4.4,2.8,4.0,7.8,6.2,59.3,23.46,82.1,42.2,7.3,36.0,51.6,224.0679,356.4581,336.050567626953,75.1089096069336,10561.09,34893.36,14261.75,4719.125
2022-03-01,2.13,0.2817391,2.7878,0.677,0.7207,4.83,0.565,0.82046,1.054173,0.73,-0.4954348,3.17,-0.6821743,-0.4954348,4.77,-0.2436364,-0.22491,-0.4954348,0.2,-0.5777031,2.9,-0.8,-0.5777031,3.16,-0.4,-0.5777031,6.344891,0.9297,4.315365,6.7526,9.571517,0.9073148,109.9606,101.1683,103.0764,96.96341,104.1056,98.3241,99.69348,90.16034,104.6919,-0.257454468,0.4,0.105403721,0.280217484,3.232878144,-2.565924811,-1.223368314,0.559307,0.221037315,101.7955,92.88016,126.7111,154.0005,128.325,108.111,105.8829,110.4775,100.4355,95.8,131.1028,152.7222,137.8692,109.6513,168.1793,114.8336,91.67709,137.0585,116.605,100.627,101.2628,98.54764,100.8613,102.9346,97.88358,102.6444,102.4867,99.60657,101.3954,103.9908,102.7467,102.6486,101.466,102.152,97.21734,99.00869,99.4644,99.31998,98.21806,99.00244,98.2077,98.16012,97.3914,97.91521,97.95741,97.7161,1.6,2.5,0.5,2.3,2.9,0.7,1.9,2.4,0.7,0.6,1.3,1.4,0.6,-0.1,1.6,0.7,0.8,3.7,0.4,1.8,3.0,0.3,3.8,3.7,3.6,3.1,4.5,2.8,4.1,7.6,6.2,54.1,19.56,67.0,39.2,3.5,31.9,43.5,224.0679,356.4581,336.050567626953,75.1089096069336,10561.09,34893.36,14261.75,4719.125
2022-02-01,1.93,0.15,2.775,0.263,0.5391,3.95,0.458,0.60603,0.9442146,0.38,-0.5315,3.2,-0.684792,-0.5315,3.65,-0.27,-0.1435,-0.5315,0.08,-0.576333,2.9,-0.86,-0.576333,2.43,-0.5,-0.576333,6.341373,0.922685,4.013855,6.560795,9.29104,0.881508,108.3115,100.4512,102.1586,96.08567,103.1747,100.1069,100.4142,90.24252,103.2071,-0.257454468,0.4,0.105403721,0.280217484,3.232878144,-2.565924811,-1.223368314,0.559307,0.221037315,100.9752,97.71263,130.3452,151.1283,123.6106,109.4984,106.1097,111.9704,99.49583,100.7,136.803,154.3974,130.7802,111.5977,165.8629,113.1077,101.01,128.5588,116.0503,100.8216,101.6266,98.77728,101.0248,103.2499,98.35858,102.784,102.6392,99.82543,101.4079,104.1552,103.2205,103.0978,101.6751,102.4964,97.44923,99.87385,101.9523,100.1696,99.0979,99.12734,99.33778,99.19187,99.00456,99.2682,98.50312,98.70899,1.1,0.9,0.6,1.3,0.0,0.9,0.9,0.9,0.8,1.0,1.5,1.8,0.8,3.3,1.8,1.0,0.4,1.1,0.4,3.4,0.2,-0.9,-1.6,1.0,3.8,3.1,4.8,2.8,4.4,7.3,6.2,43.8,15.02,68.5,36.6,4.0,30.5,36.1,224.0679,356.4581,336.050567626953,75.1089096069336,10561.09,34893.36,14261.75,4719.125
2022-01-01,1.76,-0.1147619,2.6997,0.045,0.1813,4.0,0.114,0.36028,0.5339646,0.22,-0.5601429,3.32,-0.714191,-0.5601429,3.02,-0.2947762,-0.16025,-0.5601429,0.08,-0.5794657,2.9,-0.8,-0.5794657,1.96,-0.51,-0.5794657,6.35595,0.9187,4.021143,6.576943,9.134967,0.8833867,108.1164,100.3288,101.9918,96.80977,102.6192,101.0428,99.79861,91.85393,102.8665,-0.257454468,0.4,0.105403721,0.280217484,3.232878144,-2.565924811,-1.223368314,0.559307,0.221037315,100.3494,97.51933,125.2574,148.94,121.0809,109.4984,105.5368,111.1582,98.61552,101.0,129.9876,152.1638,128.4579,111.1652,162.0639,114.4884,100.6049,137.0585,115.2737,100.9543,101.9389,99.00864,101.1367,103.4347,98.60712,102.8551,102.7883,100.1031,101.7012,104.2637,103.5089,103.3873,101.8275,102.7261,97.7494,100.3844,103.0562,100.7331,99.6068,99.21627,100.0196,99.98794,100.0347,100.128,98.96721,99.39513,1.0,0.9,0.2,0.0,1.5,1.6,-0.6,0.5,1.8,0.7,-0.2,0.6,1.5,1.0,1.9,0.6,1.4,3.4,1.2,1.4,4.5,5.0,-3.4,3.5,4.0,3.2,4.7,2.9,4.9,8.1,6.3,42.7,11.96,62.0,36.8,5.0,32.4,35.1,224.0679,356.4581,336.050567626953,75.1089096069336,10561.09,34893.36,14261.75,4719.125
2021-12-01,1.47,-0.3842857,2.7754,-0.127,-0.0455,3.33,-0.082,0.13796,0.279098,0.17,-0.5819565,3.08,-0.7174565,-0.5819565,2.54,-0.2728667,-0.38467,-0.5819565,0.08,-0.5763721,2.9,-0.9,-0.5763721,1.39,-0.41,-0.5763721,6.367165,0.9209348,4.084509,6.578561,9.09043,0.8848417,108.5934,101.2679,102.1497,97.43816,103.9942,98.73328,99.28594,94.03402,103.8,1.803158911,1.8,0.410744831,0.037202002,2.023351588,2.875692573,2.28220375,0.930044,1.505079122,100.3298,97.61598,122.3501,147.8459,118.2062,109.4984,105.6548,111.6567,99.18127,101.1,126.2701,146.4402,124.5468,113.0035,157.3151,114.0282,104.1322,121.0034,112.3891,101.0412,102.2009,99.23785,101.3121,103.4829,98.63475,102.8488,103.0059,100.393,102.2192,104.3856,103.6641,103.5544,101.9684,102.8486,97.97883,100.6283,103.2068,101.1098,99.92681,99.49168,100.39,100.6854,100.6294,100.606,99.30202,99.81289,0.3,0.3,0.0,0.3,0.9,-0.6,1.4,0.5,1.1,0.5,0.3,-0.6,0.3,0.2,0.6,0.4,0.3,0.1,-0.1,0.6,0.8,0.2,7.0,1.0,3.9,3.2,4.9,2.9,4.5,8.0,6.4,43.8,12.01,62.7,34.2,6.9,32.6,35.3,219.543,345.8282,329.137878417969,73.8129730224609,10494.09,34828.41,14115.9658203125,4963.06787109375
2021-11-01,1.56,-0.3136364,2.825,-0.234,-0.0088,3.12,0.006,0.26672,0.3123451,0.14,-0.5673636,2.94,-0.6939609,-0.5673636,2.06,-0.2752381,-0.34709,-0.5673636,0.08,-0.5732373,2.9,-0.8,-0.5732373,0.91,-0.46,-0.5732373,6.39007,0.9218773,4.069441,6.516805,8.801168,0.8767496,107.7452,101.5209,101.7031,96.92627,103.7167,97.61143,99.96628,95.30904,103.7554,1.803158911,1.8,0.410744831,0.037202002,2.023351588,2.875692573,2.28220375,0.930044,1.505079122,100.4027,96.45618,127.8013,147.2988,120.161,107.7908,105.2952,111.2661,99.1187,99.8,131.2268,147.6966,127.4801,108.678,154.7045,115.1788,114.1196,125.4894,113.3876,101.0916,102.4325,99.47759,101.513,103.4487,98.45373,102.7892,103.0911,100.5097,102.5362,104.3551,103.7056,103.6282,102.0619,102.8603,98.07782,100.91,103.0731,101.3915,100.3111,99.87949,100.7311,101.174,101.1304,101.0079,99.54202,100.1813,0.5,0.3,-0.1,0.5,0.9,0.4,0.6,0.5,0.5,0.4,-0.1,0.4,0.2,-1.1,0.2,0.4,0.3,0.5,0.2,0.7,2.1,1.0,2.7,1.1,4.1,3.3,5.1,2.9,4.2,8.4,6.5,43.5,11.62,61.4,33.8,7.4,24.4,38.2,219.543,345.8282,329.137878417969,73.8129730224609,10494.09,34828.41,14115.9658203125,4963.06787109375
2021-10-01,1.58,-0.2042857,2.9732,-0.046,0.0837,2.63,0.097,0.38059,0.3522538,0.11,-0.5498095,2.72,-0.7266924,-0.5498095,0.74,-0.2763429,-0.21338,-0.5498095,0.08,-0.5704129,2.9,-0.8,-0.5704129,0.23,-0.48,-0.5704129,6.411353,0.9235857,3.960048,6.412843,8.672719,0.8620081,107.0071,102.1459,100.7525,95.90448,103.5747,98.36027,100.2583,95.25024,104.3788,1.803158911,1.8,0.410744831,0.037202002,2.023351588,2.875692573,2.28220375,0.930044,1.505079122,99.49635,95.68299,117.9891,139.6398,119.0111,106.4034,103.8028,109.5464,98.2381,98.7,120.4461,142.1126,126.0134,107.3804,150.8832,114.3734,99.88901,121.4757,112.8328,101.1233,102.6321,99.75266,101.5946,103.4806,98.22663,102.7062,103.0843,100.5264,102.658,104.2856,103.6946,103.6677,102.0635,102.8147,98.23624,101.1992,102.9487,101.598,100.6953,100.3257,101.2216,101.6088,101.6848,101.439,99.76775,100.6045,0.9,0.5,0.4,0.7,1.0,1.0,0.2,0.9,1.0,0.3,0.0,-0.2,1.9,0.8,-0.1,0.5,0.9,1.1,0.8,1.0,2.2,2.5,-2.2,2.2,4.5,3.3,5.6,3.0,4.8,8.4,6.6,37.7,7.06,55.3,30.7,5.8,27.0,33.1,219.543,345.8282,329.137878417969,73.8129730224609,10494.09,34828.41,14115.9658203125,4963.06787109375
2021-09-01,1.37,-0.3627273,2.8776,-0.166,-0.076,1.87,-0.013,0.26964,0.1966503,0.1,-0.5450454,2.77,-0.82,-0.5450454,0.23,-0.21425,-0.17082,-0.5450454,0.08,-0.5693604,2.9,-0.8,-0.5693604,0.1,-0.35,-0.5693604,6.456194,0.9223545,3.879745,6.317909,8.638827,0.8496259,106.2071,102.8396,99.15788,95.47643,103.786,98.95804,100.5703,95.15647,105.1583,0.852849396,0.6,2.335050722,3.625175235,2.05566227,2.209658392,0.478198997,1.811897,1.193684996,98.14925,92.30025,119.3216,137.4516,117.0563,105.7631,102.3113,108.7454,96.86839,94.7,123.9157,140.0186,124.7912,106.6234,149.4602,114.1433,104.3141,119.8229,112.2781,101.1619,102.7783,100.0838,101.5924,103.5508,98.27616,102.6048,103.1326,100.4866,102.4372,104.1342,103.6297,103.651,102.0375,102.8049,98.41837,101.3492,102.8037,101.7072,100.9624,100.6533,101.5757,101.9478,102.0524,101.7371,99.94861,100.9631,0.2,0.3,0.0,0.9,0.7,0.4,0.5,0.5,1.0,0.4,0.9,0.5,0.9,1.4,0.4,0.4,0.6,0.4,0.2,0.4,0.8,0.4,2.4,0.8,4.7,3.4,5.0,3.0,4.8,8.9,6.7,30.0,10.24,62.6,26.8,5.6,25.2,24.8,219.543,345.8282,329.137878417969,73.8129730224609,10494.09,34828.41,14115.9658203125,4963.06787109375
2021-08-01,1.28,-0.5386364,2.845,-0.347,-0.225,1.6,-0.156,0.11013,0.05978104,0.1,-0.5475909,2.86,-0.7381818,-0.5475909,0.22,-0.21,-0.16214,-0.5475909,0.09,-0.5681,2.9,-0.8,-0.5681,0.1,-0.4,-0.5681,6.476127,0.9142364,3.881896,6.317677,8.677695,0.8498136,106.1575,102.7875,99.22881,96.48623,103.4981,98.52241,100.7858,94.64445,105.3134,0.852849396,0.6,2.335050722,3.625175235,2.05566227,2.209658392,0.478198997,1.811897,1.193684996,99.18602,91.81701,120.8964,136.2207,116.4814,105.3362,103.3733,108.6993,97.78263,94.5,124.4114,138.9018,122.9578,106.0827,149.2077,112.9926,111.2675,120.6493,110.503,101.2201,102.8397,100.4708,101.5524,103.5293,98.54178,102.4635,103.2963,100.5101,102.3077,104.0106,103.5415,103.5856,101.9997,102.8042,98.70995,101.3074,102.5996,101.6227,101.1719,100.7901,101.5682,102.1744,102.1846,101.8485,100.1095,101.1701,0.2,0.1,0.2,0.0,0.3,-0.3,0.5,0.3,0.9,0.3,-0.1,0.0,-0.5,-1.4,1.2,0.3,0.5,0.1,0.1,0.3,0.8,0.5,1.2,0.5,5.1,3.4,5.8,3.1,5.1,8.9,6.9,35.1,7.68,62.8,24.2,2.5,16.7,28.0,219.543,345.8282,329.137878417969,73.8129730224609,10494.09,34828.41,14115.9658203125,4963.06787109375
2021-07-01,1.32,-0.4513636,2.8363,-0.373,-0.1302,1.61,-0.05,0.1808,0.1640485,0.1,-0.5448182,2.82,-0.7361364,-0.5448182,0.21,-0.21,-0.15514,-0.5448182,0.1,-0.5665223,2.9,-0.85,-0.5665223,0.11,-0.39,-0.5665223,6.47471,0.9180455,3.860227,6.291214,8.6278,0.8456845,105.9076,103.3193,99.10669,95.74565,103.8739,98.79197,101.354,94.62262,105.7646,0.852849396,0.6,2.335050722,3.625175235,2.05566227,2.209658392,0.478198997,1.811897,1.193684996,99.2114,96.74613,122.7135,136.631,117.6313,107.8975,104.0783,109.7848,98.05577,100.5,124.7831,139.0414,127.1135,109.435,148.7335,114.4884,120.1051,119.5868,111.3905,101.2914,102.7926,100.8896,101.5993,103.4056,98.8726,102.3808,103.368,100.6117,102.3636,103.7926,103.3907,103.4311,101.9741,102.7711,99.26535,101.2742,102.7069,101.2368,101.2078,100.8285,101.4934,102.3266,102.2685,101.9483,100.3451,101.2968,0.5,0.5,0.1,-0.1,0.4,0.8,0.3,0.0,-0.1,0.3,-0.7,-0.3,1.1,0.7,-0.3,-0.1,0.4,0.3,0.2,0.3,0.4,1.2,1.8,0.8,5.4,3.5,6.0,3.3,4.1,8.7,7.0,33.8,12.59,62.2,23.6,1.2,17.7,28.2,219.543,345.8282,329.137878417969,73.8129730224609,10494.09,34828.41,14115.9658203125,4963.06787109375
2021-06-01,1.52,-0.2886364,3.0778,-0.2,0.0229,1.78,0.106,0.36155,0.3038678,0.09,-0.5429091,2.93,-0.7377273,-0.5429091,0.21,-0.2103409,-0.15881,-0.5429091,0.08,-0.5641259,2.9,-0.9,-0.5641259,0.11,-0.38,-0.5641259,6.42449,0.9079182,3.736268,6.173473,8.394028,0.8300123,104.5023,103.2927,98.48692,95.64806,104.0359,100.3053,101.0275,95.59719,106.3161,1.570044874,1.4,2.466137066,4.62259476,2.558760022,4.08183787,0.704687955,2.203459,1.843584012,98.79648,95.00645,119.685,135.6736,110.7321,105.1227,103.7438,109.0012,97.23824,98.1,122.5527,138.483,117.0911,106.5153,146.787,116.2144,135.1802,120.6493,111.8343,101.3427,102.5931,101.3021,101.7325,103.1824,99.18981,102.3351,103.3414,100.629,102.3293,103.4889,103.0729,103.0901,101.8877,102.5584,99.72213,101.1089,103.1013,100.6892,101.0471,100.7663,101.441,102.4025,102.1485,101.8552,100.4424,101.2425,1.1,0.4,0.0,0.2,0.1,0.1,0.1,0.2,0.0,0.1,0.6,0.4,-0.2,0.3,-0.1,0.2,0.8,0.2,0.2,0.0,0.4,0.3,0.4,0.4,5.9,3.6,6.3,3.5,4.8,9.4,7.2,35.7,6.64,66.1,20.9,-0.9,8.8,24.3,219.543,345.8282,329.137878417969,73.8129730224609,10494.09,34828.41,14115.9658203125,4963.06787109375
2021-05-01,1.62,-0.2235,3.045,-0.134,0.0803,1.82,0.113,0.42118,0.3769678,0.1,-0.5400952,2.84,-0.735221,-0.5400952,0.21,-0.2090833,-0.1519,-0.5400952,0.06,-0.5647062,2.9,-0.85,-0.5647062,0.11,-0.32,-0.5647062,6.430894,0.9026428,3.728548,6.122376,8.349481,0.8229414,103.3591,103.6058,98.96581,95.82841,104.039,100.1474,101.4071,95.60934,107.0825,1.570044874,1.4,2.466137066,4.62259476,2.558760022,4.08183787,0.704687955,2.203459,1.843584012,98.33882,96.64948,120.8964,134.1691,113.6067,106.19,103.0048,109.1214,97.16759,99.9,122.9244,138.6226,121.98,107.3804,145.9234,116.6747,116.4281,120.1771,111.0577,101.3433,102.247,101.6691,101.8683,102.8929,99.41264,102.2472,102.8732,100.4882,102.1271,103.2315,102.6735,102.6373,101.7157,102.1736,99.92693,100.6518,103.3381,100.1386,100.7065,100.4685,101.371,102.3386,101.551,101.3216,100.2907,100.8824,1.0,0.3,0.2,0.2,0.4,0.3,0.2,0.3,1.4,0.0,-0.2,0.3,0.5,-0.1,0.3,0.2,0.4,0.2,0.4,0.1,0.4,0.2,0.8,0.2,5.8,3.8,6.7,3.7,5.1,9.1,7.3,30.2,1.78,59.5,17.0,-0.3,-3.1,17.2,219.543,345.8282,329.137878417969,73.8129730224609,10494.09,34828.41,14115.9658203125,4963.06787109375
2021-04-01,1.64,-0.325,3.164,-0.21,-0.0409,1.55,0.003,0.37016,0.2050652,0.11,-0.53815,2.82,-0.7285415,-0.53815,0.21,-0.2098167,-0.14671,-0.53815,0.07,-0.5660555,2.9,-0.85,-0.5660555,0.11,-0.31,-0.5660555,6.519138,0.9235591,3.819532,6.220209,8.508204,0.8360318,104.091,103.7196,98.90069,94.896,104.0994,99.25187,101.4544,95.3168,107.0998,1.570044874,1.4,2.466137066,4.62259476,2.558760022,4.08183787,0.704687955,2.203459,1.843584012,97.49113,97.90593,125.2574,133.6221,112.9168,107.8975,103.6564,109.9415,96.12811,101.2,127.2615,136.8078,118.8022,109.0024,144.7719,117.1349,105.7224,116.1633,111.0577,101.2737,101.8028,101.9644,101.9506,102.5788,99.56925,101.9328,102.1589,100.2368,101.8043,102.8867,102.2222,102.1182,101.47,101.6758,99.98423,100.1593,103.5196,99.69649,100.2327,99.93352,101.2268,102.0136,100.7196,100.6006,100.0482,100.4005,1.0,0.5,0.3,0.1,0.7,0.5,0.3,0.6,0.8,0.0,1.7,0.4,1.0,0.0,0.4,0.3,0.3,0.2,0.0,0.0,0.3,0.0,-0.6,0.4,6.1,3.8,7.2,3.8,5.0,9.1,7.5,9.9,-4.95,42.5,10.7,-0.5,-13.2,8.3,219.543,345.8282,329.137878417969,73.8129730224609,10494.09,34828.41,14115.9658203125,4963.06787109375
2021-03-01,1.61,-0.3647826,3.1887,-0.267,-0.0887,1.52,-0.028,0.39866,0.1479203,0.1,-0.5390869,3.07,-0.73,-0.5390869,0.21,-0.2076956,-0.15965,-0.5390869,0.07,-0.5637665,2.9,-0.83,-0.5637665,0.11,-0.26,-0.5637665,6.509413,0.9294783,3.863939,6.2498,8.541244,0.8404639,104.0384,103.7067,99.79034,94.72119,104.5721,97.94427,101.343,95.53206,106.638,1.380186139,0.5,0.441868353,-1.48662298,2.327990269,0.873312222,2.517525571,0.698126,1.033004689,97.35352,97.90593,121.8655,132.8015,115.6765,106.6169,103.3142,109.4747,96.11514,101.4,124.0396,138.0642,122.9578,107.9211,144.2047,118.9759,106.596,108.3719,110.7249,101.0109,101.3015,102.1748,101.9925,102.169,99.65947,101.332,101.319,99.91389,101.5217,102.5247,101.6965,101.5338,101.1777,101.1118,99.74583,99.87534,103.7862,99.36403,100.0259,99.55002,100.9853,101.6801,100.0516,100.032,99.72655,99.98286,0.9,0.5,0.2,1.2,0.9,0.1,0.1,0.9,0.4,-0.2,-0.1,1.5,0.0,-0.3,0.2,0.3,0.2,0.3,0.3,0.2,0.4,0.0,-1.3,0.5,6.1,3.9,6.9,3.9,6.4,9.6,7.5,3.5,-9.63,29.3,7.9,-2.5,-18.0,3.7,219.543,345.8282,329.137878417969,73.8129730224609,10494.09,34828.41,14115.9658203125,4963.06787109375
2021-02-01,1.26,-0.4455,3.2798,-0.229,-0.1969,1.31,-0.282,0.24712,0.06431864,0.11,-0.5411,3.25,-0.732424,-0.5411,0.21,-0.22733,-0.1313,-0.5411,0.08,-0.563521,2.9,-0.85,-0.563521,0.11,-0.37,-0.563521,6.4596,0.897285,3.71755,6.14729,8.333805,0.826744,102.2594,103.4102,99.81828,96.80239,103.6565,99.4943,101.524,96.47346,106.2714,1.380186139,0.5,0.441868353,-1.48662298,2.327990269,0.873312222,2.517525571,0.698126,1.033004689,94.69077,96.16624,117.1411,129.9293,109.8122,105.3362,101.6887,107.9574,93.21964,99.9,119.7026,134.1554,116.7244,107.056,141.4581,106.2039,115.7014,106.9552,105.6213,100.689,100.7923,102.2901,101.7942,101.6421,99.5838,100.7497,100.53,99.5318,101.2349,102.1704,101.1387,100.9668,100.7875,100.5221,99.38841,99.60072,104.0532,99.15185,99.72641,99.16248,100.801,101.422,99.48756,99.53796,99.32024,99.52771,0.6,0.6,0.1,0.3,0.5,0.5,0.3,0.3,0.2,0.2,-0.4,-0.4,0.4,-0.1,0.0,0.0,0.4,0.3,0.3,0.4,0.2,1.3,0.6,0.0,6.2,3.9,7.1,3.8,6.0,9.1,7.5,-0.8,-14.25,12.8,4.5,-5.4,-15.3,-1.9,219.543,345.8282,329.137878417969,73.8129730224609,10494.09,34828.41,14115.9658203125,4963.06787109375
2021-01-01,1.08,-0.5835,3.1786,-0.454,-0.3995,1.19,-0.444,0.070066,-0.06359448,0.14,-0.54715,3.01,-0.729838,-0.54715,0.21,-0.237845,-0.15042,-0.54715,0.09,-0.5657645,2.9,-0.85,-0.5657645,0.11,-0.39,-0.5657645,6.468547,0.8863952,3.728767,6.10949,8.287952,0.8217238,101.7489,103.6108,99.11174,97.88317,103.8093,98.81133,101.7348,96.92546,107.3292,1.380186139,0.5,0.441868353,-1.48662298,2.327990269,0.873312222,2.517525571,0.698126,1.033004689,97.96881,98.29253,117.868,130.0661,108.4324,106.8303,103.2658,109.1702,97.13155,102.0,119.4548,134.7138,116.4799,108.5699,143.3559,108.8503,115.4722,116.2814,108.1731,100.3149,100.3593,102.2995,101.5558,101.1313,99.73804,100.3597,100.0493,99.20235,101.0304,101.784,100.6183,100.5114,100.4571,100.1133,99.2522,99.45808,103.9346,99.09053,99.44572,98.6995,100.6579,101.067,99.14518,99.24728,99.04503,99.17718,0.5,1.4,0.0,-0.7,0.9,0.2,-0.1,0.3,0.3,1.9,-0.1,0.1,0.3,-0.3,-0.8,0.4,0.3,1.3,0.2,1.1,2.4,0.3,2.1,1.4,6.4,3.9,7.4,3.6,6.1,9.0,7.5,-1.6,-19.6,7.4,1.2,-2.0,-14.6,-3.2,219.543,345.8282,329.137878417969,73.8129730224609,10494.09,34828.41,14115.9658203125,4963.06787109375
2020-12-01,0.93,-0.6185,3.1429,-0.525,-0.4224,1.29,-0.469,0.005439,-0.09154069,0.17,-0.5380909,3.33,-0.7427273,-0.5380909,0.21,-0.223665,-0.18255,-0.5380909,0.09,-0.5563491,2.9,-0.85,-0.5563491,0.11,-0.38,-0.5563491,6.544182,0.8888826,3.681413,6.115005,8.364065,0.8218965,102.3922,102.9842,97.84885,98.30089,105.5567,99.74959,102.3309,97.20316,107.9689,1.084725512,2.7,0.369310855,-1.329793192,0.147350665,0.037892182,2.076470437,0.499248,1.272891185,97.36443,97.80928,114.4761,129.9293,106.1326,104.9093,102.219,107.8675,96.21822,101.4,116.3569,132.899,113.3021,107.056,140.8856,127.4907,105.8075,118.2882,111.5015,99.93729,100.03,102.2025,101.3767,100.7715,99.97611,100.1146,99.72188,98.88091,100.7348,101.3046,100.1854,100.1851,100.2318,99.90458,99.24627,99.56998,103.7838,99.12075,99.26366,98.37764,100.4932,100.734,98.95649,99.09813,98.90657,98.94991,0.1,0.6,0.1,0.6,0.3,-0.2,0.8,0.3,0.2,0.5,0.1,-0.2,0.1,-1.2,-0.1,0.1,0.3,0.3,0.3,0.3,0.2,0.4,1.3,0.4,6.7,3.9,6.8,3.3,5.9,9.2,7.5,-3.0,-18.09,2.1,-1.4,-1.8,-24.5,-4.9,208.5778,350.8364,316.551574707031,69.5311431884766,10066.39,33751.66,13557.4130859375,4864.52392578125
2020-11-01,0.87,-0.6147619,3.25,-0.509,-0.4114,1.2,-0.46,-0.00026,-0.05534544,0.16,-0.5208572,3.56,-0.73,-0.5208572,0.22,-0.2285714,-0.12448,-0.5208572,0.09,-0.5562162,2.9,-0.83,-0.5562162,0.11,-0.35,-0.5562162,6.608169,0.9108952,3.802343,6.290176,8.648295,0.8451195,104.4546,102.7824,98.12531,98.43414,104.8928,99.19822,102.647,95.9879,107.2637,1.084725512,2.7,0.369310855,-1.329793192,0.147350665,0.037892182,2.076470437,0.499248,1.272891185,96.12411,97.90593,116.6566,128.1514,108.5473,105.7631,101.9164,108.1867,95.54699,101.5,117.2243,131.9218,116.1133,106.9478,138.9318,118.9759,102.4226,111.7954,109.7263,99.51669,99.77275,102.0085,101.1613,100.5311,100.055,99.92825,99.26097,98.72033,100.262,100.9232,99.82745,99.91618,100.019,99.74952,99.24328,99.72063,103.6683,99.18141,99.15096,98.26631,100.2794,100.5307,98.73567,98.90581,98.79301,98.75648,-0.1,-1.0,-0.4,0.2,0.0,-0.2,-0.1,-0.3,0.1,-0.1,0.4,0.0,0.1,0.4,0.3,0.1,0.2,0.0,-0.1,0.1,0.2,-0.4,0.5,0.2,6.7,3.9,6.0,3.2,5.9,8.6,7.4,-6.6,-18.87,-1.6,-3.6,-5.5,-24.7,-6.0,208.5778,350.8364,316.551574707031,69.5311431884766,10066.39,33751.66,13557.4130859375,4864.52392578125
2020-10-01,0.79,-0.6072727,3.181,-0.518,-0.398,1.26,-0.458,-0.028566,0.000531795,0.12,-0.5091364,3.18,-0.6981818,-0.5091364,0.22,-0.2192364,-0.1285,-0.5091364,0.09,-0.5546409,2.9,-0.83,-0.5546409,0.11,-0.41,-0.5546409,6.702207,0.9126773,3.860714,6.320487,8.839823,0.8495964,106.1549,103.327,98.1044,99.18121,104.8827,98.40122,103.192,94.54745,108.1526,1.084725512,2.7,0.369310855,-1.329793192,0.147350665,0.037892182,2.076470437,0.499248,1.272891185,95.70047,96.74613,112.9013,127.0572,103.6029,103.095,101.235,106.907,94.99891,100.0,111.8959,130.805,110.3687,103.8118,137.3567,115.7542,115.2612,114.1564,108.284,99.11544,99.55142,101.7144,100.9972,100.3372,99.91035,99.73981,98.84222,98.87693,99.9446,100.474,99.58913,99.72091,99.85884,99.71172,99.28533,99.91734,103.3297,99.20639,99.39005,98.52793,100.2294,100.5712,98.8483,98.98553,98.77988,98.83173,0.0,0.0,0.0,0.2,0.3,0.3,-0.1,0.2,-0.1,0.0,-0.4,0.2,0.3,0.3,0.2,0.2,-0.1,0.0,0.0,0.0,0.4,0.4,-1.4,0.3,6.8,3.9,6.1,3.2,5.9,8.8,7.6,-4.3,-21.39,6.3,-0.3,-5.6,-31.1,-4.4,208.5778,350.8364,316.551574707031,69.5311431884766,10066.39,33751.66,13557.4130859375,4864.52392578125
2020-09-01,0.68,-0.5240909,3.1482,-0.5,-0.3174,1.35,-0.385,-0.082591,0.1229826,0.13,-0.4913636,2.99,-0.7087141,-0.4913636,0.22,-0.2257773,-0.13068,-0.4913636,0.09,-0.5529327,2.9,-0.85,-0.5529327,0.11,-0.31,-0.5529327,6.809035,0.9143773,3.792868,6.311014,8.837296,0.8485795,106.8742,103.1604,97.46055,99.05023,104.71,100.1039,103.0412,94.58443,107.8913,7.83022506,3.4,6.87716095,11.526114401,6.568736991,6.033111138,4.884877049,10.974914,9.314199189,95.07169,93.1701,113.7492,126.0998,108.2024,100.4269,99.82258,105.3099,94.1718,96.2,115.4895,129.2694,114.891,100.784,135.2126,114.8336,99.09747,113.8023,108.7278,98.74708,99.32101,101.3297,100.7282,100.0114,99.74886,99.45202,98.4822,98.83648,99.65193,99.94283,99.20043,99.35439,99.53796,99.42204,99.14021,100.0475,102.8166,99.09071,99.69822,98.87613,100.2179,100.5212,98.99055,99.11903,98.69668,98.97147,0.1,-0.4,-0.1,0.8,0.2,-0.2,0.1,0.0,0.2,0.2,0.1,0.3,0.4,0.8,0.7,0.2,0.3,-0.1,-0.1,0.1,0.4,-0.1,0.5,0.0,7.8,3.9,6.2,3.3,6.0,9.0,7.7,-3.4,-23.64,5.8,-0.4,-10.7,-35.8,-4.1,208.5778,350.8364,316.551574707031,69.5311431884766,10066.39,33751.66,13557.4130859375,4864.52392578125
2020-08-01,0.65,-0.5233333,3.0177,-0.41,-0.28,1.32,-0.357,-0.040333,0.160505,0.15,-0.4797143,2.97,-0.7068071,-0.4797143,0.23,-0.2068286,-0.11924,-0.4797143,0.1,-0.5520876,2.9,-0.83,-0.5520876,0.11,-0.42,-0.5520876,6.929295,0.9101095,3.72001,6.295362,8.7148,0.8453547,107.5461,102.8479,95.90061,99.0668,103.8972,101.2711,102.7025,95.29351,107.9223,7.83022506,3.4,6.87716095,11.526114401,6.568736991,6.033111138,4.884877049,10.974914,9.314199189,95.10937,90.85052,111.811,122.5439,103.7179,100.0,98.82208,104.4861,94.14506,93.6,114.2503,126.4774,110.4909,100.2433,133.5108,114.2583,95.70501,111.6773,110.0592,98.44802,99.08122,100.8296,100.4281,99.54594,99.59363,99.16801,98.07432,98.41131,99.44616,99.19576,98.54433,98.73064,99.08576,98.87951,98.83537,99.95118,102.1967,98.6688,99.68806,99.15099,100.2383,100.2419,98.86605,99.03203,98.47881,98.9577,0.4,-0.2,-0.1,-0.3,-0.1,-0.4,-0.2,-0.3,0.7,0.2,0.6,-0.2,-0.2,-2.1,0.2,-0.3,0.1,-0.1,-0.2,0.2,0.3,0.1,3.1,0.2,8.4,3.9,6.3,3.4,6.3,9.3,7.8,-8.9,-24.02,1.7,-1.5,-14.1,-35.6,-7.8,208.5778,350.8364,316.551574707031,69.5311431884766,10066.39,33751.66,13557.4130859375,4864.52392578125
2020-07-01,0.62,-0.5230435,2.9664,-0.529,-0.2485,1.33,-0.341,-0.073217,0.2206544,0.18,-0.4441304,2.76,-0.6907135,-0.4441304,0.23,-0.187113,-0.084522,-0.4441304,0.09,-0.5495557,2.9,-0.85,-0.5495557,0.11,-0.39,-0.5495557,7.008029,0.9346652,3.8862,6.4978,9.049813,0.8716092,109.1151,102.2782,94.46564,98.78638,103.8208,99.41209,102.5605,94.41016,106.4718,7.83022506,3.4,6.87716095,11.526114401,6.568736991,6.033111138,4.884877049,10.974914,9.314199189,94.19158,90.94717,109.8728,121.7233,99.92334,99.03949,97.0927,102.5735,92.70929,94.2,111.772,124.523,104.7464,99.48635,131.9129,111.2667,97.87175,112.7398,107.0636,97.74959,98.62422,99.32719,99.96037,98.90208,99.5312,98.83749,97.46579,97.43708,99.12631,98.32628,97.54482,97.7651,98.40498,97.93875,98.63845,99.61811,101.7432,97.83339,99.54896,98.99126,100.2711,99.8134,98.45545,98.73421,98.22215,98.77602,0.6,-0.5,0.1,-0.1,-0.1,0.9,0.2,-0.2,0.0,-1.8,0.4,0.6,0.4,0.7,-0.4,-0.4,0.2,-0.7,0.1,0.2,0.3,0.1,-1.6,-0.2,10.2,3.8,6.7,3.4,6.4,9.6,7.7,-12.9,-26.1,-2.9,-3.5,-12.5,-41.1,-7.7,208.5778,350.8364,316.551574707031,69.5311431884766,10066.39,33751.66,13557.4130859375,4864.52392578125
2020-06-01,0.73,-0.4342857,2.823,-0.439,-0.1309,1.31,-0.264,0.0060952,0.3504507,0.2,-0.376,2.54,-0.6658145,-0.376,0.26,-0.166495,-0.084714,-0.376,0.08,-0.544465,2.9,-0.9,-0.544465,0.11,-0.38,-0.544465,7.08581,0.9515727,3.94405,6.625477,9.305109,0.8881264,109.3729,102.8799,94.73327,98.41243,103.0818,99.51189,101.3947,93.19009,105.821,-7.908965238,11.4,-6.504036149,-11.981808593,-8.995564102,-5.928689155,-8.162245339,-10.810737,-10.021346923,90.89084,89.01418,106.3598,114.0643,104.1778,94.45037,93.01415,97.49442,89.56042,91.8,107.4349,116.2866,109.7576,94.51203,130.8119,117.25,91.35039,115.6911,106.0651,96.13841,97.21748,97.74911,99.25546,98.18275,99.43886,98.4262,96.71567,96.05069,98.41626,97.37073,96.28065,96.60548,97.5041,96.61402,98.62157,99.18774,101.4374,96.96061,99.30645,98.25351,100.0814,99.28822,97.7634,98.21627,97.94418,98.39726,0.7,0.7,-0.1,0.4,0.6,0.1,0.6,0.3,0.5,0.1,0.1,0.1,0.3,-0.7,0.2,0.0,0.7,0.0,0.1,0.4,0.3,0.1,1.1,0.3,11.0,3.7,7.7,3.4,6.8,9.1,7.4,-20.0,-33.43,-4.6,-7.9,-20.0,-53.8,-10.3,208.5778,350.8364,316.551574707031,69.5311431884766,10066.39,33751.66,13557.4130859375,4864.52392578125
2020-05-01,0.67,-0.5165,2.7053,-0.471,-0.0974,1.35,-0.288,-0.060684,0.4783719,0.17,-0.27195,2.13,-0.6633489,-0.27195,0.28,-0.1266722,-0.13926,-0.27195,0.05,-0.540192,2.9,-0.85,-0.540192,0.11,-0.36,-0.540192,7.111112,0.9706333,4.160553,6.843476,9.744081,0.9169186,111.7969,102.846,96.81436,99.31087,102.7222,96.7356,101.5618,91.46364,105.133,-7.908965238,11.4,-6.504036149,-11.981808593,-8.995564102,-5.928689155,-8.162245339,-10.810737,-10.021346923,85.27555,79.73582,102.8468,103.2596,97.73859,86.55283,86.08588,88.99659,83.1043,82.2,103.4696,103.4435,101.813,85.86105,130.0079,113.5679,104.2046,116.2814,99.96302,94.32816,93.04388,95.7649,98.42407,97.6555,99.13256,98.1544,96.15396,95.00174,97.92622,96.73956,95.35901,95.75525,96.7552,95.57568,98.67016,98.80138,101.6407,96.59422,98.91017,97.64132,99.65289,98.80391,97.02322,97.60846,97.74012,98.01412,-0.1,0.0,-0.2,-0.9,0.8,-0.1,0.6,0.0,0.3,-0.4,-0.5,-1.2,0.1,-0.5,-0.1,0.0,0.2,-0.2,-0.1,0.1,0.1,-0.2,0.5,-0.2,13.2,3.6,7.2,3.2,5.3,8.5,7.0,-22.9,-29.63,-1.2,-14.5,-25.6,-56.8,-13.5,208.5778,350.8364,316.551574707031,69.5311431884766,10066.39,33751.66,13557.4130859375,4864.52392578125
2020-04-01,0.66,-0.4495,2.538,-0.487,0.0458,1.46,-0.21,-0.07415,0.553843,0.76,-0.25405,2.32,-0.6245833,-0.25405,0.68,-0.1226368,-0.1704,-0.25405,0.05,-0.5354685,2.9,-0.85,-0.5354685,0.55,-0.32,-0.5354685,7.0726,0.9709818,4.180518,6.869182,10.02414,0.91977,112.4851,102.8443,98.55877,99.48394,103.4483,96.83144,102.0314,88.67548,105.2487,-7.908965238,11.4,-6.504036149,-11.981808593,-8.995564102,-5.928689155,-8.162245339,-10.810737,-10.021346923,83.95732,71.71392,107.3289,91.77114,102.1081,76.84098,83.02266,79.17916,79.60954,73.3,109.0458,91.01908,108.6576,75.588,130.6318,114.0282,101.4723,122.184,83.09911,92.79109,90.68163,91.77073,98.19563,97.67516,98.28815,98.45598,96.46579,95.49251,98.32996,97.18356,95.67765,95.97961,96.87933,95.83801,99.15807,98.93629,102.1468,97.16727,98.86881,98.1367,99.45904,98.7402,97.21726,97.72637,98.08949,98.19957,-0.9,0.4,0.1,0.2,0.0,-0.1,-0.4,0.2,0.2,0.6,-0.8,-0.4,0.2,0.7,1.2,0.3,-0.1,0.1,-0.2,0.0,0.4,-0.6,-1.2,-0.8,14.8,3.5,6.1,3.1,4.2,8.2,6.7,-20.0,-30.61,-2.2,-24.1,-36.6,-46.6,-15.1,208.5778,350.8364,316.551574707031,69.5311431884766,10066.39,33751.66,13557.4130859375,4864.52392578125
2020-03-01,0.87,-0.5413637,2.5899,-0.368,-0.0938,1.8,-0.409,-0.16768,0.3681764,1.35,-0.4166364,2.55,-0.675,-0.4166364,1.17,-0.3628727,-0.15291,-0.4166364,0.65,-0.5356286,2.9,-1.25,-0.5356286,1.05,-0.47,-0.5356286,7.018073,0.9570273,4.013614,6.754527,9.803855,0.9058505,110.1887,102.3146,98.79417,99.87144,103.1546,99.31151,102.0687,89.43723,104.6367,-1.392441086,-10.4,-1.502239748,-2.135879888,0.599330299,-0.83092717,0.216416736,-2.980646,-1.710293479,96.77164,91.23711,110.1151,113.2437,106.0176,94.23692,97.59834,97.11436,94.10224,94.2,110.5328,118.3806,112.0799,94.51203,134.7815,117.4801,106.6193,124.7811,97.18935,97.68043,95.96165,88.39957,98.64196,98.43784,96.49078,99.20292,97.90453,97.84589,99.3754,98.67245,97.5734,97.6588,98.00723,97.65097,100.2173,99.77242,102.8504,98.21723,99.60554,99.97929,99.91635,99.04607,98.89512,99.03534,99.20651,99.17583,-0.3,0.1,0.1,0.5,0.2,-0.3,-0.2,0.5,-0.2,0.1,0.1,0.7,0.4,-0.6,-1.0,0.2,-0.1,-0.2,-0.3,-0.1,0.3,-0.2,-0.6,-0.4,4.4,3.4,5.0,2.9,4.8,6.8,6.5,5.2,-6.73,15.4,11.3,-8.2,-8.1,-0.9,208.5778,350.8364,316.551574707031,69.5311431884766,10066.39,33751.66,13557.4130859375,4864.52392578125
2020-02-01,1.5,-0.466,2.7376,-0.832,-0.2574,2.09,-0.411,-0.04565,0.1333309,1.59,-0.40885,2.98,-0.7164475,-0.40885,1.71,-0.40899,-0.1499,-0.40885,1.58,-0.5382235,2.9,-0.8,-0.5382235,1.75,-0.62,-0.5382235,6.999663,0.97611,3.921165,6.851725,9.6885,0.916945,105.7928,99.99795,97.99689,97.55727,101.7414,100.727,99.78672,90.10504,100.0877,-1.392441086,-10.4,-1.502239748,-2.135879888,0.599330299,-0.83092717,0.216416736,-2.980646,-1.710293479,100.8027,101.5786,116.8988,126.2366,109.3522,105.3362,103.5765,108.5555,98.66233,105.4,119.8265,128.4318,115.0132,106.5153,134.1317,116.3295,89.09145,131.0379,112.2781,99.06925,98.86224,83.9506,99.05075,99.14125,94.25057,99.83793,99.09758,99.68916,100.0514,99.63988,99.14752,99.10421,99.02959,99.17977,101.1911,100.615,103.4043,99.15936,100.3903,101.2524,100.5012,99.38243,100.5035,100.3348,100.2542,100.0623,0.3,0.6,-0.1,0.0,0.6,0.4,0.4,0.2,0.4,-0.1,0.5,0.3,0.1,-0.3,2.0,0.4,0.0,-0.1,-0.3,0.0,1.2,-0.1,-1.0,-0.1,3.5,3.3,4.6,2.8,5.3,7.8,6.6,12.2,-5.16,12.8,15.2,-0.7,-18.2,6.5,208.5778,350.8364,316.551574707031,69.5311431884766,10066.39,33751.66,13557.4130859375,4864.52392578125
2020-01-01,1.76,-0.3136364,2.9932,-0.698,-0.0868,2.23,-0.259,0.10557,0.3161868,1.65,-0.3911364,3.67,-0.74875,-0.3911364,1.71,-0.4078909,-0.1749,-0.3911364,1.55,-0.5374213,2.9,-0.85,-0.5374213,1.75,-0.63,-0.5374213,6.921033,0.9700391,3.829931,6.729852,9.496983,0.9007326,104.5922,100.1404,96.59332,96.72525,102.0164,100.9911,99.50603,90.13593,100.669,-1.392441086,-10.4,-1.502239748,-2.135879888,0.599330299,-0.83092717,0.216416736,-2.980646,-1.710293479,100.4709,100.9987,117.868,124.7322,106.1326,105.3362,103.7055,107.8659,98.49937,104.6,119.8265,127.8734,110.7354,106.8397,133.4333,119.5513,88.97061,125.1353,113.2766,99.10507,98.90896,98.44875,99.16545,99.40105,95.82727,100.1664,99.58675,100.5717,100.1799,99.83361,99.77296,99.70679,99.51166,99.83443,101.6088,101.0207,104.0963,99.58294,100.787,101.8988,100.7963,99.49995,101.2736,100.9309,100.7437,100.4737,0.4,-0.8,-0.4,-0.7,0.7,0.2,-1.3,-0.7,0.6,-0.1,-1.3,-0.2,0.2,1.7,-1.2,-0.4,0.5,0.6,0.0,0.7,2.1,0.0,-1.3,0.5,3.6,3.2,4.5,2.9,4.7,7.4,6.7,12.6,-5.82,16.3,16.1,-1.5,-5.6,7.8,208.5778,350.8364,316.551574707031,69.5311431884766,10066.39,33751.66,13557.4130859375,4864.52392578125
2019-12-01,1.86,-0.2994444,3.1365,-0.456,-0.0439,2.03,-0.258,0.0671,0.3662491,1.76,-0.3947,3.49,-0.7366667,-0.3947,1.71,-0.40055,-0.455,-0.3947,1.55,-0.540201,2.9,-1.0,-0.540201,1.75,-0.62,-0.540201,7.020547,0.9834773,3.844641,6.726913,9.434527,0.89996,105.2701,101.1526,94.44572,95.49153,102.5665,99.89855,99.40451,92.18658,102.1145,0.68187787,1.3,0.541969851,-0.349945166,0.71418442,0.352717779,1.034555311,0.127232,0.091061471,101.0707,98.00258,114.5972,121.7233,110.8471,102.6681,103.2002,105.8599,98.78109,101.3,115.8612,123.825,115.991,103.92,131.4174,113.7981,111.1317,118.0521,110.392,99.06838,98.88012,98.36042,98.99825,99.32072,97.51642,100.2913,99.73402,100.8827,100.1504,99.60257,99.77195,99.72662,99.57653,99.90044,101.6104,101.1289,104.3958,99.65559,100.8587,102.1005,100.8809,99.50764,101.5003,101.0926,100.8162,100.5586,-0.2,0.6,0.2,0.7,0.6,-0.2,0.4,0.3,-0.2,0.2,0.8,0.3,-0.1,-0.9,0.2,0.0,0.2,0.1,0.1,0.2,0.1,0.2,-0.5,0.0,3.6,3.1,4.5,2.9,5.1,6.8,6.7,10.5,-6.92,17.7,11.4,-4.1,-3.4,7.6,224.067,345.3917,329.038269042969,73.3684616088867,10281.57,33009.18,13855.53125,4976.763671875
2019-11-01,1.81,-0.352381,3.165,-0.58,-0.0861,2.05,-0.312,-0.0015,0.3016062,1.77,-0.4012857,3.33,-0.7056434,-0.4012857,1.71,-0.4136429,-0.4717,-0.4012857,1.55,-0.53915,2.9,-0.83,-0.53915,1.75,-0.64,-0.53915,7.018316,0.9931,3.876548,6.761538,9.637357,0.905019,106.1309,100.9376,95.0332,95.36922,102.2801,99.18018,100.1394,90.62005,102.126,0.68187787,1.3,0.541969851,-0.349945166,0.71418442,0.352717779,1.034555311,0.127232,0.091061471,101.2762,100.3222,117.1411,123.9116,104.7528,104.8026,103.5454,106.9294,98.63958,103.8,117.3482,125.221,110.8576,105.542,130.9544,114.9487,101.6768,120.4132,110.6139,98.98977,98.79743,98.31717,98.89295,99.20821,98.31452,100.3001,99.76621,100.9687,100.0069,99.37799,99.6236,99.61546,99.52888,99.76343,101.3881,101.1211,104.3051,99.61341,100.7878,102.1834,100.8327,99.43972,101.5318,101.1204,100.7148,100.5232,-0.2,-0.8,-0.4,0.2,0.1,-0.3,0.1,-0.2,-0.5,0.2,0.7,0.2,-0.2,-0.6,0.5,0.1,0.1,0.0,0.2,0.1,0.3,0.3,1.0,0.1,3.6,3.1,4.3,3.0,5.2,7.7,6.7,10.3,-7.37,16.7,11.4,-4.8,-7.8,6.9,224.067,345.3917,329.038269042969,73.3684616088867,10281.57,33009.18,13855.53125,4976.763671875
2019-10-01,1.71,-0.4695455,3.288,-0.511,-0.1974,1.96,-0.432,-0.1598,0.1325078,1.88,-0.4128696,3.46,-0.7565909,-0.4128696,1.71,-0.4278304,-0.4333,-0.4128696,1.83,-0.5495978,2.9,-0.91,-0.5495978,1.75,-0.63,-0.5495978,7.083117,0.9936522,3.894948,6.758309,9.776257,0.9046469,106.6232,102.0177,93.80775,95.51228,101.911,98.70465,100.6091,89.27665,103.108,0.68187787,1.3,0.541969851,-0.349945166,0.71418442,0.352717779,1.034555311,0.127232,0.091061471,100.7194,100.0322,118.9582,123.7748,111.077,105.9765,103.4927,107.2273,97.79381,103.6,119.4548,125.919,118.5578,107.2722,128.9795,112.6474,107.7004,118.0521,110.503,98.90778,98.68795,98.31382,98.87125,99.16437,98.40112,100.3051,99.81084,100.9698,99.81576,99.26846,99.50603,99.52908,99.46146,99.57551,101.1259,100.9974,104.1148,99.60213,100.7362,102.3137,100.765,99.40575,101.4743,101.0738,100.5723,100.4486,0.2,0.1,-0.2,0.3,0.3,0.5,0.1,0.2,0.0,0.3,-0.9,0.6,0.3,1.2,-0.4,0.2,-0.1,0.1,-0.1,0.1,0.2,0.7,0.5,0.3,3.6,3.0,4.8,3.0,5.0,6.9,6.7,6.5,-8.34,9.8,10.3,-2.5,-2.1,6.7,224.067,345.3917,329.038269042969,73.3684616088867,10281.57,33009.18,13855.53125,4976.763671875
2019-09-01,1.7,-0.5947619,3.1411,-0.7,-0.3024,2.02,-0.591,-0.2315,0.04780093,2.03,-0.4175714,3.3,-0.79125,-0.4175714,1.72,-0.4477381,-0.4094,-0.4175714,2.04,-0.4032,2.9,-1.0,-0.4032,1.75,-0.55,-0.4032,7.115874,0.9905286,3.9548,6.782676,9.716395,0.9084157,107.331,102.2786,93.24713,96.69393,101.9411,97.66257,100.3957,90.41819,103.3658,1.170001857,1.4,0.430053576,0.205710274,0.786517771,0.324491239,-0.04801083,0.217371,0.585716505,101.5842,100.6121,118.7159,121.5865,111.307,105.5496,104.3993,107.1243,98.65804,104.3,121.0657,124.6626,115.991,106.6234,128.8244,114.4884,110.4202,127.2602,111.2796,98.8544,98.6022,98.33723,98.93766,99.21877,98.3407,100.3547,99.96384,100.9297,99.93452,99.24207,99.50726,99.55082,99.45769,99.50206,100.9279,100.9496,103.9488,99.63318,100.7111,102.5784,100.7735,99.39554,101.4353,101.0497,100.4967,100.4386,0.0,-0.1,-0.4,1.0,0.1,-0.3,0.5,0.2,0.3,0.4,0.0,0.2,-0.2,-0.7,1.0,0.2,0.1,0.2,0.2,0.1,0.4,-0.1,0.0,0.1,3.5,2.9,4.5,3.1,5.1,6.8,6.7,7.8,-9.32,12.6,9.9,-6.0,-12.9,5.3,224.067,345.3917,329.038269042969,73.3684616088867,10281.57,33009.18,13855.53125,4976.763671875
2019-08-01,1.63,-0.6490909,3.0573,-0.975,-0.3737,1.93,-0.579,-0.2884,0.0992023,2.06,-0.4076818,3.11,-0.8075,-0.4076818,1.72,-0.4309091,-0.4278,-0.4076818,2.13,-0.3612,2.9,-1.05,-0.3612,1.75,-0.55,-0.3612,7.062123,0.9792318,3.905291,6.705232,9.644009,0.8988809,107.1761,102.4774,93.2822,97.34451,101.4788,98.14986,101.0825,89.91679,104.4312,1.170001857,1.4,0.430053576,0.205710274,0.786517771,0.324491239,-0.04801083,0.217371,0.585716505,101.9028,101.5786,117.02,120.2188,109.4672,105.3362,103.9626,106.3918,99.39065,105.3,117.596,121.8706,115.0132,106.1909,127.7194,114.0282,105.064,126.0797,110.9467,98.85255,98.58278,98.36299,99.14568,99.39705,98.22562,100.4741,99.9286,100.9427,100.1155,99.36315,99.61766,99.66557,99.5773,99.61249,100.9279,100.9081,103.8736,99.67222,100.7194,102.7526,100.8007,99.49717,101.4091,101.0343,100.5136,100.4708,-0.1,-0.1,0.1,0.1,-0.1,-0.4,-0.5,0.1,-0.4,-0.2,0.3,0.5,0.0,0.7,-0.3,0.2,0.1,0.0,-0.1,0.2,0.2,0.1,0.3,0.0,3.6,2.9,5.0,3.1,4.9,7.3,6.7,6.8,-6.89,14.5,9.1,-4.0,-5.7,4.4,224.067,345.3917,329.038269042969,73.3684616088867,10281.57,33009.18,13855.53125,4976.763671875
2019-07-01,2.06,-0.3882609,3.1552,-0.654,-0.1037,2.13,-0.308,0.0208,0.356899,2.22,-0.3648696,3.16,-0.84,-0.3648696,1.72,-0.3897826,-0.4,-0.3648696,2.4,-0.3668,2.9,-0.7,-0.3668,1.75,-0.56,-0.3668,6.877473,0.9873956,3.796782,6.654961,9.40947,0.8917004,105.4843,102.3387,93.84887,95.52178,101.233,99.69111,100.5958,91.39825,103.3542,1.170001857,1.4,0.430053576,0.205710274,0.786517771,0.324491239,-0.04801083,0.217371,0.585716505,101.1337,101.192,116.7777,120.9027,112.5719,105.2295,104.1294,106.7932,98.71283,105.0,118.0917,122.9874,117.8244,106.0827,126.4165,113.4529,108.2077,125.0172,111.1686,98.90633,98.65421,98.37833,99.42038,99.58447,98.16457,100.6087,99.74535,101.0457,100.2603,99.63494,99.74954,99.75681,99.73574,99.72604,101.2169,100.9551,104.0096,99.68554,100.7073,102.8718,100.7698,99.5917,101.4191,101.0661,100.6601,100.5459,0.1,0.4,0.0,-0.8,0.0,0.7,0.5,-0.3,0.2,0.1,-0.2,-0.7,0.2,0.8,-0.9,-0.5,0.3,0.2,0.2,0.2,0.4,-0.7,1.7,0.0,3.7,2.9,4.8,3.2,4.6,7.3,6.7,6.9,-8.35,20.1,9.0,-7.8,-16.0,6.6,224.067,345.3917,329.038269042969,73.3684616088867,10281.57,33009.18,13855.53125,4976.763671875
2019-06-01,2.07,-0.3152632,3.2254,-0.482,0.0301,2.35,-0.217,0.0452,0.5740466,2.3,-0.3289,3.6,-0.780555,-0.3289,1.72,-0.3561111,-0.3994,-0.3289,2.38,-0.3616,2.9,-0.95,-0.3616,1.75,-0.56,-0.3616,6.901374,0.98904,3.77941,6.613165,9.410695,0.8853465,106.0216,102.4327,93.55302,95.58819,102.0721,100.054,100.6468,90.86849,104.4181,0.835145841,1.4,0.651770411,-0.316763359,0.929747481,0.908929024,0.940029118,0.443395,0.670829909,101.6659,101.5786,118.1102,118.4408,108.5473,105.2295,104.0389,106.2745,99.43536,105.4,120.4461,121.1726,111.8354,105.9746,123.9223,113.2227,100.6556,123.2464,110.503,98.99065,98.82108,98.37954,99.63882,99.85137,98.14085,100.7654,99.70992,101.2056,100.5422,100.034,99.96054,99.94092,99.9401,99.94817,101.4432,101.0775,104.1431,99.6783,100.808,102.813,100.923,99.56705,101.4067,101.0844,100.7864,100.5755,-0.1,0.3,0.2,-0.1,0.2,-0.3,-0.2,0.1,0.7,-0.1,0.0,-0.3,-0.3,-2.2,0.4,0.0,0.8,-0.1,-0.3,0.2,0.1,-0.2,-1.7,0.0,3.6,2.9,4.6,3.2,4.5,6.4,6.7,5.0,-7.64,12.8,9.7,-7.6,-4.5,4.6,224.067,345.3917,329.038269042969,73.3684616088867,10281.57,33009.18,13855.53125,4976.763671875
2019-05-01,2.4,-0.1345455,3.2751,-0.445,0.2381,2.72,0.044,0.2153,0.871105,2.44,-0.3118636,3.15,-0.7752625,-0.3118636,1.72,-0.339,-0.3995,-0.3118636,2.39,-0.3666,2.9,-0.9,-0.3666,1.75,-0.56,-0.3666,6.870263,1.010896,3.840861,6.674196,9.599583,0.8938965,106.4092,102.123,94.97009,94.26929,102.1786,99.11325,100.9643,90.02472,104.0249,0.835145841,1.4,0.651770411,-0.316763359,0.929747481,0.908929024,0.940029118,0.443395,0.670829909,101.5421,102.8351,115.4452,122.2703,116.4814,106.8303,104.7556,107.808,98.9754,106.6,117.1004,124.8022,120.6356,107.7048,122.1199,111.842,97.33599,121.2395,110.503,99.09663,99.04042,98.37276,99.82126,100.137,98.24458,100.9672,99.84096,101.3633,100.8512,100.5069,100.2175,100.1578,100.1208,100.1501,101.5348,101.2739,104.1352,99.66608,100.9784,102.5831,100.9991,99.61801,101.4269,101.1201,100.8829,100.5898,0.2,0.3,-0.2,0.1,0.3,0.0,0.3,0.2,0.0,0.0,-0.6,-0.1,0.3,-0.1,0.7,0.1,0.2,0.2,0.2,0.4,0.2,-0.6,-0.4,0.0,3.6,2.9,4.9,3.3,4.8,6.6,6.8,9.1,-8.03,15.1,8.6,-7.4,-9.8,7.4,224.067,345.3917,329.038269042969,73.3684616088867,10281.57,33009.18,13855.53125,4976.763671875
2019-04-01,2.53,-0.0395,3.3869,-0.267,0.3143,2.76,0.082,0.3779,0.9509718,2.47,-0.31045,3.0,-0.7475,-0.31045,1.72,-0.3294737,-0.3995,-0.31045,2.42,-0.367,2.9,-0.85,-0.367,1.75,-0.57,-0.367,6.716667,1.006968,3.813605,6.637873,9.318527,0.8899982,105.2399,101.7213,96.10149,93.90463,102.0355,98.96425,100.6644,91.89606,103.4506,0.835145841,1.4,0.651770411,-0.316763359,0.929747481,0.908929024,0.940029118,0.443395,0.670829909,101.4005,102.4485,115.2029,122.5439,111.652,106.2967,104.4057,107.1679,98.91512,106.0,116.4808,125.221,116.2355,107.2722,121.1341,114.6035,107.0302,124.545,111.3905,99.21867,99.27135,98.36143,100.0237,100.3573,98.43962,101.1525,99.88219,101.4951,100.886,100.981,100.4355,100.3051,100.2628,100.2997,101.449,101.4513,104.1968,99.66692,100.9835,102.5012,100.8934,99.7449,101.4552,101.1385,100.9188,100.5988,0.6,1.0,0.6,0.3,1.0,0.3,0.7,0.7,-0.3,0.4,1.7,0.6,0.2,0.6,-0.2,0.2,0.1,0.4,0.0,0.1,0.5,0.2,-0.4,-0.2,3.7,3.0,5.1,3.4,5.4,6.6,6.9,7.8,-7.88,16.0,11.2,-6.1,-18.1,8.4,224.067,345.3917,329.038269042969,73.3684616088867,10281.57,33009.18,13855.53125,4976.763671875
2019-03-01,2.57,0.01095238,3.0683,-0.352,0.3766,2.75,0.163,0.29,0.9907618,2.48,-0.3091905,3.08,-0.7565752,-0.3091905,1.72,-0.3178571,-0.4,-0.3091905,2.41,-0.3679,2.9,-1.51,-0.3679,1.75,-0.55,-0.3679,6.711614,1.000652,3.801471,6.602638,9.288671,0.8852167,104.9777,101.2422,96.19881,94.38152,102.5891,98.27287,101.1066,91.63612,103.4264,0.624318082,1.6,0.070596205,0.804695085,1.450975135,0.397379309,0.6107125,0.693543,0.606822882,101.957,103.8982,113.6281,120.2188,110.9621,106.4034,104.3185,107.2483,99.56459,107.5,115.7373,124.8022,113.0576,107.4885,118.3978,113.9131,104.9616,124.1908,111.5015,99.3506,99.5023,98.34048,100.2441,100.6117,98.45988,101.2875,99.98711,101.6021,100.737,101.2735,100.7014,100.5259,100.3847,100.4167,101.293,101.5558,104.2157,99.69837,101.0113,102.5702,100.8045,99.70256,101.5043,101.1701,100.9084,100.5875,0.6,0.5,0.3,1.1,0.4,0.1,0.2,0.9,-0.1,-0.2,0.0,0.4,0.1,0.5,0.8,0.3,0.2,0.1,0.2,0.3,0.3,-0.5,-0.8,0.0,3.8,3.0,5.0,3.5,5.2,7.4,6.9,17.3,-10.61,16.0,12.0,-8.0,-12.3,9.7,224.067,345.3917,329.038269042969,73.3684616088867,10281.57,33009.18,13855.53125,4976.763671875
2019-02-01,2.68,0.0555,3.1731,-0.236,0.4513,2.69,0.054,0.36,1.119918,2.49,-0.30845,2.91,-0.7686176,-0.30845,1.72,-0.3155,-0.4,-0.30845,2.4,-0.367,2.9,-0.97,-0.367,1.75,-0.55,-0.367,6.735614,1.001565,3.80471,6.574515,9.24949,0.881373,104.2803,101.422,95.87696,93.94796,102.2419,97.96187,101.5124,91.86213,103.5288,0.624318082,1.6,0.070596205,0.804695085,1.450975135,0.397379309,0.6107125,0.693543,0.606822882,101.9461,102.8351,114.5972,121.0394,107.6274,106.19,104.197,106.8605,99.79851,106.4,116.8525,124.2438,112.3243,107.3804,117.4647,113.683,108.3233,124.1908,111.5015,99.49279,99.73347,98.32487,100.3753,100.8801,98.21349,101.347,100.3115,101.6277,100.5302,101.5921,100.9716,100.7818,100.4707,100.5232,101.0801,101.5877,104.2122,99.78996,101.0358,102.498,100.7104,99.58365,101.4932,101.1537,100.8316,100.5447,0.5,0.5,0.3,0.0,0.3,0.5,0.7,0.3,0.4,0.1,-0.2,-0.1,-0.1,-0.4,0.9,0.1,0.0,0.2,0.2,0.3,0.4,0.8,-0.7,0.2,3.8,3.0,5.2,3.6,5.1,6.9,7.0,18.9,-9.27,22.4,11.4,-1.5,-3.2,12.5,224.067,345.3917,329.038269042969,73.3684616088867,10281.57,33009.18,13855.53125,4976.763671875
2019-01-01,2.71,0.1327273,3.1037,-0.21,0.452,2.78,0.153,0.43,1.202206,2.59,-0.308,3.24,-0.8135036,-0.308,1.72,-0.2955682,-0.44,-0.308,2.4,-0.367,2.9,-0.9,-0.367,1.75,-0.58,-0.367,6.787638,0.9888608,3.760643,6.538748,8.985635,0.8757265,104.5369,101.7502,94.54271,94.90613,102.7558,98.8298,101.5103,93.94836,104.4777,0.624318082,1.6,0.070596205,0.804695085,1.450975135,0.397379309,0.6107125,0.693543,0.606822882,102.4762,103.4149,115.0818,120.6291,110.6171,106.6169,104.4822,107.2343,100.3218,106.8,115.3656,121.5914,115.8688,107.3804,115.8882,110.2311,109.0043,116.6355,108.0621,99.66708,99.96265,98.33509,100.5394,101.121,98.10499,101.4585,100.7585,101.6938,100.4871,101.8187,101.2446,101.0612,100.589,100.6745,101.0273,101.5932,103.9939,99.96508,101.0801,102.2613,100.7015,99.57158,101.4724,101.1273,100.7657,100.5213,0.2,-1.0,-0.6,-1.0,-0.1,0.2,-1.1,-0.8,1.0,0.0,-0.6,0.1,0.3,1.1,-0.8,-0.4,0.2,0.5,-0.2,0.1,-0.8,0.4,1.6,0.4,4.0,3.1,4.9,3.8,5.1,6.3,7.0,19.3,-9.72,20.3,13.3,-1.8,-11.4,12.8,224.067,345.3917,329.038269042969,73.3684616088867,10281.57,33009.18,13855.53125,4976.763671875
2018-12-01,2.83,0.1870588,3.23,-0.154,0.5198,2.94,0.234,0.47,1.212086,2.69,-0.3118947,3.87,-0.776,-0.3118947,1.72,-0.2938235,-0.66,-0.3118947,2.27,-0.3605,2.9,-0.95,-0.3605,1.75,-0.5,-0.3605,6.885528,0.9925953,3.767776,6.555976,9.019286,0.8787457,106.0022,102.7822,93.5211,95.093,103.3535,99.29216,101.3099,94.87521,105.723,0.141644219,1.4,0.172468527,0.977113113,0.976875318,0.148505442,1.160361662,0.650903,0.159294843,103.1557,103.7049,116.5354,118.7144,115.1016,105.7631,104.589,106.3345,101.2501,107.0,118.5874,121.8706,119.2911,106.7316,115.621,112.3022,103.8087,122.8923,111.3905,99.87427,100.1878,98.38374,100.6899,101.3416,98.16877,101.6146,101.2375,101.8546,100.5612,102.0814,101.5411,101.368,100.7153,100.8373,101.2266,101.5938,103.6763,100.1627,101.1739,102.1164,100.7897,99.69128,101.4981,101.1327,100.7941,100.5494,-0.5,0.2,0.0,0.1,0.0,-0.4,0.5,0.0,0.4,0.0,0.2,0.1,-0.2,-0.8,0.2,0.0,0.6,-0.8,-0.6,-0.4,0.1,-0.1,0.2,-0.4,3.9,3.1,5.2,3.9,5.7,6.8,7.1,22.9,-8.04,23.5,13.7,0.5,-1.2,13.2,223.11,349.982,334.155242919922,71.6186599731445,10315.62,31974.99,13824.6796875,4977.3603515625
2018-11-01,3.12,0.3140909,3.36,-0.015,0.6201,3.19,0.336,0.6,1.405823,2.56,-0.3163636,3.37,-0.815,-0.3163636,1.72,-0.3028409,-0.73,-0.3163636,2.2,-0.3613,2.9,-0.9,-0.3613,1.75,-0.52,-0.3613,6.94079,1.001091,3.788091,6.5641,9.055595,0.8799523,106.4984,102.7124,92.60595,94.45731,103.2351,98.82637,101.5439,94.00716,105.6882,0.141644219,1.4,0.172468527,0.977113113,0.976875318,0.148505442,1.160361662,0.650903,0.159294843,103.1235,102.5451,114.3549,118.5776,109.4672,105.2295,104.6361,106.0209,100.9031,105.9,115.9851,119.9162,113.5465,105.9746,116.4833,110.3462,105.1491,121.3576,109.5044,100.0973,100.3903,98.47088,101.003,101.5571,98.43447,101.8444,101.6658,101.9076,100.8554,102.1456,101.7771,101.628,100.8748,100.9114,101.3931,101.6197,103.2746,100.2998,101.2417,102.142,100.9381,99.90021,101.6523,101.2428,100.8721,100.6646,-0.5,-1.1,-0.4,0.0,0.0,-0.3,-0.1,-0.5,-0.3,0.1,1.1,0.0,0.3,-0.8,-0.4,0.1,0.1,0.5,0.0,0.1,0.2,0.0,1.1,0.3,3.8,3.1,4.9,3.9,5.1,6.6,7.2,21.4,-9.29,27.0,11.4,-2.8,-6.8,12.9,223.11,349.982,334.155242919922,71.6186599731445,10315.62,31974.99,13824.6796875,4977.3603515625
2018-10-01,3.15,0.3990909,3.51,0.071,0.6875,3.22,0.418,0.67,1.555397,2.37,-0.3176956,3.22,-0.8310764,-0.3176956,1.72,-0.3058696,-0.7,-0.3176956,2.19,-0.366,2.9,-0.9,-0.366,1.75,-0.54,-0.366,6.936347,0.9934869,3.748104,6.496069,9.034913,0.8707709,105.4131,103.6199,92.92772,94.49905,102.8224,98.847,101.907,93.26327,106.6927,0.141644219,1.4,0.172468527,0.977113113,0.976875318,0.148505442,1.160361662,0.650903,0.159294843,103.0413,104.4781,114.7184,119.1247,111.192,106.5101,105.3629,107.0872,101.1609,108.0,116.9765,121.1726,114.1577,107.8129,117.3012,110.9215,98.17067,121.5937,109.1716,100.3145,100.5566,98.5868,101.2158,101.7221,98.77757,102.0482,101.8066,101.8467,101.1203,102.156,101.9052,101.7761,100.983,100.9261,101.4999,101.6315,102.8308,100.3111,101.2304,102.2001,101.0535,100.1,101.7776,101.3323,100.9776,100.7854,0.1,0.1,0.2,0.5,0.4,0.3,-0.2,0.3,0.6,0.1,0.1,0.2,-0.1,1.1,0.0,0.2,-0.1,0.4,0.5,1.2,0.3,0.5,-0.1,0.7,3.8,3.1,5.1,3.9,5.0,6.5,7.2,18.3,-7.51,26.3,11.5,-2.9,1.2,13.4,223.11,349.982,334.155242919922,71.6186599731445,10315.62,31974.99,13824.6796875,4977.3603515625
2018-09-01,3.0,0.3705,3.61,0.113,0.6654,3.24,0.365,0.6,1.319959,2.24,-0.31885,3.12,-0.7802839,-0.31885,1.72,-0.30375,-0.73,-0.31885,1.95,-0.3627,2.9,-0.9,-0.3627,1.75,-0.51,-0.3627,6.856544,0.967935,3.687845,6.39745,8.95718,0.857064,104.8227,104.2846,93.45723,96.0635,102.9795,99.30062,102.3991,93.36902,108.0744,0.623697425,1.4,-0.355943368,0.487549315,1.263906221,0.537193737,-0.107771034,0.162643,0.265276962,103.2139,104.768,109.6305,117.0732,107.0525,106.19,104.8492,106.8952,101.6432,108.1,111.8959,119.637,108.902,107.056,118.6427,112.0721,106.9409,119.8229,109.9482,100.503,100.6917,98.724,101.4235,101.8778,99.16727,102.0916,101.8561,101.9071,101.4397,102.2603,101.9918,101.8701,101.1375,101.0716,101.5173,101.6299,102.5702,100.2494,101.2292,102.2782,101.1841,100.296,101.8031,101.3583,101.0675,100.9204,0.1,0.1,0.0,1.2,0.3,-0.2,0.5,0.4,0.2,0.5,0.5,0.5,0.1,-0.5,0.0,0.3,-0.2,0.5,0.2,0.4,0.3,0.3,0.1,0.4,3.7,3.2,5.3,3.9,4.7,6.6,7.2,19.7,-8.68,24.9,11.8,-3.2,-2.0,11.6,223.11,349.982,334.155242919922,71.6186599731445,10315.62,31974.99,13824.6796875,4977.3603515625
2018-08-01,2.89,0.2908696,3.58,-0.032,0.5973,3.14,0.326,0.52,1.365558,2.19,-0.319,3.23,-0.7772809,-0.319,1.71,-0.2993478,-0.68,-0.319,1.91,-0.3591,2.9,-0.9,-0.3591,1.75,-0.52,-0.3591,6.851796,0.9888479,3.71313,6.456465,9.062278,0.865863,104.7179,103.7224,92.75101,94.55334,102.1704,99.10751,102.5997,92.64352,107.2113,0.623697425,1.4,-0.355943368,0.487549315,1.263906221,0.537193737,-0.107771034,0.162643,0.265276962,103.169,106.0245,109.5094,118.8512,105.4427,106.937,105.5024,107.8862,101.6144,108.9,110.9046,121.1726,110.4909,107.9211,119.9677,110.5763,104.5368,119.7049,109.2825,100.6457,100.7878,98.87743,101.5111,101.9994,99.49472,102.1079,101.8196,102.1353,101.8061,102.4862,102.068,101.9238,101.2765,101.301,101.4358,101.6045,102.5278,100.1811,101.1912,102.3698,101.2818,100.2394,101.8248,101.41,101.1352,101.1027,0.0,0.0,0.0,0.0,-0.2,-0.5,-0.3,0.1,-0.3,-0.1,1.0,0.3,0.2,0.2,0.9,0.2,0.4,0.3,0.1,0.2,0.3,0.2,0.6,0.2,3.8,3.2,5.6,3.9,5.0,6.5,7.2,21.2,-11.22,20.5,12.6,-4.5,-0.7,13.3,223.11,349.982,334.155242919922,71.6186599731445,10315.62,31974.99,13824.6796875,4977.3603515625
2018-07-01,2.89,0.2745455,3.48,0.042,0.596,3.17,0.32,0.51,1.19858,2.17,-0.3207273,3.93,-0.7804359,-0.3207273,1.7,-0.3019318,-0.67,-0.3207273,1.91,-0.3636,2.9,-0.95,-0.3636,1.75,-0.51,-0.3636,6.718966,0.9946455,3.706118,6.377323,8.822532,0.8557927,104.339,103.6155,93.51114,93.1069,102.3486,97.86676,102.673,94.14526,106.585,0.623697425,1.4,-0.355943368,0.487549315,1.263906221,0.537193737,-0.107771034,0.162643,0.265276962,102.4726,104.5747,109.5094,116.9364,107.0525,105.6563,104.9538,107.0306,101.3575,107.7,111.1524,119.2182,110.3687,106.4071,119.7068,109.8859,109.1301,118.2882,108.7278,100.747,100.8628,99.05071,101.4118,102.1097,99.69688,102.1622,101.7622,102.3536,101.9611,102.5243,102.1683,102.0005,101.3412,101.5335,101.4248,101.5748,102.6455,100.1547,101.1731,102.5796,101.4376,100.0464,101.8406,101.4595,101.178,101.2485,-0.1,0.8,0.4,-0.6,-0.2,0.8,0.6,-0.2,0.0,-0.2,-1.3,-0.4,0.1,0.3,0.0,-0.6,0.2,0.1,0.1,0.2,0.2,-0.7,1.5,0.6,3.8,3.2,5.2,3.9,5.0,6.5,7.3,20.4,-12.19,26.4,11.0,-3.0,-1.9,13.8,223.11,349.982,334.155242919922,71.6186599731445,10315.62,31974.99,13824.6796875,4977.3603515625
2018-06-01,2.91,0.3271429,3.48,-0.012,0.7064,3.21,0.407,0.55,1.288488,2.19,-0.3220476,4.63,-0.7904772,-0.3220476,1.7,-0.3035,-0.69,-0.3220476,1.82,-0.3618,2.9,-0.9,-0.3618,1.75,-0.52,-0.3618,6.465695,0.9895619,3.686781,6.377586,8.800062,0.8563634,104.3868,102.8931,95.94443,93.70754,102.5226,98.44115,101.6974,93.86385,105.4971,0.530825141,1.7,1.163095147,0.87219907,1.46236174,-0.034955974,0.723931106,0.557141,0.525530376,102.3432,106.4111,112.1744,117.4835,105.6727,107.0438,105.1882,107.8755,101.3087,109.8,113.1351,118.241,109.8798,107.9211,120.221,109.3106,112.5304,118.6424,108.6169,100.8226,100.9393,99.23431,101.3522,102.204,99.85713,102.2347,101.8949,102.4226,102.0274,102.5334,102.2753,102.1024,101.3884,101.7057,101.4556,101.6338,102.869,100.1753,101.2198,102.6859,101.438,100.0188,101.8652,101.5052,101.1544,101.3044,0.1,0.1,0.0,0.1,0.1,-0.1,0.2,0.1,-0.1,0.2,-0.1,-0.6,0.1,-1.0,-0.1,0.1,0.7,0.0,0.0,0.2,0.2,0.2,1.4,0.1,4.0,3.2,5.0,3.8,5.3,6.3,7.4,18.2,-14.48,23.0,11.0,-3.3,-4.3,13.3,223.11,349.982,334.155242919922,71.6186599731445,10315.62,31974.99,13824.6796875,4977.3603515625
2018-05-01,2.98,0.45,3.61,-0.008,0.7606,3.23,0.518,0.66,1.234443,2.16,-0.3252273,4.54,-0.7861775,-0.3252273,1.7,-0.2845,-0.7,-0.3252273,1.7,-0.3625,2.9,-0.95,-0.3625,1.75,-0.5,-0.3625,6.374281,0.9970348,3.620083,6.300918,8.758578,0.847137,102.6828,102.7943,96.67213,92.14211,102.432,99.14149,102.0848,93.13911,105.484,0.530825141,1.7,1.163095147,0.87219907,1.46236174,-0.034955974,0.723931106,0.557141,0.525530376,101.5058,106.701,112.2956,116.1158,104.1778,106.937,104.8899,107.6221,100.6292,110.4,112.8872,119.2182,109.2687,108.1373,121.8436,111.6119,117.2743,113.5662,107.0636,100.8711,101.0395,99.41699,101.2413,102.2453,99.91753,102.221,102.1326,102.3908,102.0329,102.6082,102.365,102.1697,101.3897,101.7934,101.5123,101.7286,103.3028,100.2511,101.3481,102.6238,101.3211,100.1788,101.949,101.5783,101.1407,101.3472,0.5,1.1,0.4,0.1,0.2,0.2,0.3,0.6,-0.4,0.0,-0.2,0.1,0.1,0.2,-0.5,0.0,0.5,0.4,0.2,0.5,0.1,0.1,-0.6,0.4,3.8,3.2,4.9,3.8,5.0,6.1,7.4,14.0,-14.18,17.2,9.6,-3.2,-6.9,14.2,223.11,349.982,334.155242919922,71.6186599731445,10315.62,31974.99,13824.6796875,4977.3603515625
2018-04-01,2.87,0.48,3.62,0.12,0.7625,3.06,0.553,0.71,1.126146,2.2,-0.32845,4.37,-0.8002352,-0.32845,1.7,-0.2889474,-0.66,-0.32845,1.69,-0.3657,2.9,-0.98,-0.3657,1.75,-0.47,-0.3657,6.299574,0.9675619,3.41609,6.062186,8.441795,0.8149529,99.62045,102.6557,96.20078,91.97447,102.9792,101.6284,102.5825,93.30325,106.2235,0.530825141,1.7,1.163095147,0.87219907,1.46236174,-0.034955974,0.723931106,0.557141,0.525530376,102.4716,105.1546,110.3574,114.7481,106.4776,105.6563,104.7534,107.0243,101.4902,108.6,112.3916,118.241,109.0242,106.6234,121.3048,108.3901,112.0354,109.6704,106.5089,100.89,101.1565,99.59148,101.1965,102.258,99.77531,102.1335,102.361,102.4016,101.773,102.6002,102.4673,102.24,101.3885,101.8268,101.5963,101.8508,103.5774,100.3918,101.5005,102.4814,101.2536,100.2966,102.1191,101.7248,101.1501,101.4123,0.4,0.2,0.2,0.2,0.5,0.6,0.4,0.4,0.4,0.0,0.3,0.0,0.3,0.2,0.5,0.1,0.0,0.3,0.3,0.0,0.2,0.2,-1.0,-0.1,4.0,3.3,5.1,3.8,5.1,6.6,7.6,13.3,-12.11,24.0,10.3,-1.7,-0.8,10.0,223.11,349.982,334.155242919922,71.6186599731445,10315.62,31974.99,13824.6796875,4977.3603515625
2018-03-01,2.84,0.5295238,3.74,0.054,0.8134,3.27,0.642,0.77,1.168796,2.08,-0.3279048,4.8,-0.7952408,-0.3279048,1.7,-0.298625,-0.66,-0.3279048,1.51,-0.3639,2.9,-1.0,-0.3639,1.75,-0.47,-0.3639,6.319477,0.9470909,3.413723,6.035418,8.23915,0.8110341,99.48901,102.7032,95.65255,93.6235,102.9944,100.7669,102.0417,95.05773,105.9194,0.813409802,1.8,0.970901253,0.42647453,1.981497052,0.812658,0.266389134,0.169849,0.591843047,101.3207,105.8312,110.4785,112.6966,107.0525,105.8698,104.656,107.4029,100.7978,109.0,111.0285,114.1926,107.9242,105.9746,120.5617,105.2833,116.6555,111.2051,103.7352,100.87,101.2819,99.76701,101.3214,102.274,99.56503,102.0434,102.5487,102.5039,101.4471,102.4673,102.5341,102.3064,101.4322,101.8618,101.6461,101.9806,103.6965,100.5527,101.6042,102.2761,101.3836,100.4149,102.2956,101.8767,101.1673,101.4829,0.2,0.8,0.3,0.9,0.0,0.0,0.3,0.9,0.1,0.1,-0.1,1.2,-0.3,-0.1,-0.4,0.4,-0.1,0.1,0.1,0.1,-0.1,0.2,0.9,-0.1,4.0,3.3,5.3,3.8,5.6,6.3,7.6,12.2,-12.08,25.0,9.7,2.9,4.4,12.8,223.11,349.982,334.155242919922,71.6186599731445,10315.62,31974.99,13824.6796875,4977.3603515625
2018-02-01,2.86,0.659,3.82,0.116,0.8357,3.39,0.772,0.91,1.26947,1.78,-0.3285,4.49,-0.8715625,-0.3285,1.72,-0.30075,-0.66,-0.3285,1.42,-0.3647,2.9,-0.95,-0.3647,1.75,-0.52,-0.3647,6.313473,0.93405,3.37137,6.03029,8.032005,0.810291,98.83296,102.0663,96.71096,94.77584,102.591,102.1519,101.9285,97.32069,104.9685,0.813409802,1.8,0.970901253,0.42647453,1.981497052,0.812658,0.266389134,0.169849,0.591843047,100.8623,104.1881,111.5687,113.9275,105.9026,105.4429,104.2206,106.8258,100.8767,107.4,110.6568,116.4262,108.7798,105.8664,121.4234,104.0176,117.8667,109.9065,104.6228,100.7995,101.3959,99.955,101.4401,102.3677,99.37261,101.9815,102.635,102.5431,101.312,102.31,102.65,102.453,101.5113,102.0014,101.5471,102.0799,103.7622,100.679,101.726,102.2399,101.5226,100.5463,102.4986,102.0396,101.1612,101.5523,0.5,0.5,0.3,0.3,-0.4,0.6,0.8,0.2,0.5,-0.1,1.0,0.5,0.2,0.8,1.6,0.1,0.4,-0.1,-0.3,0.0,0.1,0.4,1.0,0.1,4.1,3.3,5.4,4.0,4.6,5.9,7.7,15.0,-11.91,16.1,8.9,-0.9,8.9,9.9,223.11,349.982,334.155242919922,71.6186599731445,10315.62,31974.99,13824.6796875,4977.3603515625
2018-01-01,2.58,0.4745454,3.91,0.103,0.6692,3.32,0.567,0.85,1.032119,1.63,-0.3284546,4.85,-0.8715475,-0.3284546,1.72,-0.3070455,-0.69,-0.3284546,1.41,-0.3624,2.9,-1.0,-0.3624,1.75,-0.53,-0.3624,6.429014,0.9609478,3.417687,6.108678,8.061569,0.819927,99.72102,102.0497,94.71646,92.93858,102.588,102.4333,101.3206,97.7206,104.9705,0.813409802,1.8,0.970901253,0.42647453,1.981497052,0.812658,0.266389134,0.169849,0.591843047,100.6177,105.9278,109.8728,113.654,106.9375,106.2967,103.9593,107.2997,100.0283,109.7,111.8959,116.845,110.2465,107.8129,119.672,110.116,119.5473,113.9203,106.9527,100.6843,101.4786,100.1579,101.4162,102.4755,99.53137,101.9078,102.692,102.4024,101.3489,102.2494,102.7572,102.6012,101.5388,102.1292,101.3878,102.0971,103.6922,100.7311,101.7979,102.2285,101.5634,100.6867,102.6723,102.1687,101.1446,101.5787,0.6,-1.0,-0.5,-1.0,0.2,-0.3,-0.9,-0.7,0.9,0.2,-1.5,-0.3,0.5,-0.8,-0.7,-0.3,0.4,0.3,0.7,0.0,0.3,0.4,1.0,0.7,4.0,3.3,5.6,4.2,5.4,6.8,7.8,14.0,-14.49,27.1,7.1,1.1,6.7,10.0,223.11,349.982,334.155242919922,71.6186599731445,10315.62,31974.99,13824.6796875,4977.3603515625
