,TIME_PERIOD,AFG,AGO,ALB,ARE,ARG,ARM,ATG,AUS,AUT,AZE,BDI,BEL,BEN,BFA,BGD,BGR,BHR,BHS,BIH,BLR,BLZ,BOL,BRA,BRB,BRN,BTN,BWA,CAF,CAN,CHE,CHL,CHN,CIV,CMR,COD,COG,COL,CPV,CRI,CUB,CYP,CZE,DEU,DJI,DMA,DNK,DOM,DZA,EA19,ECU,EGY,ERI,ESP,EST,ETH,EU27_2020,FIN,FJI,FRA,GAB,GBR,GEO,GHA,GIN,GMB,GNQ,GRC,GTM,GUY,HKG,HND,HRV,HTI,HUN,IDN,IND,IRL,IRN,IRQ,ISL,ISR,ITA,JAM,JOR,JPN,KAZ,KEN,KGZ,KHM,KOR,KWT,LAO,LBN,LBR,LBY,LKA,LSO,LTU,LUX,LVA,MAR,MDA,MDG,MDV,MEX,MKD,MLI,MLT,MMR,MNG,MOZ,MRT,MUS,MWI,MYS,NAM,NER,NGA,NIC,NLD,NOR,NPL,NZL,OECD,OECDA,OECDE,OECDSO,OMN,PAK,PAN,PER,PHL,PNG,POL,PRK,PRT,PRY,QAT,ROU,RUS,RWA,SAU,SDN,SEN,SGP,SLE,SLV,SOM,SRB,SSD,STP,SUR,SVK,SVN,SWE,SWZ,SYC,SYR,TCD,TGO,THA,TJK,TKM,TTO,TUN,TUR,TZA,UGA,UKR,URY,USA,UZB,VEN,VNM,VUT,WSM,YEM,ZAF,ZMB,ZWE
0,1970,31.05374,38.54877,12.06528,15.31685,394.2868,0.0,,387.642,148.3088,0.0,11.16065,222.6306,10.36389,8.038265,125.3537,73.53749,6.754932,2.438315,0.018063,0.0,0.708423,29.018,694.4573,,3.29747,2.766044,3.169281,6.006851,700.7433,178.9592,87.95509,2137.953,32.43108,18.06662,58.30507,6.929093,149.5468,,16.43442,89.94757,14.57803,0.0,1698.393,1.003181,26.7655,96.1357,29.99366,67.73616,4872.3823242188,36.74096,158.1236,0.0,427.0594,1.130087,0.0,5966.5751953125,101.6341,,830.4267,2.816321,794.7282,0.0,48.0206,16.30516,2.407218,1.879021,96.68159,26.06317,,420.1276,17.74096,1.019927,16.83366,114.644,223.4313,1622.549,57.87679,148.1741,17.34328,10.96516,113.5693,856.2231,12.81176,17.32217,1372.403,0.0,45.95655,0.0,32.2551,134.121,86.85256,12.10882,39.81877,2.650404,24.39163,31.57162,,1.369505,9.9531,1.115964,68.09187,0.0,37.96928,,407.846,0.025536,9.49127,11.17509,71.65648,31.84815,56.46746,12.48335,,12.73741,49.778,8.931308,24.47402,162.4776,20.64037,310.007,88.30463,30.32678,88.06341,16472.876953125,6920.7241210938,7083.0263671875,2469.1271972656,6.653344,164.7596,22.22857,104.2304,172.3364,12.6728,441.9961,95.84493,80.62773,21.45506,9.163567,247.2565,0.0,9.650079,61.814,0.0,41.39552,28.53585,6.188766,17.19113,33.17973,0.0,0.0,,,1.870623,1.320875,119.6032,,,16.78611,18.67408,10.12415,147.7211,0.0,0.0,,25.73696,230.3447,69.90706,52.37226,0.0,31.83758,6565.445,0.0,81.81479,78.41865,,,20.11119,195.8778,26.96226,24.15328
1,1971,30.40457,39.06784,12.11909,18.77549,409.1482,0.0,,409.0457,153.0202,0.0,11.32512,228.8203,10.31347,7.378625,119.7489,75.5104,6.72521,2.515732,0.018678,0.0,0.764508,29.90123,718.0644,,3.336826,2.801648,3.667758,6.25773,737.1935,183.9111,90.92571,2294.296,34.35202,19.13622,60.59777,7.258014,162.6904,,17.08848,82.81326,16.02945,0.0,1740.626,1.042817,29.34544,98.009,32.92663,64.40933,4997.294921875,35.93591,156.2015,0.0,424.8438,1.168486,0.0,6134.611328125,104.1542,,850.3978,3.05928,835.4756,0.0,49.70892,16.58352,2.492866,1.685652,99.83201,26.3643,,424.21,17.86497,1.054582,17.49203,122.4901,230.9783,1619.133,62.57445,166.3289,18.06208,11.09428,117.7294,886.3313,13.05406,19.21364,1473.693,0.0,47.51043,0.0,29.30481,140.9881,103.439,11.58077,41.92844,2.87638,26.49955,31.9245,,1.416039,10.22324,1.153883,72.96898,0.0,37.44403,,406.4944,0.026405,9.979136,11.6085,73.88081,33.21196,60.12544,12.27917,,14.76597,52.96473,9.139991,25.84475,155.8052,20.05021,321.0192,93.41515,30.69813,89.45811,17027.154296875,7147.7646484375,7278.0161132813,2601.373046875,6.642352,163.8605,24.82817,101.482,184.175,13.30756,450.6884,102.1408,80.77629,21.32434,11.46312,267.4146,0.0,9.926122,68.12514,0.0,45.1853,30.28107,6.158904,17.413,33.34936,0.0,0.0,,,1.934183,1.365756,122.1494,,,18.37941,19.00591,10.38558,149.1996,0.0,0.0,,28.23919,237.6062,72.09421,51.4431,0.0,33.5162,6742.436,0.0,83.94426,81.04154,,,22.10554,215.303,29.59675,28.17627
2,1972,28.27852,38.49937,12.18898,21.48565,398.0491,0.0,,421.8173,159.2039,0.0,10.76767,230.17,10.68739,7.470552,118.1144,79.70199,7.400661,2.557616,0.018979,0.0,0.84507,32.98442,764.8785,,3.9473,2.81023,3.839456,6.716152,771.1059,189.6186,89.36652,2382.104,34.96613,20.12364,62.61509,6.867057,157.7227,,18.17653,81.8602,16.90195,0.0,1771.273,1.122241,31.82543,99.08101,34.85841,72.90015,5095.0659179688,35.18243,152.26,0.0,468.4527,1.187315,0.0,6284.2055664063,104.3139,,866.3237,3.142417,826.7469,0.0,46.15594,16.56024,2.601497,1.649394,105.0104,27.22971,,429.4104,17.96119,1.071573,17.36032,121.2835,235.3964,1601.354,61.70406,180.9461,18.00107,11.67992,148.4818,871.5747,13.30679,19.23473,1661.742,0.0,47.65771,0.0,27.22456,137.5607,104.8777,11.48703,45.7636,2.911941,28.13009,34.64495,,1.438856,10.22424,1.172477,73.72073,0.0,37.69164,,419.7207,0.026831,9.021453,11.15669,74.88781,33.838,62.59777,11.59625,,15.55237,57.59715,8.94395,25.93297,143.4059,19.69576,328.6277,91.35686,30.69825,95.94674,17522.58203125,7355.4580078125,7413.271484375,2753.8518066406,6.894159,150.0345,13.96731,95.15336,184.2646,13.88957,480.0105,105.4756,82.97707,21.52163,14.1009,285.9306,0.0,9.81791,72.37307,0.0,43.4225,32.72968,6.496108,17.76392,34.27695,0.0,0.0,,,1.965349,1.387763,122.0606,,,23.01852,19.15895,10.4081,144.6615,0.0,0.0,,30.61979,246.4621,72.72191,52.17071,0.0,29.35849,6862.412,0.0,86.28036,78.01709,,,22.10924,215.2789,32.05233,29.57717
3,1973,29.88949,40.07074,13.54645,30.13144,421.4234,0.0,,455.9776,163.256,0.0,11.2368,237.9861,11.16991,7.309683,123.1018,79.43172,7.949057,2.672236,0.019569,0.0,0.967885,34.56883,815.7985,,4.675452,2.928433,4.010913,6.971566,813.6185,198.5997,97.57087,2485.134,37.65619,21.21265,65.32597,6.723443,164.9643,,19.793,91.63822,17.84997,0.0,1811.349,1.191488,33.22213,104.6456,36.75442,75.5708,5336.9311523438,36.84443,143.9269,0.0,481.631,1.22423,0.0,6584.0927734375,108.4742,,919.1811,3.927133,856.8336,0.0,46.23166,16.78798,3.021314,1.684033,113.3727,29.08556,,456.9364,18.04445,1.104891,17.35553,130.0737,265.2673,1678.358,64.85474,210.738,18.087,12.45036,160.5245,961.418,12.73485,20.29715,1922.192,0.0,51.39211,0.0,25.56466,157.9428,102.3061,11.01197,48.81833,3.041888,32.92151,32.97002,,1.483591,10.8,1.20893,71.92837,0.0,38.914,,439.5899,0.027665,9.134593,12.16248,78.84721,34.61423,65.07664,11.60985,,15.41662,68.6169,9.317703,19.99909,154.4116,21.11351,340.4821,96.62523,31.62694,102.5507,18564.3359375,7755.142578125,7795.4291992188,3013.7641601563,7.268495,152.6235,15.06303,92.4974,196.5432,15.5418,516.3671,110.1246,86.73959,22.72993,16.61209,288.4207,0.0,10.22505,83.31641,0.0,47.15463,37.7753,6.317441,18.41669,33.14108,0.0,0.0,,,2.026453,1.43091,127.1179,,,16.84431,17.75044,11.01634,160.0898,0.0,0.0,,32.46233,251.4469,76.72198,52.45771,0.0,32.60288,7083.135,0.0,90.83597,78.80438,,,22.74744,205.3916,31.10023,24.7001
4,1974,31.34009,39.84086,13.83561,50.76421,426.9407,0.0,,478.6123,165.8307,0.0,11.28263,237.482,10.42165,8.503346,123.1175,77.964,9.14916,2.682088,0.020535,0.0,1.037813,38.17637,875.0732,,6.415998,3.044889,4.667299,6.824894,856.3256,195.211,98.76218,2520.13,39.06874,22.17696,68.12437,6.910471,171.6234,,20.65959,92.31631,16.81641,0.0,1774.167,1.246665,34.76757,97.17275,38.83415,87.14348,5265.0893554688,41.648,137.5117,0.0,486.9246,1.284707,0.0,6543.8725585938,110.4495,,933.8807,5.773789,796.7302,0.0,48.61397,16.91995,3.088993,1.744734,110.096,29.78517,,455.1795,18.1643,1.159473,17.68102,132.3326,301.6399,1673.458,66.28884,255.4679,18.28119,9.578083,194.57,901.6142,14.10768,20.95147,1813.146,0.0,52.54684,0.0,23.99312,175.7425,149.6451,11.01454,56.026,2.926965,44.54191,34.27176,,1.556882,11.06787,1.268653,79.97417,0.0,39.79206,,465.1862,0.029031,9.495052,12.3927,78.39693,34.66798,59.31089,10.86602,,15.6008,72.9421,9.779138,21.07832,172.3659,24.01613,343.7886,95.49529,32.29716,101.4361,18448.474609375,7735.2143554688,7708.5517578125,3004.7092285156,10.49876,164.1481,17.02033,99.45141,206.5551,15.87296,537.1852,115.2065,86.55171,24.46253,16.68276,302.8476,0.0,10.26863,132.3531,0.0,56.78067,38.91015,6.430453,19.44007,33.38044,0.0,0.0,,,2.126562,1.501599,130.1215,,,24.62816,16.26019,11.42658,165.6547,0.0,0.0,,36.59629,272.2384,77.72559,53.65642,0.0,36.88294,6880.637,0.0,98.45943,78.76696,,,23.12682,246.8962,31.58009,30.61344
5,1975,32.8657,35.24518,14.94481,54.47092,420.2076,0.0,,489.5869,159.6526,0.0,11.86303,230.8798,10.64337,9.423141,130.6138,82.59901,8.842606,2.644498,0.020764,0.0,1.000249,40.0747,925.8475,,6.499125,2.889832,4.441061,7.10644,835.3073,182.5892,63.19833,2693.002,42.4414,24.10748,67.94021,6.916924,178.1798,,20.85658,98.03596,16.68529,0.0,1719.408,1.257454,34.27357,97.45968,37.95253,92.65175,5145.0522460938,44.67556,142.8513,0.0,492.0839,1.299048,0.0,6453.2216796875,104.1423,,887.1384,6.350442,797.1096,0.0,48.77491,17.03867,3.14942,1.827604,115.2254,30.70369,,458.0309,17.89054,1.172415,17.57138,135.4528,301.6501,1757.501,66.45536,277.3647,19.30801,10.03986,179.2358,901.5287,14.78022,24.57277,1692.366,0.0,52.68095,0.0,22.74981,182.4323,125.6695,10.8073,49.97461,2.901983,41.30102,32.69885,,1.574261,10.95387,1.282814,80.39453,0.0,40.21054,,495.5635,0.029356,10.89558,12.99704,80.58989,36.26628,54.39622,11.24011,,15.79191,72.13302,8.63907,21.2057,171.5595,23.98792,334.8342,95.15211,32.86188,92.70893,17878.998046875,7371.0283203125,7587.4633789063,2920.5053710938,11.50043,163.4877,15.10316,93.1797,218.3235,15.0074,557.7656,123.5883,85.24252,25.84903,16.92886,310.1434,0.0,10.86233,123.4104,0.0,54.64342,38.17078,6.448078,20.55023,35.92677,0.0,0.0,,,2.1503,1.51836,123.5766,,,27.82421,17.36818,11.2752,172.7273,0.0,0.0,,40.28683,281.9027,82.69847,56.3444,0.0,33.58033,6475.827,0.0,101.0037,77.34961,,,25.395,227.9602,30.03161,29.39959
6,1976,33.98202,32.17591,16.87298,67.21831,432.0762,0.0,,493.7787,163.8321,0.0,12.00589,236.6351,11.10232,8.422591,128.7892,85.28101,11.37953,2.717422,0.02309,0.0,0.882448,42.42756,1049.973,,7.346113,3.138584,4.675975,7.560686,889.5421,186.8855,73.60059,2819.04,46.76335,23.59056,67.93162,6.898591,185.9723,,21.23803,101.3304,17.54897,0.0,1743.357,1.384525,37.68347,100.5442,40.75581,99.68678,5280.3662109375,45.19206,154.7732,0.0,530.6726,1.444524,0.0,6647.1494140625,104.8591,,909.6721,7.819326,757.525,0.0,46.15593,17.52241,3.100842,1.850283,119.2303,33.0134,,456.9605,18.78027,1.30371,18.27054,137.6023,326.5027,1765.39,64.35168,345.0758,22.20238,10.07596,177.0732,921.3453,13.35672,32.05941,1775.666,0.0,53.23186,0.0,20.29457,222.2034,142.3013,10.31697,25.55386,2.986042,50.03626,32.11443,,1.750556,11.34472,1.426472,91.45815,0.0,40.57394,,493.7133,0.032644,11.18371,13.80984,81.82143,36.60851,51.50803,11.78213,,16.98814,81.9658,8.525414,24.7753,169.6385,24.90588,345.907,102.0873,32.90398,91.63856,18266.220703125,7465.1850585938,7775.6909179688,3025.3442382813,12.87259,176.1982,14.09126,112.3774,236.0989,15.61589,578.2852,123.5738,89.09933,28.72661,22.6659,338.6494,0.0,10.92701,158.3177,0.0,53.60257,39.61233,6.159437,21.14802,35.82127,0.0,0.0,,,2.391104,1.688395,125.1176,,,33.33219,17.39441,11.11297,189.8833,0.0,0.0,,40.6104,309.3615,83.96994,56.10112,0.0,32.48561,6578.493,0.0,120.7561,86.63622,,,25.42636,227.7638,30.00797,29.64685
7,1977,32.18196,31.68321,17.54127,71.89211,449.9167,0.0,,465.2596,163.6461,0.0,12.21826,237.9269,11.20242,9.20057,137.2191,86.63654,13.01147,2.754515,0.023284,0.0,1.221017,42.66813,1105.286,,7.922986,3.422476,4.676074,7.869984,915.6569,188.375,81.53094,2937.949,52.22453,24.73644,71.42828,6.698659,190.0207,,23.56813,102.0537,18.81661,0.0,1760.749,1.396059,39.33448,102.2122,41.96181,103.7992,5323.8720703125,50.75286,163.0509,0.0,520.4924,1.456654,0.0,6712.4521484375,104.6177,,912.4592,7.150044,762.843,0.0,43.57244,17.60622,3.047162,1.796285,125.8017,34.99946,,461.9171,20.10312,1.314658,18.02695,145.1186,341.8571,1848.016,66.08035,364.3174,22.2988,10.44808,158.9677,933.8423,12.54013,34.28419,1911.349,0.0,56.38931,0.0,19.28658,260.6856,131.0685,10.62132,38.90506,3.646288,51.09731,30.69587,,1.765256,11.59717,1.43845,88.36518,0.0,39.40182,,491.345,0.032916,11.33001,14.00387,86.34157,35.84528,51.10089,11.78592,,17.48969,86.62689,8.70096,27.49004,180.3817,26.4924,351.4908,100.4776,32.63395,91.80688,18700.8828125,7745.32421875,7839.0180664063,3116.5407714844,12.37557,188.5802,14.3743,121.9929,229.7398,16.05395,584.9956,124.9208,93.57392,31.46412,21.5499,343.5135,0.0,11.24926,183.3035,0.0,53.38768,40.03675,6.183026,23.52686,37.18214,0.0,0.0,,,2.411183,1.702575,124.7887,,,30.1945,18.98832,11.34633,197.4511,0.0,0.0,,43.97472,318.3493,87.55286,55.33469,0.0,31.97651,6770.855,0.0,124.8967,88.61275,,,25.24501,234.0726,28.37128,29.16263
8,1978,32.8084,31.08551,18.29241,62.69791,451.0417,0.0,,457.1442,163.8815,0.0,12.36556,241.6265,12.04384,9.818005,142.7027,89.72018,14.3056,2.794739,0.023376,0.0,1.7022,45.28437,1168.668,,7.498302,3.523617,4.508744,8.095489,889.8834,189.9718,80.60783,3202.512,54.85017,25.06358,74.16624,6.299397,201.6296,,25.07737,110.4749,19.72096,0.0,1782.154,1.388693,38.02122,101.2025,39.45719,113.8353,5387.587890625,50.67875,170.7044,0.0,543.9095,1.462463,0.0,6815.2387695313,110.0332,,909.1152,5.768161,805.9112,0.0,41.60989,17.65687,3.285644,1.68857,124.9141,34.12109,,469.8505,20.95494,1.319902,18.35135,150.8319,354.2166,1915.889,71.51008,370.7282,24.54995,10.56869,178.2975,930.4993,10.95361,41.01348,2126.778,0.0,57.19701,0.0,18.21095,285.6744,141.7802,11.01179,37.7977,3.503456,46.15231,27.7187,,1.772298,11.81569,1.444187,94.58705,0.0,41.91743,,541.0765,0.033049,11.96807,13.90773,91.45507,35.81612,48.18464,11.6604,,17.877,93.70215,7.988911,29.5001,177.4485,25.88234,355.2686,106.6009,33.38206,89.81796,19358.662109375,8108.5087890625,7971.7661132813,3278.3876953125,11.26291,188.9242,15.53436,111.2493,232.8834,16.63713,608.791,124.7787,100.4226,33.29294,23.06229,351.1032,0.0,11.54954,188.9722,0.0,56.32558,41.01115,6.283057,24.72795,39.12611,0.0,0.0,,,2.420801,1.709365,124.6818,,,34.43244,19.35908,12.8135,210.2899,0.0,0.0,,43.61914,338.2313,88.47544,55.34865,0.0,32.36986,7024.988,0.0,141.6706,89.74778,,,25.24542,234.7909,25.67881,28.01
9,1979,31.96263,31.3198,18.15565,71.36629,455.0607,0.0,,454.7469,166.2428,0.0,12.88387,250.576,12.44663,10.4863,144.9794,93.7886,12.34895,2.882378,0.023565,0.0,1.577142,45.7729,1237.883,,9.053333,3.682431,4.689597,9.089803,903.498,196.5449,91.49693,3345.911,58.41301,28.77691,73.99316,6.687628,205.3618,,25.97065,110.0821,21.8787,0.0,1829.708,1.428192,39.13802,103.4096,40.73117,124.494,5528.1108398438,56.39753,145.7274,0.0,537.3502,1.474245,0.0,6948.6318359375,114.3101,,937.7616,6.467963,871.0059,0.0,39.29859,17.79755,3.213989,1.69364,132.9853,34.42262,,470.3718,21.71565,1.330534,18.44484,147.6939,349.8408,1851.313,73.74796,309.3868,26.54498,11.22667,221.9857,951.0985,9.57653,49.13444,2098.086,0.0,58.2419,0.0,16.64247,310.0566,187.932,11.45115,41.89461,3.817592,54.16303,30.1162,,1.786574,12.22072,1.45582,99.44113,0.0,41.55267,,573.3945,0.033315,11.90355,14.58393,94.42907,36.86583,47.04898,11.90676,,17.98173,105.2721,8.708564,31.51749,184.9969,22.00643,369.9134,110.5308,32.41333,91.77087,19862.9140625,8348.6083984375,8128.8764648438,3385.4299316406,12.18608,197.8871,16.12406,94.03751,234.3644,17.15453,584.0419,131.6755,106.8535,35.43222,26.99137,361.5219,0.0,11.32865,215.5501,0.0,56.81256,43.43252,6.049853,24.61935,38.89758,0.0,0.0,,,2.440301,1.723134,128.7347,,,34.92149,18.95484,12.86156,212.6074,0.0,0.0,,46.62963,333.9178,90.63812,48.67012,0.0,36.80855,7188.419,0.0,138.225,91.75583,,,26.31675,240.2675,25.65944,25.62638
10,1980,31.35287,32.6215,19.19615,78.6769,437.1791,0.0,,481.2858,165.8028,0.0,12.70798,248.0177,14.07863,9.990323,136.5402,92.56322,13.46969,2.840178,0.024323,0.0,1.601339,46.54615,1321.278,,11.72467,4.159771,5.48895,9.254614,901.8741,197.5995,100.6916,3392.246,61.34657,31.15885,72.02136,7.388373,205.1162,,26.53189,105.6058,22.46306,0.0,1818.774,1.50347,38.17207,97.30951,40.02105,133.9262,5523.353515625,61.52094,151.8443,0.0,551.233,1.521689,0.0,6937.9770507813,112.7598,,941.2611,7.625481,909.3159,0.0,37.20196,17.92022,3.320641,1.700002,132.201,36.69926,,485.1763,22.63421,1.373354,19.27776,148.4803,387.7125,1891.179,71.25527,281.0411,26.84383,11.16098,185.1632,952.8255,11.71074,47.92452,1985.884,0.0,58.92892,0.0,19.01593,268.2567,178.8692,12.58193,44.07792,3.860466,62.62272,30.71011,,1.844071,12.26468,1.502673,100.6966,0.0,39.97646,,666.2943,0.034387,12.01969,15.23467,96.40793,37.69723,44.73615,12.27621,,18.00268,115.5498,10.14515,33.74364,196.3006,20.7136,362.2402,109.7613,34.6075,89.79744,19393.935546875,7980.7607421875,8099.9135742188,3313.26171875,15.39807,200.606,17.19062,97.33917,239.8472,18.31731,586.8901,133.3526,107.8547,39.10728,29.22878,360.1847,0.0,11.62026,318.9406,0.0,57.72535,44.99056,6.001083,22.75094,39.28687,0.0,0.0,,,2.518837,1.778589,127.8223,,,43.70294,19.17784,12.06436,209.3329,0.0,0.0,,50.52153,324.5171,89.79995,47.87559,0.0,43.87916,6714.514,0.0,138.1712,78.40878,,,26.57971,266.0424,26.39157,27.98437
11,1981,30.95099,32.5785,20.05171,80.08856,456.8423,0.0,,502.8743,159.802,0.0,13.05618,241.1551,14.11417,10.67143,137.1515,94.99257,14.35852,2.868221,0.024885,0.0,1.284943,47.94875,1399.499,,9.188777,4.393226,6.00164,9.06573,886.2817,195.3937,111.3745,3424.222,57.47547,30.38708,70.10312,7.867073,206.7411,,20.18605,109.6722,21.95615,0.0,1753.493,1.621657,38.01466,91.46956,40.27097,134.38,5380.9448242188,59.52857,135.8551,0.0,549.4224,1.556793,0.0,6737.1030273438,105.5927,,919.9202,7.165894,877.5062,0.0,39.03499,18.14797,3.4987,1.697614,138.4776,38.1206,,490.7911,23.3517,1.405036,19.82042,147.5196,434.0738,2021.716,69.18486,283.2037,25.69258,11.10847,199.1065,925.6233,11.7209,42.60553,1969.312,0.0,58.40204,0.0,19.39831,283.4883,151.7486,13.08633,43.07542,3.606366,56.63253,30.71006,,1.886612,12.05202,1.537338,86.77448,0.0,40.02471,,748.7778,0.035181,12.64075,15.08369,101.1594,38.33804,44.47368,13.01378,,18.84685,119.9997,9.604307,33.69095,196.1698,21.68923,350.9346,110.3402,35.38145,89.13817,19023.3046875,7821.9448242188,7881.8720703125,3319.4873046875,19.66461,218.3687,17.0674,106.9952,247.195,17.73837,542.9902,136.4905,108.8699,42.63223,30.30188,352.9391,0.0,12.27888,341.2611,0.0,59.25463,47.87695,5.976427,21.11031,41.32631,0.0,0.0,,,2.576944,1.81962,124.8423,,,50.5105,19.20535,11.05215,224.013,0.0,0.0,,50.45214,332.3026,92.77149,51.07835,0.0,45.80399,6693.768,0.0,153.9078,76.23313,,,27.28677,301.9155,25.56825,35.16594
12,1982,30.49833,33.00639,18.45668,73.88222,443.6225,0.0,,490.4902,168.2319,0.0,13.85849,237.1174,14.23867,10.53854,139.1214,99.78272,15.49571,2.891029,0.024776,0.0,1.212237,48.2509,1449.462,,9.745831,4.506203,5.529034,9.085558,827.0408,192.3117,93.32453,3643.479,56.30676,30.69584,72.21806,8.2027,211.9208,,19.65347,112.4454,21.98264,0.0,1712.712,1.699195,38.73233,93.73121,42.94117,145.4532,5314.162109375,56.4036,147.1508,0.0,559.738,1.549979,0.0,6697.9692382813,110.8997,,897.3344,6.851252,891.8422,0.0,39.34332,18.15866,3.594005,1.748659,135.6403,38.91518,,508.4327,23.21432,1.398887,20.18342,158.0624,435.3444,2097.12,67.66057,338.139,26.66991,10.9583,182.5045,915.8491,12.15282,45.28999,1856.894,0.0,62.33883,0.0,21.61147,303.6532,143.3731,13.31471,32.01304,3.62716,57.73331,33.51655,,1.878353,11.94639,1.530608,90.981,0.0,40.94956,,703.6688,0.035026,12.5921,15.27059,105.3872,41.94546,44.77731,13.19968,,19.57983,132.5158,9.229846,34.15014,204.5533,22.52162,336.4137,112.0931,34.16348,89.44584,18596.984375,7516.6997070313,7857.0278320313,3223.2568359375,22.9999,229.9938,16.96403,112.0079,250.5628,17.81934,539.52,141.4291,114.029,43.18714,26.15232,367.0536,0.0,12.64197,337.1269,0.0,56.43858,49.56186,6.256244,20.3916,42.68105,0.0,0.0,,,2.565664,1.811655,124.2585,,,50.07551,19.68226,10.65296,235.5329,0.0,0.0,,51.02098,338.6499,95.43662,52.92194,0.0,40.62198,6553.419,0.0,133.8004,84.38422,,,27.9823,270.0479,28.47597,31.32229
13,1983,29.0652,33.3983,18.91198,67.49657,443.8164,0.0,,474.1187,164.1931,0.0,14.66038,229.5708,13.9511,9.663496,141.6589,95.99608,16.96282,2.843127,0.025256,0.0,1.165513,48.98653,1373.307,,9.105119,4.360878,5.476462,9.157495,885.5345,189.4729,85.2764,4059.254,50.69592,30.52643,71.02273,7.819443,209.9571,,20.961,114.4998,21.58683,0.0,1709.368,1.79157,41.16273,92.66975,44.95648,154.9118,5233.3950195313,53.3384,162.3423,0.0,548.834,1.580016,0.0,6614.8994140625,113.3778,,869.9953,6.535363,883.7513,0.0,38.55009,18.43853,3.403126,1.756153,138.1664,38.23268,,522.5911,24.70213,1.425995,20.17158,149.5966,446.7798,2241.879,66.69022,381.2594,26.43782,10.99186,199.6754,900.0861,12.43542,44.96895,1898.884,0.0,62.69125,0.0,22.87947,336.7567,128.6627,13.5796,34.66379,3.361664,57.33482,34.22934,,1.914754,11.91022,1.56027,87.26789,0.0,42.15408,,668.9833,0.035705,12.50111,15.44995,110.0008,43.42029,42.40941,12.37231,,18.97794,139.4942,9.528462,34.50969,204.9361,21.64091,328.0112,106.9031,37.31022,99.63374,18488.10546875,7492.6557617188,7778.1640625,3217.2866210938,29.38247,231.7706,16.43179,94.71239,228.8888,17.36892,558.5613,140.8686,106.6381,43.27116,21.73124,359.0967,0.0,13.28777,355.1675,0.0,55.9538,52.67382,5.842742,21.77775,41.20642,0.0,0.0,,,2.615384,1.846763,124.1579,,,53.35768,20.50747,10.0512,247.3528,0.0,0.0,,60.56657,332.7771,98.30029,55.65639,0.0,28.82651,6566.234,0.0,127.0096,93.63615,,,29.54156,252.7506,25.34344,26.47547
14,1984,27.09589,35.40048,19.33043,75.70353,447.16,0.0,,501.9796,171.2816,0.0,14.95105,239.2503,15.21249,9.504152,146.0548,102.1161,17.231,3.029915,0.026903,0.0,1.200864,48.38541,1436.208,,8.761888,4.454507,5.661325,8.817711,898.5535,195.9616,89.74153,4475.229,53.07909,32.08104,68.30888,9.097187,211.9471,,22.93991,122.5786,22.86956,0.0,1756.485,1.899303,42.05254,97.08255,47.77036,172.5428,5370.8461914063,59.32495,179.8766,0.0,562.4417,1.68311,0.0,6794.5424804688,114.8266,,883.332,6.936815,853.0884,0.0,43.67414,18.93952,3.57313,1.797894,144.0475,38.37314,,542.0443,26.09797,1.51904,20.40369,151.2614,462.3218,2262.01,69.24212,402.2558,28.30032,11.84058,199.5461,916.68,10.65768,48.08249,1991.045,0.0,60.84433,0.0,22.41399,358.4743,141.9187,14.44859,28.9572,3.379191,53.83949,36.43332,,2.039689,12.44602,1.662076,87.31104,0.0,41.6027,,698.1541,0.038034,11.29415,17.07231,112.5641,41.22256,44.11528,11.91173,,19.11767,154.3268,9.563215,24.80314,202.9894,22.74985,345.6566,114.0438,37.30376,108.5713,19390.07421875,8014.6254882813,7976.5541992188,3398.8937988281,26.27604,235.8968,16.7251,100.6722,226.9533,17.53156,574.9504,143.0577,105.0767,42.94773,26.59355,364.1126,0.0,13.37793,320.9423,0.0,54.41524,56.95393,6.427854,23.35925,42.35144,0.0,0.0,,,2.786033,1.96726,132.6543,,,55.98877,17.41497,10.82201,264.1547,0.0,0.0,,59.35371,361.4511,96.94244,53.46959,0.0,27.04072,7263.62,0.0,118.7145,104.8129,,,34.79947,266.6844,25.82771,27.63589
15,1985,25.56946,37.44133,19.11148,76.58631,436.0049,0.0,,487.5688,164.5826,0.0,16.25093,244.8782,15.45636,12.0463,149.7566,95.83581,16.51853,3.119266,0.027566,0.0,1.17768,51.60747,1560.301,,8.557673,4.771433,5.296434,9.149992,941.0999,200.7366,84.99289,4758.381,50.32753,34.42456,70.94337,9.036714,213.9239,,23.52281,116.9563,23.40176,0.0,1758.105,1.970694,40.02689,98.92886,33.07865,181.8995,5494.5815429688,61.17879,193.3874,0.0,579.5593,1.724561,0.0,6886.1948242188,115.4998,,900.0436,7.115998,906.1871,0.0,44.98365,19.07519,4.030947,1.93851,149.8406,41.01312,,552.59,26.16377,1.556451,20.16643,146.3368,470.1901,2296.407,67.94499,345.7972,30.70114,16.38214,192.7314,990.5815,9.933578,52.68777,2045.929,0.0,64.90578,0.0,24.28395,367.4889,141.768,15.14058,28.17241,3.485212,56.40463,39.59781,,2.089922,12.70523,1.70301,93.23077,0.0,42.0964,,722.9429,0.038972,13.82363,17.99655,117.6319,46.2052,49.20041,12.48834,,19.26756,149.0645,8.658531,25.40745,209.8665,21.91479,349.5213,118.0853,37.87152,105.8701,19970.318359375,8362.7978515625,8166.2509765625,3441.2702636719,29.1398,240.2241,16.9504,98.24419,208.8059,17.19487,565.924,146.4601,109.5332,43.51849,23.4116,350.897,0.0,14.49746,267.9514,0.0,58.21824,56.8851,6.058929,24.9712,44.03275,0.0,0.0,,,2.854649,2.015712,132.1345,,,41.71467,19.33661,11.39921,265.3893,0.0,0.0,,62.50029,379.3304,101.3254,55.34729,0.0,27.75462,7659.556,0.0,127.3067,105.9851,,,35.11206,247.4619,25.62134,36.41331
16,1986,23.0517,36.7458,19.66374,62.17764,433.5396,0.0,,474.7166,170.353,0.0,16.8701,249.0417,15.68582,13.9958,150.5419,106.09,14.39314,3.134106,0.027427,0.0,1.327185,47.57124,1596.592,,6.158693,5.30986,5.613837,9.942755,950.72,204.7273,84.77709,5182.096,55.38258,36.75273,73.00722,8.952791,219.2814,,24.46736,113.9466,22.90285,0.0,1762.979,1.956366,39.47169,101.6273,33.51657,202.515,5542.7944335938,66.59692,188.2374,0.0,588.3116,1.715826,0.0,6981.9169921875,122.33,,907.0741,6.388635,949.1719,0.0,45.97953,18.48827,3.547228,2.051776,148.7074,38.02844,,568.62,26.03391,1.548566,19.33632,145.6203,487.5465,2340.343,68.25655,303.9403,30.85334,16.30852,221.2011,992.0921,10.69835,56.2443,2410.831,0.0,69.73219,0.0,25.86668,391.3823,122.1113,15.52555,29.76985,3.972458,42.46188,40.69379,,2.079336,12.67512,1.694383,106.9208,0.0,43.90162,,646.2198,0.038774,15.0125,17.69711,116.1419,47.80111,51.38446,12.82458,,19.57862,139.8364,9.040324,27.55964,209.3194,20.9135,356.9255,120.7485,38.13506,93.24062,20342.416015625,8458.3837890625,8331.5771484375,3552.4536132813,22.82148,246.4583,17.11557,112.803,209.6093,17.55345,590.9654,146.4719,113.1134,44.94143,19.1778,359.3489,0.0,13.98561,240.4622,0.0,52.44894,55.4771,5.595807,23.08148,44.51143,0.0,0.0,,,2.840189,2.0055,133.9221,,,40.26015,19.58151,13.10136,258.3091,0.0,0.0,,52.28535,421.7581,99.78342,56.479,0.0,29.16179,7615.179,0.0,136.8656,108.643,,,34.85546,246.0862,23.60074,36.19705
17,1987,23.75815,37.64682,19.99546,64.01147,438.8693,0.0,,478.2642,171.1691,0.0,17.12198,253.6584,15.17884,13.13273,151.4248,109.5726,13.57696,3.146654,0.028147,0.0,1.449002,48.84834,1686.121,,6.184939,5.754588,6.17568,9.675482,1013.136,209.1385,88.03904,5495.341,56.0127,36.02658,71.77704,8.642659,219.2301,,24.21295,114.5963,23.35016,0.0,1762.804,1.910554,41.70992,102.5803,33.59229,196.5324,5628.8950195313,61.02598,186.4073,0.0,601.2771,1.760909,0.0,7066.0639648438,117.8415,,926.8337,6.001376,1004.767,0.0,46.48506,18.9292,3.60232,2.104847,156.0646,36.16051,,604.064,25.94168,1.589254,23.84929,146.9124,477.8756,2374.989,69.59081,318.5143,33.59822,17.62015,249.4845,1026.16,11.60202,63.44121,2565.753,0.0,67.93283,0.0,26.36632,434.8655,129.7879,15.62644,23.19286,4.181487,37.53274,38.00213,,2.13397,13.01039,1.738902,102.9277,0.0,42.10162,,669.6456,0.039793,14.91831,18.3563,113.6776,50.81823,35.56437,13.09205,,19.3759,144.8445,9.515588,28.57601,203.9795,19.66904,361.4588,120.8551,40.03188,94.47726,20945.5546875,8798.77734375,8502.5556640625,3644.2216796875,20.90966,271.7497,17.02826,124.8737,206.8556,18.10226,588.408,143.6445,116.7133,45.40803,19.39312,352.7609,0.0,14.3497,232.2975,0.0,54.3031,57.71514,5.165555,25.07846,46.01406,0.0,0.0,,,2.914812,2.058194,135.3455,,,38.79978,20.17772,13.47067,273.6328,0.0,0.0,,59.04895,467.0291,95.91076,55.20328,0.0,32.32106,7807.739,0.0,137.977,152.9131,,,33.00528,265.0572,22.76112,30.53884
18,1988,22.68454,40.79395,19.51896,59.79919,445.9118,0.0,,507.1361,176.0724,0.0,17.28383,261.996,16.07271,15.38847,163.6333,115.8032,14.13623,3.158996,0.02915,0.0,1.490027,49.92534,1699.881,,6.291181,5.894235,6.959587,9.873714,1061.622,210.2072,94.26064,6022.166,54.66274,35.58793,74.55754,8.679897,227.2895,,23.56996,116.7011,24.35067,0.0,1790.887,1.908915,43.96114,103.9967,31.97434,175.5276,5819.4248046875,63.67441,190.2337,0.0,638.8222,1.823621,0.0,7283.9501953125,126.2258,,972.2994,5.904747,1075.135,0.0,49.60749,19.62675,3.813743,2.11223,170.2032,37.89544,,617.6011,25.63007,1.645853,24.19744,145.3806,501.9992,2543.739,70.6869,319.1688,34.20835,17.49563,284.5022,1050.501,12.65206,53.93903,2766.334,0.0,71.01604,0.0,28.4372,502.7573,123.3314,15.73029,30.02461,4.753857,38.69525,36.86806,,2.209968,13.63318,1.80083,112.5986,0.0,41.58696,,688.4692,0.041209,17.31738,19.08169,111.1675,50.97311,34.29205,13.49676,,20.25921,149.5223,10.02667,32.86016,219.7142,19.32487,372.6492,121.3336,42.65984,96.89465,21433.978515625,8922.234375,8747.3173828125,3764.4272460938,20.41101,265.2264,15.35382,112.3756,207.318,18.5541,597.0981,151.004,121.0315,49.57355,20.54389,359.6121,0.0,13.97931,234.285,0.0,52.23082,64.01782,5.625845,25.77563,48.09378,0.0,0.0,,,3.018621,2.131495,140.9892,,,47.18248,21.59136,15.56244,309.1288,0.0,0.0,,48.31335,461.4052,95.08152,57.80766,0.0,32.36285,7806.723,0.0,143.7028,128.4749,,,33.6723,266.177,30.74073,36.69925
19,1989,22.01258,39.50827,20.02634,70.93757,382.7742,0.0,,539.3032,177.152,0.0,17.19969,269.1961,16.47429,14.81043,173.3913,124.7068,15.85273,3.279658,0.026766,0.0,1.76679,51.50904,1770.763,,6.720024,6.191312,8.250054,10.03604,1104.819,217.2924,103.5843,6177.936,55.18382,35.21763,81.84461,9.088896,231.5233,,25.59263,117.2993,25.88016,0.0,1833.226,1.924146,45.07724,105.6431,35.86472,179.0676,6022.0170898438,64.44228,199.9637,0.0,690.0553,1.674431,0.0,7469.8754882813,132.165,,998.391,6.099616,1082.731,0.0,51.94959,20.35296,3.957108,2.068447,174.3569,38.70882,,637.7006,26.63251,1.511206,28.07745,143.3646,532.4782,2644.897,73.65816,324.232,34.39783,18.1377,279.6555,1087.564,13.17606,41.60929,2789.579,0.0,72.65666,0.0,29.61653,569.0676,137.4676,16.80494,26.45349,4.871273,40.39929,36.90878,,2.029172,14.0357,1.653505,114.6963,0.0,42.65267,,726.1002,0.037839,16.93226,19.90432,105.297,51.57799,35.30974,14.03144,,21.12903,163.6627,9.897362,31.57947,224.1715,21.3714,386.639,128.1321,44.19859,95.25415,21838.986328125,8965.0400390625,8977.3955078125,3896.5512695313,21.70988,276.1574,14.88334,116.0733,222.9783,18.60233,585.8809,165.7987,129.7077,47.98871,24.10268,343.6536,0.0,14.6082,241.4387,0.0,55.24693,69.97978,5.604533,26.71717,48.46231,0.0,0.0,,,2.771667,1.957118,143.0981,,,38.66087,20.88405,15.52201,353.8009,0.0,0.0,,45.79703,447.4969,103.3328,59.53213,0.0,30.65809,7872.444,0.0,123.73,131.8365,,,38.30717,279.9468,30.19744,34.85993
20,1990,21.65133,36.74064,21.79176,83.39187,391.9104,0.0,1.211321,553.6195,171.6921,0.0,23.16953,271.6961,18.36589,12.78796,177.957,122.6548,14.85503,3.228378,0.027178,0.0,2.572609,45.68139,1811.693,5.707146,7.436452,3.046472,8.438416,10.82577,1056.071,215.6444,105.0961,6059.479,55.87812,36.44714,86.87722,9.609578,231.4232,1.865475,26.8383,100.6755,26.43021,0.0,1788.624,1.995768,41.09139,104.1398,37.18888,177.0618,6016.0869140625,66.93524,214.1958,0.0,701.7057,1.700244,0.0,7325.2470703125,132.5948,6.223347,1005.245,6.875053,1092.016,0.0,50.8634,21.4477,3.972068,3.01126,173.5022,37.39071,43.88509,643.3594,23.47974,1.534503,28.10024,134.5407,565.744,2676.867,76.63574,378.8681,36.17491,17.57439,364.7591,1097.959,14.43602,33.81628,2757.311,0.0,75.74139,0.0,29.96695,622.2296,60.43217,17.14698,18.55591,3.535482,39.14767,39.31516,6.039271,2.060453,14.07477,1.678996,107.973,0.0,46.60849,0.6910313,801.5818,0.038422,16.46082,20.17176,115.5137,52.71984,36.91905,14.54537,16.59609,20.62164,158.9411,9.581345,36.3273,235.0867,21.73326,391.3336,125.8969,45.74166,98.21267,23466.935546875,10283.5546875,8787.248046875,4396.1318359375,22.50722,280.6203,16.18508,96.88017,252.358,21.29104,513.3131,192.3889,134.1804,48.69855,22.4573,287.5681,0.0,14.31611,240.4643,0.0,57.37212,77.16177,6.302133,26.18666,45.81936,0.0,0.0,0.6099874,6.387374,2.814395,1.987288,145.4092,8.171736,0.9041761,36.29794,21.6352,17.16178,387.8007,0.0,0.0,4.887475,50.57577,469.2292,98.33654,60.52129,0.0,29.7899,8062.544,0.0,115.3748,130.1537,1.06462,0.8224164,47.17397,265.2407,26.70941,33.4168
21,1991,23.02003,47.10469,19.37265,84.08922,424.3929,0.0,6.736668,527.4415,207.5489,0.0,13.49111,280.5462,18.22628,17.75563,175.4531,79.81359,15.76167,3.048386,20.14961,0.0,2.498985,46.34227,1798.631,11.3992,6.80803,13.12516,8.38571,10.31204,951.1652,246.6353,102.4759,6318.075,55.35036,37.23974,86.00708,6.736329,228.022,7.149359,25.35422,128.5627,27.0849,0.0,2010.679,1.803343,41.41223,103.2906,36.53893,163.4757,6701.7001953125,65.68547,198.7821,0.0,724.7585,34.15298,0.0,8040.857421875,133.7233,11.46208,1063.165,7.005246,985.1502,0.0,60.97327,21.70153,3.832257,1.713396,178.1225,45.82742,49.31304,689.712,23.37958,27.43232,27.67711,147.0198,586.912,2709.588,124.6017,399.0703,33.1907,15.46906,233.5149,1179.474,11.8467,25.08741,2784.232,0.0,70.64198,0.0,30.82343,710.2292,114.0754,17.15199,26.20589,4.12685,41.11272,39.22594,37.74076,33.64302,14.85001,43.86257,122.0551,0.0,43.41059,4.91006,818.1238,6.424839,19.29762,17.38276,117.3635,39.94167,35.65286,13.18052,26.42052,22.72568,188.4354,10.32952,34.84008,254.0782,22.43273,395.757,120.7132,45.12794,111.264,23608.908203125,9697.62109375,9544.60546875,4366.681640625,29.0585,289.5783,14.70477,105.5481,223.4368,25.74947,577.7853,139.9489,140.9998,43.86584,22.90827,258.0021,0.0,15.4219,275.4357,0.0,50.04734,77.70562,5.838998,29.09118,38.85167,0.0,0.0,5.371722,24.23834,68.73363,22.6146,145.8131,13.98561,5.399483,45.56,32.50159,15.25717,424.5065,0.0,0.0,9.831026,60.48148,545.4963,100.5752,60.06593,0.0,29.05948,7572.48,0.0,134.1894,143.5578,5.848061,5.709288,26.4426,268.6393,26.57667,34.28029
22,1992,25.48809,69.21281,18.34108,101.8766,466.6478,10.48588,1.630109,535.3298,211.8678,20.46512,13.67711,284.0779,19.78108,28.59129,180.5788,85.17356,16.2738,3.260408,35.0832,96.42587,1.796849,47.48782,1811.628,5.594306,9.395293,5.575635,7.886208,10.81294,971.5891,236.6361,126.2032,7402.25,55.8621,37.26551,85.18312,5.919142,248.6002,2.436506,27.74139,128.8091,40.55282,0.0,2007.939,2.369866,44.83005,99.32534,44.28343,160.4062,6903.560546875,65.46355,210.5892,0.0,734.0999,108.2811,0.0,8156.443359375,135.0857,6.576949,1031.915,7.260659,1055.751,27.83998,62.74947,22.6732,4.203669,1.540627,170.1397,53.00713,62.35838,696.3723,25.35716,39.31564,24.96829,125.9773,640.3452,2835.842,126.6742,409.5208,127.482,18.9597,309.9632,1177.749,12.24438,40.73296,2826.942,236.7238,71.03477,18.52802,31.88756,760.9601,50.21113,18.42481,25.88317,3.26804,45.85466,44.04842,7.365215,72.54238,15.86786,91.49915,121.1078,24.99488,46.29955,1.13587,913.8904,21.15545,18.46007,18.62824,121.9914,47.88355,33.47055,13.797,18.82136,18.7168,204.0036,10.45513,34.48232,276.3831,24.01747,412.9262,120.1117,45.51741,86.50248,24437.5,10218.76953125,9699.033203125,4519.69775390625,31.92415,297.6642,17.48021,108.6789,238.9038,26.26366,509.0887,145.6317,146.9465,50.85376,22.93621,245.6439,1673.714,14.74541,301.6584,0.0,36.65164,97.28263,5.699643,30.17765,36.61802,44.76913,0.0,0.9074627,6.427466,80.09421,36.6738,148.3587,9.343075,1.329666,47.73107,35.39417,16.39297,459.1933,18.14488,24.35903,4.878732,61.77418,540.4451,88.7701,62.91519,516.4689,36.76521,7930.745,91.26225,217.7111,162.4915,1.236877,1.159487,32.96182,235.1395,26.18132,28.49075
23,1993,27.30405,73.73309,17.1351,85.12699,473.7528,8.738591,1.631825,543.9299,198.5647,23.86485,14.61039,262.8,19.7049,20.58086,187.6568,88.99774,17.40712,3.408564,32.1895,104.907,1.714446,50.68879,1744.005,5.199746,10.71323,4.487971,7.859585,10.21158,964.2168,225.7215,142.0694,8368.903,53.6325,39.24088,92.71516,7.073475,268.5962,2.474449,29.76731,98.14669,36.1031,149.9827,2094.346,2.44667,44.78374,101.3729,40.42385,163.3532,6748.8447265625,69.70206,209.83,7.256817,653.1832,100.5022,158.9998,8168.0908203125,125.951,6.553925,979.5778,7.563196,1009.354,17.87388,77.53963,23.37308,4.971441,0.991795,182.3636,52.34153,75.0997,730.0832,24.95976,42.35422,18.04312,135.882,690.0936,2815.344,118.3047,412.7584,82.49255,19.57496,274.7348,1042.13,12.8703,44.38878,2818.592,215.3305,58.68328,17.5208,32.42006,766.05,61.60089,18.95466,33.24851,3.031017,54.8788,45.63942,6.174643,146.2645,14.95051,59.63864,117.7198,27.05453,46.72231,1.213486,917.4047,23.9175,21.67499,18.07749,124.521,43.57702,34.97814,20.58211,19.07714,22.77868,223.119,9.181022,39.44666,285.8652,23.57977,401.8979,127.9412,48.01149,91.8248,24588.8359375,10351.0693359375,9742.634765625,4495.13134765625,30.4129,315.1215,17.19949,117.9432,251.4724,24.62636,515.635,130.9153,149.8485,53.90718,24.82899,246.742,1685.743,13.61286,329.5717,0.0,42.72745,110.9883,6.096884,32.06086,39.21246,35.13614,0.0,0.9712515,7.079365,118.7158,45.62529,138.2791,10.24003,1.475697,49.53877,34.88274,15.82127,447.3056,21.09396,17.74703,4.648655,62.59734,624.2275,99.23133,65.04928,461.8576,36.78125,8029.015,79.97432,192.4393,172.924,1.19175,1.131776,32.23766,261.6317,27.75752,36.02124
24,1994,25.11162,89.13461,17.43988,97.58927,486.3247,7.48143,1.699148,564.4293,206.3834,24.8419,12.86331,291.3575,20.7282,18.3766,186.3277,82.12367,14.94907,3.773737,21.20025,86.23827,1.67767,52.3692,1858.933,5.32891,11.19782,3.617067,8.087555,10.10336,970.0575,237.9399,145.5392,8625.562,47.40068,37.51395,86.05595,9.713254,281.6772,2.567864,32.86904,100.605,41.45136,173.9471,2191.463,2.813192,45.70159,107.2739,41.82158,160.5711,7002.89599609375,76.97502,226.4036,10.43246,684.3846,86.64735,163.1256,8436.3935546875,137.8937,6.596757,1012.768,6.967125,1091.769,14.74639,72.97269,24.56274,4.44759,1.653375,184.9044,52.46484,76.77528,862.6733,25.68857,39.76467,16.98375,146.5762,773.5087,2886.138,125.166,387.5341,80.80305,17.54508,196.6078,1092.71,13.6672,45.15276,2940.908,169.4051,65.83009,12.16677,31.36771,866.7841,54.25417,21.02025,35.46321,2.898482,53.7061,52.19501,5.430814,88.53475,15.66857,48.15161,136.0785,15.7725,45.33147,1.337757,967.9691,27.5373,27.57125,19.42987,130.7065,41.02665,34.70721,19.23054,19.02246,18.22039,227.9603,10.10767,34.8643,301.94,23.67975,462.121,130.6534,48.19999,92.74212,25672.896484375,10992.4326171875,10018.9921875,4661.47119140625,32.44483,320.2701,17.2121,132.7614,272.4558,23.95769,501.3203,163.2291,171.3444,53.4523,23.57332,236.3926,1616.356,13.36399,305.2046,0.0,40.70828,119.1328,5.592602,34.49821,41.79773,31.36987,0.0,0.8958061,5.567298,106.4832,36.03351,146.0993,10.01689,1.378911,50.7577,37.00823,14.35466,498.5185,13.06474,23.58739,4.769491,65.73353,523.853,87.12086,67.16556,354.7505,39.72584,8594.321,90.51476,183.2637,180.9179,1.197951,1.114533,37.05931,277.0287,24.42148,37.29312
25,1995,30.46248,48.65371,17.02026,103.9682,461.0772,9.771629,1.65564,623.5947,195.8335,24.13122,12.88905,294.4868,21.63079,21.56242,203.6683,96.96452,13.91985,4.623378,18.14063,94.82201,1.668936,40.20623,1953.8,5.354734,10.23381,3.385847,10.38698,11.00764,943.5842,250.157,151.9342,9465.797,52.66232,36.97879,85.55711,8.928162,286.9783,2.679555,30.0799,99.28378,40.00349,184.3502,2138.567,2.532651,52.20803,117.7537,46.81576,160.4805,7030.77685546875,80.2482,230.4864,11.32056,702.6652,72.93369,167.2075,8523.31640625,140.0192,6.351303,1030.489,7.709524,1073.576,11.97726,75.26063,30.78601,4.823331,1.656926,204.884,58.1513,77.13103,868.1468,25.81775,47.61702,17.68151,131.1918,843.4745,3002.553,132.3279,438.8497,71.85938,17.30986,192.957,1122.765,15.23916,41.77206,3076.639,146.3408,71.11919,12.51006,31.71007,931.1957,68.41631,20.73062,37.72414,2.731147,49.09896,53.31359,4.251147,80.68851,14.72978,41.31525,118.2109,18.32328,46.33955,1.702485,809.4979,29.67065,24.3277,18.44055,138.4897,37.56675,40.10951,32.55269,19.34752,22.03502,244.8049,11.42041,32.84708,306.8401,23.64835,481.7378,140.5353,50.67582,99.60805,25864.03515625,10792.2119140625,10147.830078125,4923.99462890625,37.81637,338.6215,16.262,145.2656,274.0911,21.62001,516.0129,147.8092,165.7755,56.6871,27.82038,247.3384,1481.806,10.7707,276.6815,0.0,30.4999,138.1589,6.577837,38.30997,42.97217,31.33563,0.0,0.7652558,4.915752,113.443,39.67148,151.3112,9.896856,1.371954,51.23008,38.93102,17.53008,536.1702,12.46302,24.83425,5.744864,57.73002,593.2993,161.1959,71.63268,293.3301,40.07981,8570.137,72.60675,186.852,205.7161,1.110994,0.9999048,39.05739,249.4887,25.65865,23.44339
26,1996,32.73052,49.17406,19.00312,97.13924,463.0762,11.07333,1.685159,590.9353,213.3526,25.51111,13.40027,310.1758,21.92342,24.60211,213.0611,105.1201,13.82772,4.34672,19.03117,100.5353,1.684347,57.34095,1970.781,5.836186,10.99112,3.667042,8.440435,11.97128,922.2714,233.8937,173.0992,10044.38,54.64515,40.77338,91.5601,8.254823,290.4733,2.573808,31.08819,98.49358,36.65314,190.8066,2008.905,2.415365,55.50311,122.7815,48.32148,155.7975,6891.1962890625,84.23682,230.2142,12.68328,671.6672,58.36179,185.3273,8457.77734375,141.9663,5.826408,1003.511,7.271146,1101.754,15.14657,76.25125,31.66278,4.458284,2.660069,223.1936,57.93845,81.55795,794.2852,25.92578,47.29561,16.98616,131.8942,835.7542,3204.095,148.787,467.0462,72.00835,16.70847,174.9835,1107.318,16.46827,47.33079,3110.248,132.3682,59.4945,10.45069,33.98641,1006.942,78.18811,21.35433,42.76319,2.796806,54.83044,53.32621,4.474559,75.78221,13.9832,39.60781,136.8462,17.95454,48.71194,1.79303,893.996,28.7512,29.73838,18.01159,141.6719,39.62782,39.97212,14.38985,19.39087,23.70759,263.6125,11.8022,34.86781,315.757,25.34293,478.0334,142.0784,53.39976,105.5484,26160.431640625,11042.3388671875,10129.435546875,4988.6572265625,35.86515,342.1644,15.67491,149.482,299.4668,23.27993,558.5652,148.943,181.9625,64.8549,27.67453,239.3177,1403.882,11.81429,276.5881,0.0,32.18122,170.1012,7.402416,40.76787,43.54332,31.78624,0.0,0.9033062,5.000601,119.4154,40.50865,170.8001,10.40025,1.401118,78.17155,40.25245,18.65432,581.287,9.616975,17.95691,6.29037,66.03127,623.6216,115.6998,71.95399,241.349,53.49346,8731.411,85.68196,192.0878,218.3369,1.095623,1.033045,42.15271,272.821,27.57479,40.66465
27,1997,35.5081,59.43382,19.14641,90.8009,518.8621,11.31726,1.726415,631.2946,207.061,32.0766,12.9901,295.741,22.39656,23.01566,214.6653,99.67953,14.76685,6.056781,22.11149,94.51976,2.101122,57.32096,2051.719,5.878862,13.83747,4.945604,12.79773,11.11039,980.0015,256.1589,184.903,9847.207,53.13086,41.83863,88.46548,8.088763,290.3753,2.4751,32.05708,111.2375,39.03016,192.8156,1988.171,2.190892,57.71061,122.1325,51.80811,135.4717,6817.04248046875,87.99444,242.2228,13.14603,635.0697,47.81137,188.6172,8436.55078125,137.2681,5.632899,999.1413,7.532035,1193.69,21.99727,80.33163,30.4803,4.402418,2.096487,212.0206,60.98681,80.23981,767.644,27.02913,60.98349,17.4915,145.2196,880.504,3306.857,148.9492,487.9671,50.14438,17.00352,168.7881,1117.187,16.30935,48.47386,3105.261,124.6101,67.95137,11.78053,35.18725,983.4316,70.78074,22.06709,45.25964,3.938964,53.48803,56.09665,4.698369,80.20455,15.37317,39.68998,126.8762,21.17751,47.18159,2.025106,942.4434,26.26672,22.68832,19.2998,144.4398,39.63062,40.9895,42.3984,19.80451,23.0619,282.9618,12.90653,28.27218,307.9655,27.09407,485.0222,151.0969,53.48818,104.7266,26950.85546875,11704.05859375,10253.294921875,4993.501953125,44.86517,348.2036,16.07636,152.9213,321.9763,26.80917,591.7928,143.8647,189.232,67.18256,31.32839,232.7069,1411.61,13.83696,281.7242,0.0,30.777,168.8192,5.989182,43.33448,42.28345,30.46953,0.0,0.8806126,5.454045,119.714,41.05626,174.1778,10.37558,1.525088,74.6283,42.12196,18.2614,555.4509,10.98185,25.04724,7.614741,62.0653,650.4951,88.56424,70.06688,240.9227,73.33259,9274.278,83.23873,211.3462,231.2017,1.160031,1.111252,43.09776,283.8326,27.45491,43.45222
28,1998,40.53338,60.65882,20.97187,104.0395,571.6827,12.62821,1.59007,650.7691,207.0141,30.14543,12.99948,340.5409,22.12372,25.13039,240.6301,110.7028,15.82324,7.726634,24.59303,92.41079,2.096889,61.85183,2110.936,5.874117,10.73929,4.768791,13.9567,11.71387,985.4955,300.815,201.5198,10219.28,50.15283,47.9682,99.07359,9.288821,291.1246,2.4613,37.484,114.0121,42.82494,186.0158,2225.178,2.964274,56.60988,169.3716,57.60899,152.3357,7497.54736328125,97.17202,258.4757,16.3577,728.6248,45.58238,181.7236,9207.77734375,169.3195,4.225135,1057.53,9.16328,1217.165,22.04036,94.92905,31.85926,4.507009,2.802398,239.7812,69.23338,79.59116,767.9598,26.78389,66.35849,17.47919,150.7191,646.1654,3382.188,114.761,526.2738,53.8352,19.34139,173.7686,1238.681,16.06585,47.53743,2946.898,141.9844,82.49546,12.14771,32.02374,691.3401,78.30405,20.175,42.92241,4.498926,53.17574,58.71659,4.142882,98.03357,18.02724,51.59146,139.5979,17.47075,47.26707,1.922941,1026.932,35.64509,25.91317,20.85835,139.5,41.53859,42.23158,26.50151,19.09477,25.46523,182.4746,13.27637,32.2021,361.6114,27.32209,525.7902,183.376,53.99791,98.89202,28068.447265625,12336.5234375,11170.2548828125,4561.66796875,53.95752,373.0738,19.30396,152.1474,290.5744,24.22759,603.1204,82.45238,209.3851,62.97231,33.57959,221.0728,1152.441,15.40219,294.3635,0.0,37.39695,217.1552,5.877558,41.88333,43.63341,38.3283,0.0,0.5861948,4.789794,108.0551,55.96858,202.8688,10.56729,1.627753,84.25253,44.82938,18.10476,400.2627,12.94891,33.55861,7.49302,66.41708,703.5976,104.4313,83.62914,212.746,79.29979,9793.968,78.01689,234.8028,254.6774,0.9969234,0.9816951,47.01088,272.6779,29.24097,32.31834
29,1999,32.14064,60.50555,22.83251,116.558,542.455,12.56175,1.617401,622.9715,221.9327,33.97052,11.76824,337.317,23.86571,27.56035,251.4579,131.8718,13.78938,6.633169,25.58746,80.27242,2.367271,64.10536,2039.899,5.700336,9.758578,7.254388,16.54551,11.39478,971.5444,284.5799,184.3755,10471.16,53.11521,47.94199,90.10553,8.634442,281.9424,2.776275,37.36842,120.9444,56.38326,175.8568,2233.095,2.733131,56.56084,175.4769,57.30052,154.4903,7819.1552734375,80.25993,279.5175,16.0231,762.1718,47.83664,176.0658,9540.9033203125,194.4012,5.192059,1079.289,7.510215,1286.106,21.33664,97.29738,35.00371,5.149716,3.099072,250.4725,75.45296,75.85502,725.2031,27.70775,64.08958,21.24859,153.4407,660.3371,3512.62,188.5815,482.2804,79.28213,18.53256,194.2403,1298.535,14.47837,51.68894,2823.63,144.6035,78.3396,12.46623,31.74157,783.3504,74.13567,20.64368,46.2339,4.896926,57.53946,61.83228,4.551272,97.62419,24.16124,48.60189,145.5033,14.97522,48.24202,2.061238,1068.617,34.98887,28.67908,19.69871,150.0228,43.40271,41.82804,16.7087,17.3265,30.30908,179.3871,11.23148,33.63531,347.6732,29.6552,557.1999,193.7247,55.98927,96.09547,28665.005859375,12657.177734375,11487.5400390625,4520.28759765625,59.36107,388.0547,17.33492,161.1606,280.3672,18.69814,623.73,91.87656,245.9865,59.98376,22.43326,193.3972,988.1317,15.54816,278.3265,0.0,38.89882,153.838,6.450326,39.6034,48.25353,31.90806,0.0,0.658117,4.273301,98.58681,57.28051,203.8851,10.47415,1.610744,90.31346,47.31564,19.41284,425.6405,11.89313,46.27009,6.657055,74.37161,629.1343,103.2545,90.60581,195.0191,86.094,10113.33,98.01582,237.1605,268.0708,0.9669049,0.9793114,50.77094,260.9413,31.20755,34.7013
30,2000,38.6715,56.92513,29.54991,124.5069,529.687,19.03791,1.76365,632.3804,216.1297,41.78847,11.80204,348.9662,21.13031,22.0116,269.6403,113.7932,15.51348,7.37546,27.95033,84.65054,2.868714,64.03645,2050.405,5.589303,9.889339,4.321523,13.83521,11.26864,980.8041,284.7205,198.5476,10720.63,51.08146,47.39312,100.7129,6.940872,279.5701,2.840089,32.37144,95.25649,49.96085,189.4083,2093.154,2.371004,60.46383,169.1451,56.43061,150.1364,7527.603515625,76.31297,259.7319,12.59317,756.3997,31.91873,187.0376,9243.9990234375,191.0834,4.67116,1038.552,6.686095,1290.052,17.89053,95.91597,33.46391,5.045768,2.861792,240.489,71.22069,114.9363,794.353,30.2841,55.1328,21.82067,148.0067,683.9586,3494.947,187.056,520.2899,97.80518,15.7993,205.9567,1250.489,14.72617,52.11863,3061.355,128.1549,75.7882,12.39523,29.64626,921.2829,67.05168,22.88855,46.36566,4.817746,51.65835,68.86416,4.489688,90.13351,21.20814,47.22155,144.8994,16.3434,46.58382,2.040776,1169.153,36.3536,27.2876,20.03237,148.6577,38.43011,41.64107,27.82892,19.49244,32.12432,242.6356,11.9856,26.90823,316.3508,29.39871,550.788,184.7994,58.62508,92.28838,29434.4140625,13262.67578125,11258.474609375,4913.26318359375,72.86017,374.5861,16.93755,158.0041,290.1532,12.54333,643.6588,96.20041,266.6668,56.4907,29.88332,181.1941,985.7458,14.46498,313.8207,0.0,36.0341,152.9432,5.671253,41.53522,43.53949,39.71456,0.0,0.770651,4.154836,65.80556,61.5489,216.0565,10.98499,1.89737,82.52289,48.41039,16.94355,447.3434,9.670806,33.14934,6.596069,75.63906,659.2181,105.21,88.00661,214.6971,82.1767,10602.23,68.60875,233.7182,292.0907,0.8873444,0.9997678,54.76979,284.4837,31.95896,37.16405
31,2001,37.82868,63.96294,27.23487,130.7665,501.6831,18.16982,1.615979,665.7875,207.4352,46.34759,13.96989,340.8106,27.24434,24.91561,271.8765,131.6121,14.22989,6.347038,30.191,83.66788,2.594116,60.97962,2072.227,4.824132,9.27345,4.529236,11.88344,11.78939,969.8748,286.6484,203.4509,11351.77,51.42974,46.62476,101.0263,9.302161,268.4277,2.801377,33.32254,93.10876,47.78315,195.2352,1889.63,1.90542,63.33804,164.5463,52.24222,159.8803,7478.04638671875,91.02163,260.1198,12.3743,825.7157,34.85141,198.26,9201.796875,193.6749,4.703105,1050.741,6.075519,1292.987,20.52099,105.4852,34.019,3.968842,3.870774,279.027,76.5871,80.45885,738.274,29.18142,64.04976,21.32479,150.41,756.8814,3689.497,206.12,565.6506,134.8212,14.84393,195.1135,1256.146,14.21955,52.99857,2981.45,165.6391,85.07274,13.09583,30.5049,958.3107,72.42873,22.80572,57.8623,5.087992,57.29884,66.58289,4.594862,89.95322,20.55319,43.12363,150.43,16.32234,45.38637,2.007393,1198.048,35.42235,24.33926,22.34308,153.3219,37.72628,37.47356,29.51466,18.87719,31.8557,249.9559,12.08421,28.4807,330.1586,30.60122,570.6321,195.0424,61.66535,95.84125,29011.986328125,13075.59375,11039.8896484375,4896.5029296875,88.88958,362.9037,16.75987,160.4821,297.0077,23.37511,590.6695,112.5207,272.1706,60.13553,37.72215,212.472,1116.766,15.12213,350.9824,0.0,44.21704,187.7979,6.729933,39.97274,29.37471,48.03297,0.0,0.6234779,4.789876,65.78501,61.55063,214.7556,11.39186,1.798694,87.16558,51.94595,17.53487,470.593,11.12271,56.48412,7.191575,76.98543,526.8314,117.1281,88.49633,265.3878,74.2627,10402.47,68.23364,254.6722,313.4559,0.8755383,0.897319,51.37614,271.8455,34.98123,41.8457
32,2002,45.12166,67.62729,27.96684,139.6553,422.8293,17.06764,1.741707,681.5876,217.8785,38.88587,14.57068,340.915,30.3107,25.66085,283.1798,123.2208,18.52044,5.62503,39.05721,87.8275,2.703933,64.92049,2092.188,4.830463,10.35625,6.563525,10.19972,12.19617,1050.677,282.3555,194.0197,11856.65,56.6376,53.63942,105.5529,9.888955,276.9903,3.197208,34.23751,106.7127,56.38248,201.5832,1742.951,2.116695,77.07301,176.3207,59.91997,186.2189,7494.93115234375,96.79178,253.595,12.89867,897.4727,32.74006,207.0207,9198.35546875,206.89,4.748466,1025.628,7.813516,1342.25,22.6469,109.9978,38.28307,4.737866,5.147235,301.0896,77.00862,85.65824,717.3988,30.00325,70.4081,21.38737,154.0452,777.7218,3631.499,216.221,580.7269,108.8753,13.26113,203.1054,1317.771,15.05653,55.43766,2845.006,180.9433,73.09418,12.61553,35.86221,1005.785,85.96802,25.17994,60.90379,4.677503,83.80623,67.73802,4.382458,112.0778,21.12332,47.86271,162.8634,16.38298,45.34185,2.064413,1180.862,41.21769,21.81438,23.49421,160.09,32.35458,40.65386,21.5716,18.77864,29.78383,254.9322,10.01211,23.13887,364.1388,32.00079,543.8973,195.2692,70.77373,102.9345,29151.912109375,13194.1162109375,11119.376953125,4838.41845703125,82.61045,374.4363,18.78501,164.5444,305.8288,16.05048,567.3989,108.3727,264.134,45.56146,42.0052,188.3741,1168.489,16.76595,373.4027,0.0,35.92677,136.1724,8.020832,41.56108,46.84893,51.09375,0.0,0.705567,4.578705,66.26579,60.13679,222.0735,13.78593,1.901392,106.992,49.5986,19.97965,527.6317,14.31493,51.93695,7.972839,78.44284,549.7653,118.55,94.90216,250.6823,71.47336,10457.33,66.77041,213.0097,447.7404,1.016089,1.068323,50.88721,295.1941,35.11203,37.37952
33,2003,44.61965,72.79801,32.60097,153.6575,443.4311,16.91829,1.726671,753.0369,205.8562,45.06146,13.91284,340.5346,31.72537,30.06721,234.9688,131.4633,15.54324,5.864411,45.93755,86.19714,2.460424,60.72346,2149.523,4.286546,10.69836,5.987756,12.6888,11.34236,1108.8,283.0261,194.1408,13416.27,59.40494,52.43127,109.0506,9.850524,284.6935,3.421475,36.23821,72.48032,74.94448,205.2229,1808.985,2.17508,69.26038,163.0685,47.31345,205.9497,7683.97412109375,95.02689,216.8346,13.89566,1000.262,48.23175,211.5285,9416.44921875,211.6637,5.206137,1036.8,8.275736,1316.961,23.42724,118.149,36.72055,5.55699,7.620607,303.6037,86.56725,72.08958,381.4536,28.35477,87.37241,21.58714,154.4982,1005.974,3814.246,210.4827,636.3412,134.657,14.10828,195.829,1310.141,12.36506,64.63918,2607.728,166.4287,73.06342,12.79563,36.04676,1069.365,96.19301,26.17961,61.83942,4.806291,90.02737,68.27522,4.605816,108.4683,25.05839,48.16824,176.3903,16.78789,49.26746,2.100329,1191.212,42.59726,31.68008,21.45948,166.5902,31.21883,49.03004,36.58745,19.3884,32.14203,298.6675,13.17195,23.62472,389.8005,28.6687,558.6763,198.6631,76.50409,116.4254,29412.2265625,13362.8642578125,11306.978515625,4742.38427734375,94.38228,369.4576,19.97195,150.5134,307.2669,19.78662,566.6199,115.0794,238.464,42.86625,42.3231,201.5616,1151.485,16.98124,400.0315,0.0,44.50673,156.0961,9.393632,38.56884,57.24939,57.97984,0.0,0.7659933,5.419277,64.89185,67.28224,222.6686,13.14862,1.693993,105.6871,63.93247,16.98656,575.8281,15.44223,71.79722,6.805676,77.71026,594.572,125.615,98.42358,271.7377,56.14767,10547.78,60.29076,173.1111,508.1787,1.119305,1.149503,68.98965,320.5082,39.16163,40.23812
34,2004,40.24712,75.17599,35.4919,164.0969,468.5241,18.60336,1.754168,807.9736,214.3188,52.57819,14.48616,377.1768,29.21413,28.17688,271.3778,126.7883,21.9395,5.290836,43.56092,102.6613,2.36249,55.22423,2202.075,4.444109,11.15058,5.941729,13.54181,12.85152,1163.009,269.6959,188.7701,14678.05,57.86152,57.43295,114.0187,10.90164,288.8524,3.613304,41.58196,87.28329,62.02489,227.2411,1815.493,2.420198,66.4063,181.9543,47.53437,221.5634,7822.13427734375,96.14179,218.0844,13.64422,1012.317,36.83589,219.3642,9667.142578125,217.4478,6.396695,1065.576,8.147572,1340.86,22.60827,120.6453,39.05801,5.072849,6.47148,322.083,91.28793,71.4151,361.34,31.34254,85.00833,22.66946,180.7568,1013.409,3821.031,215.0717,706.6802,160.1227,16.41393,186.6839,1312.15,12.14346,73.06732,2852.971,169.7653,84.81758,13.06104,40.50369,1048.631,114.3997,26.81209,44.72466,7.64359,79.92934,68.28931,4.823701,107.3901,30.41501,52.00443,179.9794,19.69832,45.77164,2.900222,1224.389,45.92226,28.52644,18.5762,168.2705,30.6786,43.64306,22.23465,20.75275,31.08073,295.797,14.3361,28.16289,410.1892,31.07685,584.9263,206.3431,79.16837,126.5574,30563.388671875,13922.90234375,11617.6689453125,5022.81689453125,100.0793,427.2646,21.11929,141.9937,328.1118,15.50521,586.5744,118.997,235.1572,45.31252,42.85343,241.1834,1270.611,15.85998,427.8874,0.0,49.12097,160.4596,9.415013,39.6801,49.14479,77.77116,0.0,0.8323775,5.73455,75.94983,67.22036,215.5019,13.08276,1.75819,107.2872,59.47259,15.02786,618.6557,15.45515,66.96362,6.825442,78.23115,650.7943,130.2344,96.0185,277.2336,72.01112,11016.3,59.57787,206.0063,526.2722,1.280956,1.269444,66.66557,332.148,37.833,44.16769
35,2005,43.97525,87.27882,37.3899,177.9148,509.1085,20.16277,2.013781,841.7751,235.5609,51.39323,15.86314,386.6543,31.80177,35.21038,319.4265,153.107,24.98206,5.733266,38.63609,96.90009,2.233922,65.02152,2287.971,5.549947,10.52771,4.680128,11.88545,12.96093,1219.793,297.0418,209.8687,15273.82,55.72165,61.49306,119.6779,13.73181,308.2287,3.987735,43.68148,66.55228,64.39076,251.339,1619.651,2.346597,70.17957,181.9937,54.64523,232.4657,8023.26513671875,100.0746,241.2103,13.83884,1109.021,46.09812,223.801,9991.892578125,221.3559,6.419346,1223.64,10.32018,1343.288,25.98891,139.4799,38.32524,5.058985,7.834378,248.9237,92.37678,79.89172,355.5394,32.97409,94.56409,23.18182,215.7106,1056.71,4014.141,232.8245,695.3828,203.6821,22.8194,194.8469,1368.0,13.38137,67.08136,2891.127,202.265,92.70118,12.39199,49.85816,1047.322,130.7383,27.8659,44.98411,8.384611,85.01196,69.14474,7.421522,95.72247,35.61928,61.58578,166.4158,21.12128,50.64628,3.510043,1246.888,42.64857,29.52981,19.03687,172.1265,35.31166,41.81749,18.35472,21.0977,29.20479,313.7359,14.49168,30.45133,441.5718,32.8618,661.6534,166.6679,82.22278,136.0954,31603.619140625,14428.6201171875,12063.83203125,5111.16650390625,99.22294,463.7582,19.52861,144.5702,327.6346,18.11749,551.0986,118.8054,250.0996,41.03247,74.49172,237.1552,1314.58,19.27611,468.2677,0.0,49.79799,149.8049,8.450574,39.92413,40.03913,71.05489,0.0,0.9745449,6.745282,83.88877,59.5389,283.6588,14.03233,2.164921,115.9385,67.59302,15.32851,649.6083,16.8108,50.83123,7.438657,76.01909,810.3767,126.7156,97.43369,298.3324,93.56075,11400.16,61.10634,234.7631,575.8564,1.564654,1.570705,80.60498,362.3073,37.8067,37.9897
36,2006,45.84114,83.58672,36.96547,187.3424,522.059,21.47495,2.48276,852.8677,231.4823,56.10247,16.60026,359.0709,36.8683,35.00992,326.2114,162.772,26.00331,6.615618,38.74993,113.0561,2.437663,67.23504,2509.721,5.530797,11.02579,3.057226,11.30328,13.50152,1299.224,309.7001,202.273,16472.78,61.32645,63.63943,122.2422,15.24094,319.7004,4.278798,48.1504,67.00611,70.82264,242.7607,1698.398,2.694376,70.64223,180.9082,56.66294,244.084,8319.6787109375,105.2173,266.7921,13.94666,1191.519,56.35053,216.4543,10331.1630859375,237.521,6.84919,1240.026,11.84302,1391.725,29.01537,150.073,35.8953,5.43695,8.73583,257.6826,102.0381,73.91443,501.6725,35.7467,101.6387,24.31628,183.8643,998.0236,4298.271,272.902,735.403,152.3919,26.3558,201.9151,1426.925,14.34357,59.70081,2851.839,221.9882,94.59364,12.871,51.05318,1110.667,125.3165,28.60584,45.13033,7.345826,92.5716,88.63515,14.55881,96.28683,31.88418,64.84126,183.2406,22.29494,54.96849,4.557854,1296.246,31.44888,28.79798,17.14873,179.1692,39.47941,42.40427,22.61573,21.63162,38.29679,341.8555,17.14117,28.90653,453.159,35.82941,682.2897,178.8796,84.24225,128.4031,32123.142578125,14437.9140625,12539.5361328125,5145.69189453125,134.6927,520.4452,20.12077,153.7212,338.0662,22.01444,590.4484,118.8604,233.9665,46.31279,83.60915,260.9124,1434.985,19.86525,525.879,0.0,44.54534,163.7632,10.7292,44.66479,41.66407,135.9575,0.0,1.060799,6.402962,86.62542,63.93627,288.1797,13.22296,2.12861,121.5801,74.15717,16.17839,715.3395,18.52334,34.83584,7.286532,80.24129,915.007,123.8037,98.67713,332.5439,90.25641,11272.32,73.43969,219.004,592.012,1.524494,1.417886,95.23035,367.1594,41.50796,43.94316
37,2007,45.78896,108.7677,36.13266,272.5972,574.2372,25.78137,2.249549,880.6345,233.5332,57.04251,16.09419,373.6967,46.98855,31.23913,344.0308,159.435,27.51777,6.186645,42.93944,127.3268,3.085491,71.43804,2822.707,3.956201,10.63668,3.748504,11.5457,13.62883,1384.433,307.4379,205.8602,16950.2,64.84756,68.27338,114.0676,23.97406,340.5257,4.58146,49.50887,72.15635,73.63622,247.7305,1741.991,3.625904,70.35016,178.0715,60.67169,272.7773,8507.1875,109.7275,282.6824,13.86164,1182.32,55.6422,244.0435,10612.4736328125,245.7394,6.362778,1321.687,12.94428,1389.787,33.54206,139.6441,41.40169,4.876111,12.02341,283.222,115.2107,82.70832,514.4135,38.26561,103.2318,24.64355,160.8296,1070.082,4697.661,247.5182,805.7006,132.5651,25.58153,224.1856,1374.617,14.32154,64.11865,2754.592,254.9779,131.2373,15.35833,54.91454,1170.476,142.3172,33.34916,46.08933,7.149305,106.2635,98.32535,23.88496,120.0795,32.62464,78.00945,182.7035,20.56914,60.60742,5.111968,1319.606,34.16817,33.43084,16.68483,195.9613,46.15303,41.99949,25.9566,20.58304,41.12564,396.4225,18.0301,27.58117,519.5823,39.58806,728.3336,195.7278,87.1441,139.0114,32164.669921875,14028.1142578125,12967.65625,5168.8994140625,140.7897,581.7824,28.28327,171.5414,381.4559,25.47535,669.6808,117.6856,234.9111,54.77097,107.5559,286.9701,1636.688,19.75428,586.2726,0.0,51.46046,183.0182,10.99217,48.43444,49.53443,119.261,0.0,1.104748,6.896368,99.63107,63.31077,299.3366,13.11626,2.323165,155.2146,75.76736,17.77168,704.952,21.89983,36.80485,7.744261,81.25008,1076.606,135.25,102.2796,352.2426,93.3916,10728.18,82.28866,310.8638,677.4535,1.70186,1.525679,109.0833,369.842,42.09318,39.42202
38,2008,37.85273,137.804,40.42892,280.8646,569.3525,43.2826,1.702341,756.9361,238.8135,57.47714,16.35807,381.2918,49.74428,38.76987,356.3708,160.6968,34.31942,5.759208,47.67023,146.1784,2.225114,73.74104,3102.616,4.754689,9.168809,4.38315,15.51776,14.4165,1369.44,305.8371,218.5003,18378.19,62.97779,69.80527,128.124,20.12557,337.4554,4.536206,51.02948,76.37792,68.00303,246.7521,1747.46,2.609036,72.73624,176.1677,63.42691,331.8653,8160.84814453125,119.4115,301.5895,11.40326,1086.085,50.34016,244.1667,10369.9306640625,256.2485,5.725976,1343.738,12.59643,1265.695,36.49905,146.5346,39.85557,5.56556,9.790252,327.9973,107.2565,82.29159,293.6218,40.35324,104.4762,24.80129,168.6069,1146.4,4736.479,208.7731,758.1631,170.8034,22.52064,240.1583,1148.771,16.46022,63.6839,2752.413,185.3096,132.8477,15.41549,61.28783,1085.949,175.803,35.57497,50.43781,7.483685,124.9329,104.6564,15.11283,147.5755,25.17898,69.73082,200.6323,25.91214,65.62898,5.599683,1303.828,35.91416,37.84815,15.78429,207.8196,48.98176,41.78931,21.055,23.23248,41.57213,409.4582,21.35049,35.84242,537.2263,37.21918,668.7753,210.5271,88.56042,130.3954,30769.083984375,13278.7578125,12524.474609375,4965.8515625,150.7786,568.185,33.89035,194.7624,387.2563,26.73693,724.1848,112.0915,200.341,59.89721,129.4591,342.3545,1707.392,23.24287,674.2375,0.0,54.15451,186.502,11.69611,46.18417,52.45081,144.004,0.0,0.969008,7.134335,107.3493,68.59173,285.8438,11.85475,1.806886,146.7868,80.15865,20.09983,724.0922,23.81351,37.50628,6.933364,85.77772,1041.278,141.9326,104.7701,373.5864,87.34901,9998.505,90.14401,299.4592,771.1886,1.595007,1.2441,118.5014,371.1121,38.6476,36.09143
39,2009,47.04237,158.188,43.10349,272.7356,475.1588,37.46343,1.202694,789.5933,227.0059,61.15316,16.49659,323.742,53.50358,33.35586,357.6396,141.0639,34.24605,5.761431,43.41103,135.1603,2.293066,84.7629,3092.575,4.422387,8.461727,5.039811,19.04468,14.67005,1364.94,300.8662,199.5789,21830.55,62.21066,72.6974,123.7478,23.55923,346.3318,4.192178,44.40836,53.68464,54.41885,230.1931,1606.203,3.848803,62.86073,145.9477,54.00799,346.6136,7172.6865234375,131.8125,306.7537,12.51253,907.123,44.38334,268.99,9086.033203125,214.0607,5.136281,1223.759,13.78715,1092.29,34.97083,137.4151,41.97856,6.078369,23.01119,282.1444,93.40178,77.99838,284.7388,46.69389,90.64549,26.06119,148.9349,1130.075,4990.141,170.8293,855.1964,203.6189,17.51036,216.0134,987.5109,13.03645,65.33531,2454.655,257.975,129.2947,15.64686,66.56473,987.7024,132.7106,39.29411,53.39875,7.966538,153.4229,83.87622,9.725386,98.77808,21.07021,52.91247,206.5976,19.50862,66.45277,5.081769,1166.576,31.196,42.13132,17.32207,213.8983,50.37762,46.34432,24.37469,21.34271,45.35293,397.9415,26.44389,28.96458,495.5912,36.28972,588.1899,193.7562,92.85698,125.5156,27622.984375,11994.4228515625,11055.08203125,4573.4794921875,155.427,562.5435,29.64962,178.9275,394.1584,35.28505,671.7791,103.2198,191.4039,56.94702,135.703,264.4708,1589.904,24.49012,731.9939,0.0,51.53565,163.0097,13.76693,43.52623,39.50367,120.3552,0.005767,0.9747278,6.880209,100.6921,61.13763,220.311,12.71356,1.769874,174.4672,79.99747,18.42091,691.665,25.54033,34.2468,6.034057,85.71018,932.5475,136.3927,130.0767,292.2565,89.22052,8872.588,99.01094,303.1316,838.0142,1.644819,1.29284,93.93119,372.2989,40.99505,43.0199
40,2010,47.86218,145.0233,35.13383,229.2754,556.4977,21.4708,1.190127,829.0186,222.8089,63.33696,17.75295,325.7542,48.32852,37.98003,382.7171,111.4618,34.39555,5.793618,42.34419,147.0135,1.835633,82.32998,3398.998,3.015387,8.015461,9.51296,17.55552,15.35607,1439.832,310.4758,218.0852,24382.27,66.61868,74.21849,142.3751,19.36344,353.537,4.213297,52.05245,58.99601,51.66748,230.8929,1667.35,4.434861,65.93017,138.3945,59.23531,331.9777,7033.89892578125,133.4662,314.9583,13.5661,821.2065,42.17072,251.158,8929.6044921875,208.2607,5.122645,1235.655,12.67088,1092.387,34.67829,162.4779,39.21972,6.518756,50.89883,206.9038,114.6526,90.53713,293.7371,41.15602,80.27004,26.84902,129.0998,1375.148,5166.145,117.5011,832.1813,203.2274,17.6676,236.9916,1004.868,12.81499,71.04461,2460.203,244.7778,146.4524,15.44569,97.44755,1046.744,133.4153,46.63418,49.93204,7.749716,150.4221,94.25727,12.26102,104.9803,23.89704,52.37357,194.7968,25.40279,64.54919,5.185818,1209.568,27.91452,43.67391,20.79459,225.0162,48.09228,55.90678,22.20505,22.64094,47.84975,430.9288,22.25601,40.3003,569.7802,37.63096,567.533,197.5178,97.78378,118.0104,28125.51953125,12283.6865234375,11150.865234375,4690.9677734375,141.4401,547.6567,33.17754,191.8775,402.0543,39.78199,670.5425,104.927,196.3477,79.94927,114.3387,272.6052,1521.266,27.03314,768.0699,0.0,53.45413,195.5887,15.35212,45.22539,55.05518,139.7207,0.009889,1.046287,6.855391,105.5783,58.24826,262.4389,12.9365,1.789982,193.7111,90.71484,20.57985,747.7763,24.71887,31.09209,5.447459,94.4659,1140.011,152.3095,129.439,289.8014,95.51825,9010.612,104.8731,282.356,829.7888,1.868165,1.336562,93.49245,377.8246,48.31869,48.34565
41,2011,47.58501,171.1472,36.56536,236.7756,625.5106,20.72586,1.284709,826.419,241.2478,63.95778,19.22555,345.0498,49.25117,35.47546,405.382,108.397,34.92386,6.955689,43.81145,132.0588,2.060223,90.82983,3765.069,3.271337,10.5111,8.961591,20.72172,15.80644,1480.984,328.0507,234.0763,26941.14,67.82951,76.57653,145.7254,22.7989,364.9529,4.206036,52.01134,69.68488,44.00846,240.0936,1746.821,8.920819,66.2946,151.9168,59.01028,337.2435,7104.9560546875,136.5203,332.0797,12.33371,782.2186,41.71333,229.7181,9176.828125,213.7763,5.263587,1285.341,14.8552,1112.071,38.7114,180.8385,40.27295,4.971568,27.55202,194.8692,118.4752,109.0291,322.3255,41.24742,89.91067,26.892,127.4851,1460.031,5492.164,111.7366,862.3386,222.0251,19.38331,228.8936,982.3335,15.37133,77.56876,2512.778,268.3371,148.047,16.78016,69.02344,1100.091,147.753,43.18709,58.45477,8.285802,94.71432,127.3843,17.03008,114.3677,26.3261,56.4572,202.0768,25.95586,64.81298,5.240304,1222.64,32.80801,47.27744,22.47331,230.4975,57.80424,64.47428,19.00475,24.09984,49.12381,588.8985,21.55055,34.73879,581.6274,40.6363,548.1849,219.5945,99.90839,126.7165,28723.822265625,12315.43359375,11613.490234375,4794.89794921875,143.6677,606.197,33.17174,195.1786,453.309,46.00074,762.368,108.571,181.1495,99.26186,147.3638,316.4458,1719.37,29.20362,783.2593,0.0,53.44477,212.5405,17.43382,44.61981,68.30272,152.1401,2.572042,1.049851,7.58064,107.1479,59.73377,275.2547,12.51949,1.78337,179.4311,93.72357,22.73409,810.8229,32.34822,34.61142,6.086099,91.31882,1338.798,169.0191,128.885,369.4126,92.05003,8960.769,108.4837,265.037,848.2454,1.793784,1.378509,85.05256,374.8484,56.18946,42.6849
42,2012,54.7646,171.4986,36.25595,238.4542,613.6829,20.56473,1.199976,821.7045,231.797,72.37487,15.39043,334.1238,49.05086,47.24509,493.072,157.5786,42.58105,5.906585,46.13448,141.8566,1.923656,90.44435,3800.504,3.244396,11.00261,8.961661,19.20401,16.40575,1500.002,309.9658,238.0072,28941.0,83.61083,90.16859,156.178,25.35242,382.0144,4.21308,54.01688,74.70795,40.46407,227.7059,1648.81,13.20639,88.59259,153.0245,72.85262,345.2154,6714.45166015625,112.4182,397.1255,12.05577,643.9802,44.98622,234.4292,8700.99609375,208.786,5.11413,1328.481,14.41615,1075.564,42.69745,206.531,41.19422,5.401977,19.60797,217.7846,127.7897,87.38022,335.2069,43.33113,71.75493,26.4108,117.5956,1720.046,5580.309,116.4603,922.9003,212.45,23.16991,254.9364,857.5421,15.92237,65.63526,2664.654,310.1127,164.3117,18.69289,72.05162,1083.137,134.0983,54.65047,64.21244,8.217889,111.3302,132.3328,26.13059,117.1247,29.97039,65.04973,199.817,28.73991,68.76602,4.920854,1263.667,31.9634,44.97655,19.99856,229.8819,55.74934,82.95798,21.23179,24.1593,50.53769,619.8301,25.95038,44.35858,529.3066,46.76355,497.8263,222.407,118.697,129.1296,28647.947265625,12665.1162109375,11029.26953125,4953.5615234375,159.9994,605.3118,43.85524,220.5057,467.4042,47.79681,689.1511,109.8487,146.003,94.65344,143.8516,292.3258,1734.075,30.65121,868.2922,207.5831,54.75994,224.3684,15.84797,49.11304,99.58323,143.66,46.51423,0.9853969,7.431385,109.0099,56.25396,277.4082,13.66542,1.799352,126.9115,106.615,21.28658,813.3553,33.29517,43.83141,6.873948,89.93802,1279.288,175.1605,129.6702,341.9255,84.03031,9227.409,118.198,336.7402,756.9506,1.723797,1.348433,95.42307,391.3415,58.89197,52.65365
43,2013,52.82857,189.9136,33.36347,239.3375,676.4438,21.08607,1.224257,786.6379,233.7365,88.14862,20.21115,335.5035,54.84805,46.39492,520.8733,124.4835,47.26999,5.418993,42.43207,150.4805,2.563967,96.87045,3921.094,3.144481,13.11483,9.647091,24.7287,14.91228,1532.286,310.4264,239.2365,31145.79,92.90026,89.63291,157.5527,26.21894,402.3246,4.215088,57.08504,68.72066,36.0331,217.0972,1652.387,13.90691,87.35528,150.1345,70.9049,344.3035,6776.07373046875,151.7296,381.8168,14.36308,743.6465,48.71811,253.628,8645.01953125,207.8586,6.329733,1338.626,15.52832,1121.013,40.1246,207.0629,48.61355,5.178128,15.24611,207.9723,159.2338,88.78426,328.4584,45.26576,69.81995,26.97848,130.245,1791.597,5394.233,117.133,770.991,223.8145,23.8471,245.7103,826.8606,15.37725,71.43068,2622.85,322.0995,177.0013,22.10911,75.49753,1094.772,151.9021,56.37916,69.79937,8.299594,114.216,92.84434,23.74306,118.0389,33.72588,60.68039,209.2403,30.36642,65.32696,5.640835,1288.851,31.47929,44.17926,19.33694,241.5702,69.8558,80.7841,21.85293,24.64274,53.22131,632.5051,28.45039,46.1606,653.412,47.25961,501.2161,224.7773,123.0477,134.9855,28917.96484375,12869.62890625,11163.37890625,4884.95556640625,169.1454,639.0203,49.02166,220.6894,474.1127,26.88192,631.5548,110.2458,131.5723,102.7034,152.2917,276.6777,1859.718,30.83285,947.8701,224.036,59.87846,221.3437,20.87289,49.97008,94.6029,140.6743,45.13506,1.085438,7.507959,108.6735,54.35448,268.9333,13.12873,1.981704,96.06486,97.82401,22.72616,850.9271,35.696,46.74046,7.058538,93.46564,1364.647,196.1535,124.3437,373.9532,91.85774,9349.846,127.0836,370.7674,783.1392,1.869709,1.39108,95.2525,390.1362,60.80213,49.09417
44,2014,53.42096,184.8497,38.04584,288.6262,663.9202,21.16547,1.24229,801.3671,236.7302,83.75104,18.72209,337.0506,66.07156,41.46352,380.6338,127.3843,47.58334,5.536307,45.23241,156.0553,2.210279,106.4973,3804.674,3.160408,10.37046,14.76551,19.70878,14.99668,1485.665,296.8766,222.688,32167.76,95.43031,90.45732,166.8793,37.91644,423.5898,4.308804,57.67046,68.39607,37.05104,223.7768,1685.663,11.49376,90.6637,146.4266,72.01884,354.5495,6828.23828125,156.6051,419.4511,12.53818,746.5817,49.43363,252.5969,8747.9609375,214.3098,6.393122,1332.08,15.68053,1196.192,40.74789,170.5995,49.70379,5.31375,14.32746,201.0277,180.1057,88.59413,319.5671,46.42379,65.20141,29.41844,146.3873,1756.557,5379.686,122.0211,708.8107,237.6926,24.02873,231.6299,807.898,15.26262,74.88981,2609.995,373.3239,183.1489,21.45547,82.62347,1085.277,167.3572,61.88926,74.49604,9.410514,133.5088,134.9257,24.07389,123.2907,31.77686,66.7427,191.9139,30.71136,67.86632,5.782834,1309.9,31.41214,52.01879,18.31472,272.9255,71.36069,87.27939,20.12918,25.32589,54.99059,598.563,27.61728,57.44124,664.173,47.24865,517.1814,213.2818,131.3045,142.7497,29405.802734375,13207.2490234375,11327.5341796875,4871.0185546875,157.6968,663.7659,48.38649,225.704,720.3953,21.87958,652.2419,106.5196,133.6337,111.3001,199.8928,274.8247,1760.275,27.33452,935.6287,221.7877,57.26308,200.6556,22.19301,46.38261,110.0879,139.8998,49.9931,1.125276,7.69391,113.8688,53.58286,283.4797,12.68118,2.009578,64.47217,108.1252,24.3744,767.1114,42.39882,53.33309,7.189301,99.1162,1371.97,213.3458,137.2994,342.4792,41.76078,9707.736,138.7666,354.4183,1015.221,1.920152,1.433253,89.92496,376.7343,65.84231,48.03004
45,2015,51.80381,197.3718,36.45985,317.5652,701.8969,20.90109,1.251439,768.4371,229.1559,78.66047,18.20771,330.9479,48.83544,40.97829,439.4517,137.6924,46.90732,4.539304,48.33851,129.7667,3.308896,124.5128,3598.002,3.153619,11.11745,16.43096,15.46077,15.19153,1454.025,280.6791,222.8729,31893.64,118.4035,89.90559,169.2551,39.09571,430.3486,4.425182,57.54156,86.31676,37.51954,227.2014,1640.649,11.06512,93.90346,140.5332,75.36968,395.8182,6698.1962890625,139.3319,413.0946,13.36887,734.9364,51.59651,289.9245,8663.6181640625,202.261,6.432545,1298.901,16.3901,1206.135,41.77772,193.7427,56.67225,5.937746,14.91382,189.8825,140.1164,89.54512,346.4873,48.31941,66.64558,27.15339,132.4834,1761.227,5671.875,129.8936,673.1289,205.8731,24.72542,257.0,797.001,12.93892,81.12547,2459.207,440.5407,196.9681,20.84802,91.75597,1087.292,194.143,70.29672,63.41029,10.23762,91.45248,138.5848,24.50421,108.2057,29.21444,59.40554,196.9812,22.20105,69.88961,5.960201,1283.995,30.53208,54.45272,20.13784,265.7415,68.66573,71.70847,20.0584,25.62361,50.23289,593.5986,24.67485,70.79042,680.3416,48.16974,530.8091,187.8847,136.5231,139.5378,29347.24609375,13417.759765625,11218.0126953125,4711.47412109375,178.1518,706.2953,48.54074,219.9434,741.0918,20.20177,667.3355,112.035,138.2082,107.5646,172.2207,309.2585,1702.507,29.44516,988.095,215.8621,59.60128,193.7839,22.4066,45.27879,105.6685,133.9808,45.70506,1.149549,7.801129,117.1032,52.36785,284.2715,12.77505,2.039737,57.26022,115.7698,21.91793,769.2467,39.3917,57.42814,7.298176,100.4457,1426.225,201.3372,131.9255,261.9562,39.99433,9968.977,148.3668,483.988,967.1143,1.975728,1.470201,74.27532,358.5503,61.55897,51.20238
46,2016,48.35351,180.6169,41.54248,347.0409,690.187,19.32945,1.265077,773.1062,235.228,68.99355,19.32244,333.6804,40.73428,36.08228,601.602,139.8915,41.4771,6.09454,50.30531,118.3737,3.380514,124.8975,3581.978,3.158088,8.949988,17.69086,20.55889,15.36391,1398.453,295.8966,230.9763,32252.63,111.3424,92.20702,171.9849,30.71782,409.1143,4.553278,56.72349,85.97269,44.20115,227.2511,1685.294,9.732652,101.2746,139.0813,79.60165,397.261,6771.681640625,127.7646,392.8749,12.25814,718.9586,58.34076,322.5359,8762.0634765625,210.8485,6.489326,1279.646,15.40905,1186.258,38.91584,192.242,60.12152,7.224853,11.865,177.9762,141.6331,90.69249,356.1745,50.30489,71.403,27.18863,135.78,1754.684,5935.971,151.1378,659.5306,177.3211,27.744,242.9778,817.7198,12.39845,87.46602,2509.903,411.563,194.4408,20.6846,90.73869,1134.746,209.1224,77.21771,60.54887,9.995676,98.20211,98.98878,24.97117,109.7653,26.94519,61.53654,193.9049,21.98343,66.74743,6.147238,1288.201,35.14243,59.24677,20.91483,267.3387,69.21756,75.50756,20.46937,25.97792,48.66934,574.4287,24.32796,77.25776,716.6018,52.96185,520.6915,200.8987,143.7793,147.763,29524.013671875,13514.48828125,11201.029296875,4808.49609375,179.3644,794.5654,49.60158,216.9998,827.5294,20.76626,682.2731,119.893,139.9509,100.1619,215.9606,304.7032,1793.737,29.61745,847.4886,239.2629,64.49911,213.659,21.96732,46.40829,87.62933,137.8814,40.42627,1.178051,7.890988,122.8625,55.98358,289.9985,12.9327,2.077362,44.84369,121.1234,24.21039,871.761,43.91187,59.66549,7.460633,114.1228,1309.282,201.136,126.2618,308.3265,38.17233,10131.02,161.4507,244.3541,1023.326,2.036184,1.51044,68.60249,347.2531,68.49638,41.68489
47,2017,44.76512,146.1285,41.707,294.4145,785.0266,20.06293,1.278768,837.2973,225.9946,71.5463,19.67708,388.4962,46.08789,48.85347,626.3434,137.0157,38.65186,6.6086,49.1246,131.9231,3.358276,129.4145,3574.009,3.162737,9.434692,17.96869,13.53742,15.33918,1477.788,277.5413,225.424,32330.0,129.735,103.5905,184.1396,24.39347,389.0948,4.681734,57.76582,81.83571,46.00927,235.0533,1760.136,11.90302,92.33943,142.5082,77.24551,397.5024,6842.30712890625,129.7402,382.0894,11.62595,657.9666,58.76581,377.3709,8831.3857421875,206.0828,6.546296,1277.649,16.01738,1156.145,38.35771,224.1235,52.72648,7.180175,7.45795,168.498,130.1671,91.84475,383.5492,50.93617,68.9453,27.29956,134.7777,1888.639,6067.665,148.7491,583.9802,176.0698,29.66197,273.9459,822.3332,13.29004,76.15328,2442.941,405.0573,185.32,21.11078,110.442,1193.853,224.1719,79.46705,61.13822,9.703328,99.87103,145.3792,25.43855,113.6218,27.63868,61.52434,213.3977,23.88892,68.22591,6.334407,1281.666,29.82918,73.86104,20.57805,299.8482,71.20126,70.72552,20.8476,26.33279,54.45168,642.4058,17.93159,77.96906,683.0776,49.949,540.2982,204.6028,180.5553,149.1219,29775.9921875,13614.3583984375,11264.4736328125,4897.1591796875,175.4249,842.7844,46.67764,200.9027,845.04,20.97447,680.4064,110.0919,143.8298,105.2341,179.2684,298.9795,1855.859,29.76685,871.291,248.301,73.29007,236.4148,22.48961,44.91972,40.81104,145.5231,33.39955,1.2066,7.981054,119.3391,54.79669,291.3925,13.09052,2.115074,48.81573,128.9787,25.08293,760.7451,42.79431,62.85127,7.623486,103.3611,1336.665,201.0887,137.932,323.2908,40.01854,10182.62,143.3171,285.094,968.4693,2.096698,1.550727,58.31277,382.7749,76.65129,45.92858
48,2018,52.00452,147.3996,37.05013,305.7427,701.8486,20.96672,,833.2692,225.7859,66.62794,21.97123,395.9274,47.10754,44.4297,666.1262,103.6158,44.35383,8.652403,47.94814,121.5083,3.027699,139.3208,3508.462,,9.951327,18.35033,17.60767,16.06605,1452.975,259.541,245.4679,31974.99,135.537,105.5457,190.0744,24.08786,407.4593,,54.13041,76.14314,40.0923,228.3945,1681.403,9.394714,100.4152,149.4523,72.47137,409.3914,6538.33984375,127.4779,377.0944,11.04597,653.3405,48.94016,365.1073,8482.25390625,208.9225,,1144.572,12.22672,1178.484,41.08483,227.7624,53.98,7.6503,10.50131,157.2495,120.8416,,394.3874,55.29694,69.85882,28.36811,143.1509,1968.126,6354.241,179.4908,508.3284,178.5627,22.83043,282.2998,747.269,12.66416,76.1634,2494.622,394.5954,204.1126,25.37828,125.1263,1217.463,232.2946,80.29843,65.17607,10.43716,105.6394,96.32819,,107.5134,25.5022,60.7889,232.4243,27.61511,60.09721,,1349.027,27.0713,75.85581,17.05374,231.0609,78.08691,77.28506,24.18909,,53.88227,667.4667,24.88802,95.33721,755.5505,54.14226,563.4146,196.0695,213.6035,149.7063,29844.109375,13824.6796875,11042.0693359375,4977.3603515625,156.9277,831.6801,45.30314,207.3778,863.1185,22.48655,674.3874,107.0095,126.5318,102.8804,187.1456,301.4635,1685.183,32.90638,818.4166,236.0604,79.88457,237.348,21.48243,43.55075,51.09566,133.8683,28.14658,,,103.3699,51.17241,273.591,,,55.02108,137.2074,22.09541,817.2975,44.43146,70.1848,,97.74377,1434.974,200.4313,154.4393,382.522,36.41979,10315.62,194.5648,226.5504,1038.947,,,83.8815,380.0165,70.03259,48.51747
49,2019,63.57554,112.2104,37.3227,312.549,700.5992,21.92979,,844.3463,220.485,82.71666,20.64306,386.018,45.39199,50.66906,692.6606,105.1764,40.21797,7.498695,47.67791,120.8377,3.37153,143.6944,3584.888,,10.30771,16.66738,16.98603,15.94254,1490.007,267.4948,249.9415,33009.18,171.0362,108.9736,188.6059,23.44719,427.1021,,55.44722,79.0779,43.8485,227.7234,1620.371,11.71988,102.4872,149.2717,76.9306,406.2014,6433.95654296875,130.0717,402.0861,13.38987,629.9839,49.75002,390.0024,8389.3720703125,203.1878,,1113.462,11.23982,1175.378,40.99467,239.2144,57.81389,7.774778,9.158373,158.8345,136.3007,,374.0684,54.60501,70.45435,25.73095,147.8609,1982.506,6494.568,240.471,634.4857,233.8684,20.21142,287.7883,717.7286,13.14706,75.69131,2480.039,370.2434,251.0061,27.30161,125.7922,1212.502,229.7416,81.01919,57.7927,9.311688,133.8658,90.35173,,110.7509,27.99737,59.18754,203.4706,26.88049,59.04838,,1351.463,25.6065,78.25104,17.91178,231.4792,84.106,83.16206,23.44032,,59.40693,692.4271,27.77942,93.80936,793.7693,52.78928,551.541,208.8076,228.5496,152.0883,29805.01953125,13855.53125,10972.724609375,4976.763671875,154.0428,850.9675,45.93177,212.2044,888.2164,22.40636,676.1859,110.2689,125.2502,103.4768,200.5961,310.5329,1886.516,35.16922,843.5187,218.7185,80.22519,237.4119,20.65863,44.82723,60.16269,137.2543,48.03209,,,104.4266,52.75098,268.2102,,,58.5237,142.4823,22.17588,846.259,46.68691,80.33408,,96.17506,1459.384,225.865,161.8266,393.713,40.13914,10281.57,196.4059,262.2903,1007.045,,,60.52258,369.1307,63.48788,41.05708
50,2020,62.97765,116.2334,,304.8611,691.6069,24.23487,,802.6241,,84.89078,20.59806,,52.18753,45.18382,694.8008,,38.09792,5.359891,,118.775,3.928594,136.4012,3580.667,,8.558493,18.2267,15.26149,16.43732,1559.972,,249.4849,33751.66,175.4271,108.1981,196.8618,19.58623,400.6,,49.46148,75.90179,,,,14.32307,,,82.94113,384.2983,,116.863,398.1975,12.18331,,,417.4435,,,,,11.54119,1074.957,44.35882,213.6295,61.18088,8.339655,9.311999,,132.6267,,347.2557,53.35588,,25.25144,,1986.734,6295.192,,640.4028,168.4069,,267.4849,,14.85643,73.22324,2421.765,376.7961,250.6492,28.32264,124.2566,1217.492,172.7568,78.84145,63.76859,9.019991,96.61633,90.9473,,,,,195.0986,26.03056,60.71677,,1231.505,,74.68913,,229.6794,78.61819,72.56584,24.64371,,70.35595,664.9579,26.6612,113.5945,787.5143,55.2986,,,217.0732,155.1579,,13557.4130859375,,4864.52392578125,161.5251,885.77,35.98853,211.2789,836.4667,23.34125,,106.0508,,100.5155,194.3628,,1983.589,36.72934,800.7816,208.3552,90.44268,257.5805,22.48174,44.4785,67.82956,,74.17405,,,,,,,,57.45509,151.9692,23.00762,813.9003,42.82079,74.88541,,94.70844,,248.6635,183.9051,348.8697,30.47875,10066.39,184.763,234.3974,979.2598,,,49.87056,348.9189,49.3087,45.00689
51,2021,54.1127,103.3783,,362.8821,705.7275,20.61599,,827.6522,,77.00598,21.29114,,47.2679,45.9528,718.882,,34.79402,6.573656,,107.2982,4.088171,142.8826,3492.327,,9.168742,18.35352,13.79245,16.73902,1528.368,,279.2852,34828.41,369.5021,111.7821,182.7106,20.93106,422.7826,,52.88403,73.72898,,,,12.17606,,,87.65565,383.4702,,120.9588,433.8293,8.9844,,,421.0138,,,,,11.00871,1134.927,43.00066,213.0612,56.07316,8.173248,7.868595,,146.079,,367.4034,59.35004,,27.74548,,1991.01,6762.753,,607.86,144.3173,,291.259,,13.94795,77.33222,2410.527,358.5089,266.5683,25.55749,140.5517,1262.435,175.7154,79.2493,70.20127,9.096362,91.53443,92.30513,,,,,217.4514,31.56799,62.00486,,1338.556,,71.87582,,222.3331,84.28231,73.08939,27.97442,,73.15453,696.3121,34.06617,94.14139,704.4965,58.35369,,,229.8851,171.1949,,14115.9658203125,,4963.06787109375,163.3907,941.6161,162.3636,213.8452,911.5962,23.02538,,105.3432,,98.50363,179.6854,,1830.82,44.65246,782.0958,217.3481,93.13272,288.3218,25.5453,54.10424,64.18121,,26.03834,,,,,,,,49.36067,157.2908,22.29301,838.1518,40.20567,73.45972,,90.14645,,275.8317,182.1031,402.8151,30.61964,10494.09,195.815,302.4935,1058.538,,,49.50496,359.3995,52.0304,50.78001
52,2022,52.75543,110.9882,,376.442,736.2864,21.56505,,828.4975,,76.40523,21.52403,,47.7486,46.04198,736.7489,,35.55961,6.74092,,102.7509,4.376389,146.6259,3548.966,,9.429487,18.87861,14.05301,16.75181,1561.577,,275.7926,34893.36,380.766,113.4948,186.3501,21.01787,435.7997,,54.48602,74.98512,,,,12.23378,,,91.8318,395.155,,123.5304,445.489,8.905974,,,424.2629,,,,,11.1275,1135.642,43.60124,210.4088,57.75357,8.326595,7.30848,,150.1839,,354.2187,60.62037,,27.87,,2056.001,7096.204,,516.2653,145.8554,,301.6237,,14.42701,79.86044,2203.119,342.5713,267.5854,24.41592,143.0922,1215.766,180.3961,76.75282,56.31607,9.243937,86.83022,89.84885,,,,,213.9849,30.84825,62.57168,,1373.005,,72.6756,,225.4842,85.05409,75.68021,28.0852,,73.97354,710.6894,32.98864,95.67358,724.0492,60.64361,,,238.444,170.1187,,14261.75,,4719.125,176.5686,969.5767,164.9756,219.9584,949.8116,23.57603,,107.8955,,97.35902,193.5247,,1780.237,46.52555,848.769,213.2518,94.76896,306.025,25.99933,56.42292,67.11491,,26.22581,,,,,,,,50.16497,149.3594,22.31105,826.5944,38.90963,76.3931,,89.25341,,280.261,186.0566,374.531,31.64359,10561.09,185.9465,295.6968,1109.491,,,55.728,358.4342,54.90303,52.53741
53,2023,52.60851,107.7629,,378.4486,747.4613,22.11886,,831.9044,,71.77108,21.12163,,48.33438,46.81856,750.9064,,36.52256,6.890013,,96.84539,4.495724,149.7123,3588.561,,9.246571,19.43229,14.13177,16.77666,1562.112,,287.4395,35508.0,390.1076,114.7962,185.1229,21.21031,445.6064,,57.26807,76.49064,,,,12.53156,,,94.19277,401.5308,,126.0231,443.319,8.841834,,,437.7306,,,,,10.81591,1172.901,43.41932,210.8333,58.24948,8.40625,6.688593,,153.7588,,361.4973,62.08856,,29.22377,,2138.051,7445.339,,528.3738,146.5084,,308.091,,14.74269,83.64511,2206.366,334.8098,266.7482,22.81522,147.9377,1235.338,175.9853,76.50393,55.18584,8.997336,87.58334,89.30607,,,,,221.2464,30.07598,62.15522,,1432.652,,73.71667,,230.9009,86.32912,77.03934,28.07264,,74.26192,734.0048,33.4076,98.10942,716.4429,62.24962,,,245.5662,172.876,,14502.6875,,4754.5751953125,178.6439,946.6876,172.0498,225.9686,1008.905,23.86086,,111.0582,,99.91245,201.3949,,1688.136,47.91666,869.3431,200.8342,95.94101,319.0219,25.87297,58.05873,67.17867,,25.98692,,,,,,,,51.32761,147.8839,22.61909,851.1599,36.80711,74.14944,,90.75624,,286.9615,188.0884,367.1336,32.3928,10717.61,178.5645,299.7783,1159.135,,,56.06337,351.2019,55.07426,52.22155
54,2024,52.5184,110.1882,,387.0765,760.5594,22.73441,,830.9455,,73.60973,21.48832,,49.95816,48.55893,770.1919,,37.62511,6.97693,,96.93045,4.562069,150.1502,3632.581,,9.414579,19.96389,14.17068,17.20447,1580.976,,289.6388,36545.99,404.5934,118.712,188.9672,22.03358,446.2034,,57.92199,76.46417,,,,12.99064,,,94.97303,417.6498,,126.4385,446.8177,8.998582,,,455.156,,,,,10.98931,1204.445,44.72115,213.3206,59.92682,8.747178,6.79874,,154.9911,,368.861,62.4008,,29.33446,,2220.64,7807.68,,538.6578,149.3463,,317.1238,,14.94387,86.68324,2217.476,345.2513,272.9236,23.30597,152.3481,1257.965,180.7786,76.62447,55.20236,9.000185,92.0591,89.43843,,,,,230.0748,30.92987,63.45348,,1463.31,,76.11007,,234.202,87.15081,78.93649,28.76519,,74.85605,756.3831,34.46938,103.5492,729.6785,62.48334,,,253.1541,173.3222,,14628.66015625,,4796.83251953125,184.5105,938.8748,178.2948,228.0621,1069.732,24.20379,,113.9441,,100.7556,208.7016,,1695.029,49.27051,889.6102,204.5621,99.55587,329.2335,26.72013,58.38809,68.44806,,26.53328,,,,,,,,52.12536,150.9824,23.23197,877.7151,37.79245,77.00394,,93.47987,,295.4902,194.4251,374.2424,32.87205,10790.61,185.9681,302.5317,1211.968,,,57.27592,355.3554,56.84771,55.02024
