,TIME_PERIOD,AUT,BEL,BGR,CHE,CZE,DEU,DNK,EA20,ESP,EST,EU27_2020,FIN,FRA,GBR,GRC,HRV,HUN,IRL,ISL,ITA,LTU,LUX,LVA,NLD,NOR,POL,PRT,SVK,SVN,SWE,TUR,USA
0,1991-01,,,,,,,,0.5938242,,,,,,,,,,,,,,,,,,,,,,,,
1,1991-02,,,,,,,,0.5903188,,,,,,,,,,,,,,,,,,,,,,,,
2,1991-03,,,,,,,,0.1173709,,,,,,,,,,,,,,,,,,,,,,,,
3,1991-04,,,,,,,,0.3516999,,,,,,,,,,,,,,,,,,,,,,,,
4,1991-05,,,,,,,,0.3504673,,,,,,,,,,,,,,,,,,,,,,,,
5,1991-06,,,,,,,,0.3492433,,,,,,,,,,,,,,,,,,,,,,,,
6,1991-07,,,,,,,,0.8120649,,,,,,,,,,,,,,,,,,,,,,,,
7,1991-08,,,,,,,,0.1150748,,,,,,,,,,,,,,,,,,,,,,,,
8,1991-09,,,,,,,,0.1149425,,,,,,,,,,,,,,,,,,,,,,,,
9,1991-10,,,,,,,,0.3444317,,,,,,,,,,,,,,,,,,,,,,,,
10,1991-11,,,,,,,,0.4576659,,,,,,,,,,,,,,,,,,,,,,,,
11,1991-12,,,,,,,,0.1138952,,,,,,,,,,,,,,,,,,,,,,,,
12,1992-01,,,,,,,,0.3412969,,,,,,,,,,,,,,,,,,,,,,,,
13,1992-02,,,,,,,,0.5668934,,,,,,,,,,,,,,,,,,,,,,,,
14,1992-03,,,,,,,,0.3382187,,,,,,,,,,,,,,,,,,,,,,,,
15,1992-04,,,,,,,,0.3370787,,,,,,,,,,,,,,,,,,,,,,,,
16,1992-05,,,,,,,,0.3359463,,,,,,,,,,,,,,,,,,,,,,,,
17,1992-06,,,,,,,,0.1116071,,,,,,,,,,,,,,,,,,,,,,,,
18,1992-07,,,,,,,,0.1114827,,,,,,,,,,,,,,,,,,,,,,,,
19,1992-08,,,,,,,,0.2227172,,,,,,,,,,,,,,,,,,,,,,,,
20,1992-09,,,,,,,,0.1111111,,,,,,,,,,,,,,,,,,,,,,,,
21,1992-10,,,,,,,,0.2219756,,,,,,,,,,,,,,,,,,,,,,,,
22,1992-11,,,,,,,,0.3322259,,,,,,,,,,,,,,,,,,,,,,,,
23,1992-12,,,,,,,,0.2207506,,,,,,,,,,,,,,,,,,,,,,,,
24,1993-01,,,,,,,,0.4405286,,,,,,,,,,,,,,,,,,,,,,,,
25,1993-02,,,,,,,,0.5482456,,,,,,,,,,,,,,,,,,,,,,,,
26,1993-03,,,,,,,,0.436205,,,,,,,,,,,,,,,,,,,,,,,,
27,1993-04,,,,,,,,0.2171553,,,,,,,,,,,,,,,,,,,,,,,,
28,1993-05,,,,,,,,0.2166847,,,,,,,,,,,,,,,,,,,,,,,,
29,1993-06,,,,,,,,0.2162162,,,,,,,,,,,,,,,,,,,,,,,,
30,1993-07,,,,,,,,0.3236246,,,,,,,,,,,,,,,,,,,,,,,,
31,1993-08,,,,,,,,0.1075269,,,,,,,,,,,,,,,,,,,,,,,,
32,1993-09,,,,,,,,0.1074114,,,,,,,,,,,,,,,,,,,,,,,,
33,1993-10,,,,,,,,0.2145923,,,,,,,,,,,,,,,,,,,,,,,,
34,1993-11,,,,,,,,0.2141328,,,,,,,,,,,,,,,,,,,,,,,,
35,1993-12,,,,,,,,0.1068376,,,,,,,,,,,,,,,,,,,,,,,,
36,1994-01,,,,,,,,0.4268943,,,,,,,,,,,,,,,,,,,,,,,,
37,1994-02,,,,,,,,0.4250797,,,,,,,,,,,,,,,,,,,,,,,,
38,1994-03,,,,,,,,0.3174603,,,,,,,,,,,,,,,,,,,,,,,,
39,1994-04,,,,,,,,0.1054852,,,,,,,,,,,,,,,,,,,,,,,,
40,1994-05,,,,,,,,0.3161222,,,,,,,,,,,,,,,,,,,,,,,,
41,1994-06,,,,,,,,0.105042,,,,,,,,,,,,,,,,,,,,,,,,
42,1994-07,,,,,,,,0.2098636,,,,,,,,,,,,,,,,,,,,,,,,
43,1994-08,,,,,,,,0.2094241,,,,,,,,,,,,,,,,,,,,,,,,
44,1994-09,,,,,,,,0.1044932,,,,,,,,,,,,,,,,,,,,,,,,
45,1994-10,,,,,,,,0.2087683,,,,,,,,,,,,,,,,,,,,,,,,
46,1994-11,,,,,,,,0.0,,,,,,,,,,,,,,,,,,,,,,,,
47,1994-12,,,,,,,,0.2083333,,,,,,,,,,,,,,,,,,,,,,,,
48,1995-01,,,,,,,,0.3118503,,,,,,,,,,,,,,,,,,,,,,,,
49,1995-02,,,,,,,,0.4145078,,,,,,,,,,,,,,,,,,,,,,,,
50,1995-03,,,,,,,,0.4127967,,,,,,,,,,,,,,,,,,,,,,,,
51,1995-04,,,,,,,,0.2055499,,,,,,,,,,,,,,,,,,,,,,,,
52,1995-05,,,,,,,,0.1025641,,,,,,,,,,,,,,,,,,,,,,,,
53,1995-06,,,,,,,,0.307377,,,,,,,,,,,,,,,,,,,,,,,,
54,1995-07,,,,,,,,0.0,,,,,,,,,,,,,,,,,,,,,,,,
55,1995-08,,,,,,,,0.102145,,,,,,,,,,,,,,,,,,,,,,,,
56,1995-09,,,,,,,,0.3061225,,,,,,,,,,,,,,,,,,,,,,,,
57,1995-10,,,,,,,,0.0,,,,,,,,,,,,,,,,,,,,,,,,
58,1995-11,,,,,,,,0.1017294,,,,,,,,,,,,,,,,,,,,,,,,
59,1995-12,,,,,,,,0.203252,,,,,,,,,,,,,,,,,,,,,,,,
60,1996-01,,,,,,,,0.3042596,,,,,,,,,,,,,,,,,,,,,,,,
61,1996-02,0.3,0.1,,,0.5,0.7,0.6,0.4403409,0.2,3.2,,0.4,0.4,0.5,-0.2,,2.4,0.7,0.2,0.4,2.3,0.1,1.7,0.5,0.1,1.4,0.5,0.3,1.3,0.3,4.2,
62,1996-03,0.3,0.2,,,0.5,0.1,0.7,0.4242681,0.4,1.6,,0.2,0.6,0.4,2.9,,1.6,0.4,0.2,0.3,2.3,0.1,1.5,1.2,0.3,1.6,0.2,0.2,1.4,0.7,5.6,
63,1996-04,-0.1,0.5,,,0.9,-0.1,0.3,0.1830728,0.6,1.7,,0.2,0.1,0.5,1.0,,1.7,-0.1,0.4,0.4,1.5,0.2,0.5,0.3,0.3,2.0,0.8,0.3,1.5,0.5,7.6,
64,1996-05,-0.1,0.2,,,0.5,0.1,0.3,0.2530222,0.4,0.5,,0.3,0.3,0.3,0.8,,2.2,0.1,0.4,0.3,0.4,0.1,0.4,-0.4,0.3,1.3,0.4,0.5,0.6,0.1,4.9,
65,1996-06,0.3,-0.2,,,0.9,0.1,-0.1,0.01402131,-0.1,0.6,,0.0,-0.1,0.1,0.2,,0.8,0.3,0.0,0.3,0.7,0.0,1.6,-0.5,0.1,0.9,0.0,0.2,0.2,-0.4,2.7,
66,1996-07,0.1,-0.1,,,0.8,0.3,-0.1,-0.02803869,0.1,0.3,,0.0,-0.2,-0.6,-1.8,,0.4,-0.3,0.1,-0.1,0.1,0.1,0.3,-0.3,0.3,0.2,0.2,0.3,0.2,-0.2,1.3,
67,1996-08,-0.3,0.0,,,0.2,-0.1,0.1,-0.05609312,0.3,-0.9,,-0.4,-0.2,0.5,-0.1,,0.3,0.6,0.4,0.1,0.2,0.1,-0.7,-0.2,-0.1,0.2,0.3,0.5,-0.5,-0.4,5.2,
68,1996-09,0.0,0.2,,,0.2,0.0,0.6,0.2385295,0.3,0.4,,0.2,0.3,0.5,2.3,,1.4,0.6,0.0,0.0,0.8,0.0,0.7,1.1,0.4,2.2,0.0,1.0,0.4,0.8,5.5,
69,1996-10,0.2,0.5,,,0.3,-0.1,0.1,0.1119821,0.1,0.5,,0.1,0.3,0.0,0.8,,1.4,-0.1,0.3,0.1,0.6,0.2,1.2,0.3,0.4,1.7,-0.2,0.7,0.9,0.0,7.0,
70,1996-11,0.3,0.0,,,0.5,-0.1,0.1,0.0139821,0.0,0.7,,-0.2,-0.1,0.1,0.1,,0.9,0.1,0.0,0.4,1.6,0.3,0.8,-0.2,0.0,1.0,0.2,0.4,0.5,-0.1,4.9,
71,1996-12,0.3,0.2,,,0.5,0.4,-0.1,0.279603,0.3,0.6,,0.2,0.2,0.3,1.2,,1.0,0.4,-0.3,0.1,1.0,0.0,0.7,-0.1,0.0,1.0,0.0,0.3,0.8,0.0,3.6,
72,1997-01,-0.1,0.5,,,1.2,0.7,0.0,0.3067057,0.2,1.3,,-0.1,0.2,-0.4,-0.7,,3.8,-1.0,0.3,0.1,2.8,0.1,2.0,0.0,1.0,2.8,0.4,1.0,1.3,0.2,6.0,
73,1997-02,0.5,-0.1,,,0.3,0.4,0.3,0.2223766,-0.1,0.6,,0.1,0.2,0.2,-0.4,,2.2,0.7,0.1,0.1,0.5,0.3,0.4,0.2,0.3,1.2,0.1,0.5,0.8,0.0,5.2,
74,1997-03,0.1,-0.4,,,0.2,-0.1,0.4,0.1248093,0.1,0.8,,0.3,0.1,0.2,2.3,,1.8,0.0,0.0,0.1,-0.1,-0.1,0.4,1.0,0.3,0.8,0.1,0.5,0.4,0.6,5.8,
75,1997-04,-0.1,0.3,,,0.7,-0.3,0.1,-0.02770083,0.0,1.4,,0.4,0.0,0.4,0.9,,1.3,0.1,0.9,0.1,0.3,0.0,0.6,0.1,-0.3,1.0,0.1,0.4,1.2,0.6,5.9,
76,1997-05,0.0,0.5,,,0.2,0.4,0.7,0.2770851,0.1,1.9,,0.3,0.1,0.3,0.5,,1.4,0.0,-0.3,0.3,0.6,0.1,0.6,0.2,0.3,0.6,0.7,0.0,1.6,0.1,5.2,
77,1997-06,0.0,0.0,,,1.3,0.1,0.1,0.04144792,0.0,0.6,,0.2,0.0,0.2,0.4,,1.8,0.3,0.1,0.0,0.1,0.1,0.3,-0.6,0.3,1.7,-0.3,0.3,0.1,0.0,2.7,
78,1997-07,0.0,0.2,,,3.0,0.4,-0.5,0.06905124,0.2,0.5,,0.0,-0.1,-0.3,-2.1,,-0.2,-0.1,0.1,0.0,1.2,0.2,-0.3,0.1,-0.6,0.0,0.0,0.1,0.5,-0.2,6.3,
79,1997-08,0.1,-0.2,,,0.8,0.0,0.3,0.1656086,0.5,0.4,,0.2,0.3,0.5,0.2,,0.2,-0.3,0.3,0.0,0.3,0.2,0.3,0.4,0.0,0.2,0.5,1.0,0.1,0.2,5.9,
80,1997-09,-0.1,0.1,,,0.3,-0.3,0.3,0.0964453,0.5,0.4,,0.1,0.2,0.4,1.7,,1.4,0.4,0.4,0.0,0.1,0.3,0.2,1.1,0.3,1.1,-0.1,0.1,0.6,1.3,7.6,
81,1997-10,0.1,0.1,,,0.5,-0.1,0.0,0.0550585,0.0,0.9,,0.2,-0.1,0.0,0.5,,1.1,0.1,0.5,0.4,0.5,0.2,0.8,0.1,0.4,1.1,-0.1,0.8,0.6,0.1,8.6,
82,1997-11,0.3,0.1,,,0.5,0.0,0.1,0.1375705,0.1,0.8,,-0.1,0.2,0.1,0.5,,1.3,0.3,-0.2,0.3,1.4,0.1,0.6,0.0,0.0,0.9,0.5,0.6,0.7,-0.2,6.5,
83,1997-12,0.2,-0.2,,,0.3,0.3,-0.3,0.1236434,0.3,0.8,,0.0,0.0,0.1,0.7,,1.1,0.4,-0.1,0.1,0.4,0.0,0.2,-0.4,0.1,1.1,0.2,0.5,0.6,0.0,5.3,
84,1998-01,0.1,0.1,2.1,,3.6,-0.1,0.1,-0.08232711,0.2,1.7,,0.1,-0.4,-0.6,-0.9,,3.0,-0.7,0.4,0.3,0.9,0.1,1.4,-0.6,0.4,3.2,-0.1,1.9,1.3,-0.4,6.3,
85,1998-02,0.3,0.2,1.3,,0.6,0.3,0.3,0.2471848,-0.3,1.0,,0.0,0.4,0.3,-0.5,0.5,1.8,0.4,-0.2,0.3,0.3,-0.1,0.2,0.7,0.3,1.7,-0.2,0.7,0.9,-0.1,4.0,
86,1998-03,0.1,-0.2,0.1,,0.1,-0.1,0.3,0.1369863,0.1,0.8,,0.2,0.2,0.3,2.5,0.4,1.2,0.6,0.3,0.1,0.3,0.1,0.2,1.1,0.6,0.5,0.3,0.2,0.8,0.3,4.1,
87,1998-04,0.1,0.6,0.5,,0.3,0.1,0.3,0.246238,0.2,0.5,,0.5,0.2,0.5,1.6,0.5,1.0,0.6,0.2,0.3,0.4,-0.2,0.6,0.4,0.1,0.7,0.8,0.4,0.9,0.4,4.8,
88,1998-05,-0.2,0.5,-1.7,,0.1,0.4,0.4,0.2046943,0.2,0.4,,0.2,0.0,0.5,0.4,0.7,1.2,0.3,0.3,0.0,0.6,0.3,0.0,-0.2,-0.1,0.5,0.7,0.6,1.0,0.3,3.3,
89,1998-06,-0.2,-0.1,-3.5,,0.4,0.0,0.0,0.05447365,0.0,0.2,,0.2,0.1,-0.1,0.3,0.1,0.2,0.6,0.2,0.1,-0.8,0.0,0.7,-0.5,0.1,0.3,0.2,0.1,-0.1,-0.2,1.8,
90,1998-07,0.0,0.2,-0.7,,1.7,0.4,-0.4,0.0,0.5,0.6,,-0.5,-0.4,-0.5,-2.1,-0.3,-0.4,-0.3,-0.5,0.0,0.5,0.2,-0.8,-0.3,0.1,-0.2,0.2,-0.4,0.0,-0.2,4.2,
91,1998-08,0.0,-0.4,0.3,,-0.3,-0.1,-0.1,0.02722199,0.3,-0.1,,0.2,0.2,0.4,0.1,-0.1,-0.4,0.1,-0.6,0.1,-0.4,0.0,-0.5,0.0,-0.4,-0.5,-0.1,-0.2,0.2,-0.5,4.0,
92,1998-09,-0.2,-0.1,3.2,,-0.1,-0.4,0.4,-0.02721459,0.0,-0.2,,0.4,0.1,0.4,2.0,0.5,0.6,0.3,0.0,0.0,-0.2,0.0,0.1,1.0,0.7,0.7,-0.2,0.4,0.1,0.6,6.4,
93,1998-10,0.2,0.0,0.3,,-0.3,-0.3,0.0,-0.02722199,0.0,0.2,,-0.1,-0.1,0.0,0.0,0.0,0.9,0.0,0.4,0.1,0.9,0.0,0.2,0.3,0.0,0.5,0.3,1.2,0.2,0.3,6.0,
94,1998-11,0.1,0.0,-0.5,,-0.3,0.0,0.1,0.0,-0.1,0.0,,-0.3,-0.1,0.1,-0.1,0.4,0.2,0.0,0.3,0.1,0.2,0.1,0.4,0.0,0.3,0.5,0.6,0.4,0.4,-0.2,4.2,
95,1998-12,0.2,-0.1,0.4,,-0.1,0.0,-0.3,0.05445882,0.3,0.1,,-0.1,0.1,0.3,0.5,0.3,0.3,0.3,-0.3,0.0,0.0,-0.1,0.2,-0.4,0.0,0.3,0.4,0.2,0.6,-0.1,3.0,
96,1999-01,-0.1,0.4,2.4,,0.9,0.0,0.1,-0.06803647,0.3,1.1,,-0.2,-0.3,-0.6,-1.3,1.0,2.6,-0.8,0.3,0.1,1.0,-1.7,0.9,0.0,0.4,1.5,-0.4,2.9,1.0,-0.4,4.4,
97,1999-02,0.2,0.2,-0.7,,0.0,0.1,0.5,0.2314815,0.1,0.2,,0.4,0.4,0.2,-0.7,0.4,1.3,0.7,-0.1,0.3,0.0,1.9,0.2,0.7,0.3,0.5,0.0,0.8,0.4,0.0,2.9,
98,1999-03,0.1,0.1,-1.0,,-0.3,0.3,0.5,0.3260427,0.4,0.5,,0.2,0.3,0.5,2.5,0.2,1.2,0.3,0.3,0.1,-0.2,0.1,0.0,1.1,0.5,1.1,0.4,0.3,0.3,0.6,4.1,
99,1999-04,0.0,0.4,-0.6,,0.3,0.4,0.3,0.352065,0.4,0.3,,0.9,0.3,0.4,1.2,0.2,1.1,0.6,0.5,0.1,0.1,0.5,-0.1,0.3,0.3,0.8,0.7,0.5,0.3,0.2,4.9,
100,1999-05,0.1,0.2,-0.9,,0.0,0.0,0.4,0.06746728,0.0,0.3,,0.3,0.0,0.3,-0.3,0.7,0.7,0.7,0.5,0.3,-0.1,0.3,0.4,0.0,-0.1,0.6,0.1,0.1,0.6,0.3,2.4,
101,1999-06,-0.4,-0.2,-0.9,,0.3,0.0,0.3,0.0,0.0,0.0,,0.0,0.0,-0.1,-0.2,0.0,0.4,0.3,0.6,0.0,-0.1,-0.1,0.7,-0.5,0.1,0.2,0.2,0.5,0.0,-0.1,2.5,
102,1999-07,0.1,0.2,3.4,,0.8,0.5,-0.3,0.1348436,0.5,0.1,,-0.3,-0.3,-0.6,-2.1,0.6,0.7,-0.4,0.2,0.3,-0.4,-1.3,-0.9,-0.6,-0.3,-0.3,0.0,5.9,1.6,-0.5,3.8,
103,1999-08,0.2,-0.2,0.7,,0.0,0.0,0.4,0.1211958,0.5,-0.2,,0.1,0.2,0.3,-0.1,-0.2,0.4,0.7,0.5,0.0,-0.2,1.7,-0.2,0.7,-0.5,0.5,-0.2,0.5,0.9,0.0,3.9,
104,1999-09,-0.1,0.3,1.5,,-0.3,-0.3,0.3,0.1075992,0.2,0.1,,0.5,0.2,0.4,2.0,0.2,0.5,0.4,0.7,0.3,0.7,0.2,0.3,0.5,0.9,1.4,-0.1,0.6,0.7,0.9,5.9,
105,1999-10,0.4,0.1,1.1,,0.0,-0.1,0.1,0.05374177,-0.1,0.2,,0.1,0.1,-0.1,0.4,0.2,0.6,0.1,0.8,0.3,-0.6,0.3,0.7,0.1,0.5,1.2,0.2,0.5,0.5,0.1,6.0,
106,1999-11,0.3,0.2,0.5,,0.3,0.1,0.1,0.1342823,0.2,0.3,,0.0,0.1,0.1,0.2,-0.4,0.5,0.1,-0.1,0.1,0.1,0.1,0.8,0.2,0.4,0.9,0.7,0.4,0.5,-0.4,4.4,
107,1999-12,0.9,0.4,1.3,,0.4,0.4,0.3,0.3486657,0.4,0.8,,0.3,0.5,0.2,0.9,0.5,0.8,1.2,0.3,0.3,0.3,0.4,0.2,-0.5,0.1,0.9,0.2,0.4,0.9,0.3,6.0,
108,2000-01,-0.4,-1.3,2.4,,1.8,0.3,-0.1,0.0,0.4,0.5,0.3,-0.1,0.0,-0.9,-1.3,0.7,1.5,-0.3,0.6,0.1,1.5,-0.6,1.0,-0.3,0.4,1.8,-0.2,2.6,0.8,-0.5,4.9,
109,2000-02,0.8,2.0,1.1,,0.1,0.1,0.5,0.3,0.2,0.0,0.4,0.8,0.1,0.3,-0.4,0.5,1.1,0.8,-0.4,0.4,0.0,1.1,0.5,0.6,0.5,0.9,-0.3,3.4,0.9,0.5,3.5,
110,2000-03,0.1,0.5,-0.3,,0.0,0.0,0.7,0.4,0.5,0.7,0.4,0.7,0.5,0.2,2.6,0.5,1.0,0.7,0.6,0.3,-0.2,0.5,-0.2,1.1,0.3,0.9,0.2,0.4,0.9,0.5,3.1,
111,2000-04,-0.2,0.2,-1.0,,-0.1,0.0,0.3,0.1,0.4,0.1,0.2,0.2,0.0,0.3,0.6,0.6,0.8,0.7,0.9,0.0,0.0,0.7,0.4,0.4,0.3,0.4,1.1,-0.1,0.6,-0.1,2.5,
112,2000-05,-0.1,0.3,0.1,,0.3,-0.3,0.4,0.1,0.2,0.2,0.2,0.5,0.2,0.3,0.3,0.2,0.5,0.7,0.4,0.4,-0.4,0.0,-0.2,0.3,0.1,0.6,0.6,0.3,0.4,0.6,2.2,
113,2000-06,0.4,0.4,0.2,,0.7,0.6,0.3,0.3,0.3,0.3,0.4,0.4,0.3,0.1,-0.6,1.0,0.5,0.7,0.4,0.3,0.6,1.4,0.1,0.0,0.7,0.9,0.5,-0.1,0.7,0.0,0.4,
114,2000-07,-0.3,-1.0,0.6,,0.8,0.4,-0.4,0.1,0.6,0.9,0.2,-0.5,-0.2,-0.5,-1.7,0.7,1.2,0.0,0.6,0.3,-0.3,-1.0,-0.5,-0.3,-0.4,0.6,0.4,0.0,0.8,-0.6,2.0,
115,2000-08,0.1,1.5,3.0,,0.1,-0.3,-0.3,0.1,0.4,0.1,0.1,0.1,0.2,0.0,0.2,-0.1,0.4,0.5,-0.6,0.0,-0.6,0.7,-0.5,0.4,-0.4,-0.3,0.1,0.1,0.3,0.1,1.8,
116,2000-09,0.4,0.8,2.3,,-0.3,0.3,0.9,0.4,0.4,0.3,0.6,1.0,0.5,0.8,2.1,0.6,1.2,0.3,0.2,0.3,0.1,0.7,0.1,0.9,0.9,1.0,-0.1,0.6,1.4,0.9,2.9,
117,2000-10,0.3,-0.2,1.2,,0.3,-0.1,0.3,0.1,0.2,0.9,0.2,0.1,-0.1,0.0,1.1,0.3,0.7,0.5,1.0,0.3,0.2,0.4,0.4,0.4,0.1,0.8,0.3,0.4,0.6,0.2,3.2,
118,2000-11,0.4,0.2,0.8,,0.1,0.0,0.0,0.2,0.3,0.6,0.3,-0.1,0.2,0.2,0.4,0.3,0.4,0.1,0.2,0.3,0.4,0.3,0.4,-0.1,0.4,0.3,0.6,0.4,1.1,0.1,3.7,
119,2000-12,0.4,-0.3,0.4,,0.1,1.1,-0.1,0.4,0.3,0.2,0.4,-0.2,0.0,0.0,0.5,0.4,0.3,0.0,-0.1,0.1,0.3,0.2,0.3,-0.5,-0.1,0.3,0.4,0.2,0.1,-0.2,2.0,
120,2001-01,0.0,-1.6,0.6,,1.9,-0.6,-0.1,-0.4,-0.7,1.1,-0.2,-0.1,-0.4,-0.9,-1.8,0.2,1.5,-1.0,0.3,-0.1,-0.2,-1.9,0.6,1.4,0.6,0.8,0.4,1.7,0.4,-0.3,2.6,
121,2001-02,0.3,1.8,0.3,,0.0,0.6,0.5,0.3,0.0,0.3,0.4,0.6,0.3,0.3,-0.2,0.6,1.4,0.9,0.1,-0.5,0.2,1.2,-0.1,0.9,0.9,0.0,0.2,2.3,1.2,0.4,1.4,
122,2001-03,0.2,0.2,0.1,,0.1,0.0,0.5,0.5,0.8,0.4,0.6,0.5,0.5,0.3,2.3,-0.3,0.9,0.8,0.7,0.9,0.6,0.5,0.5,1.1,0.3,0.6,0.4,0.6,1.1,0.8,7.1,
123,2001-04,0.5,0.9,-0.2,,0.4,0.4,0.6,0.6,0.9,0.7,0.7,0.5,0.5,0.6,1.1,1.6,0.8,0.8,1.2,0.8,0.2,0.4,0.4,0.8,0.5,0.8,0.6,0.4,0.7,1.0,11.9,
124,2001-05,0.2,0.5,0.1,,0.7,0.5,0.5,0.5,0.4,0.6,0.6,0.9,0.6,0.8,0.5,0.6,0.9,0.6,1.6,0.3,0.6,1.0,1.0,0.3,0.5,1.2,0.9,0.5,1.2,0.8,5.5,
125,2001-06,0.1,0.2,-0.1,,0.9,0.1,-0.1,0.2,0.3,0.2,0.2,0.1,0.1,0.2,-0.1,-0.2,0.3,0.7,1.8,0.3,0.6,0.3,0.5,-0.4,0.0,-0.1,0.3,0.1,0.5,-0.2,3.5,
126,2001-07,-0.1,-1.3,-0.2,,0.9,0.1,-0.4,-0.2,-0.7,0.2,-0.2,-0.8,-0.2,-0.8,-2.0,-0.7,0.2,-0.2,0.9,-0.3,-0.8,-1.3,-0.5,-0.1,-1.6,-0.5,0.2,0.4,0.2,-0.7,2.3,
127,2001-08,-0.2,1.3,0.3,,-0.1,-0.2,-0.1,-0.1,0.1,0.0,0.0,0.2,0.0,0.4,0.0,0.8,-0.2,0.2,0.0,-0.3,0.6,0.7,-0.7,0.3,-0.3,-0.5,-0.2,-0.2,0.0,0.3,2.9,
128,2001-09,0.4,0.1,1.3,,-0.8,-0.1,0.6,0.3,0.5,0.2,0.3,0.9,0.2,0.3,2.1,0.1,0.5,0.4,0.8,0.3,-0.2,0.1,0.6,1.0,0.6,0.4,0.0,0.3,0.9,1.2,6.3,
129,2001-10,0.2,-0.1,1.7,,0.0,-0.2,0.0,0.1,0.4,0.1,0.2,-0.1,0.1,-0.2,0.3,-0.4,0.3,0.5,0.6,0.5,0.3,0.1,0.1,0.0,0.0,0.4,0.4,0.0,0.4,-0.2,6.5,
130,2001-11,0.0,0.0,0.2,,-0.3,-0.2,-0.1,-0.1,0.3,0.0,0.0,-0.3,-0.3,-0.2,0.1,-0.1,0.0,-0.1,0.4,0.3,0.0,0.1,0.2,-0.3,-0.1,0.1,0.6,0.2,0.3,0.0,4.5,
131,2001-12,0.3,-0.1,0.6,,0.1,1.1,0.1,0.4,0.3,0.2,0.5,0.0,0.1,0.3,1.1,0.2,0.0,0.7,0.4,0.1,0.3,-0.3,0.4,-0.1,0.1,0.3,0.2,0.1,-0.1,0.1,3.1,
132,2002-01,0.2,-0.9,2.7,,1.4,0.0,0.1,0.1,-0.2,1.2,0.2,0.5,0.5,-0.3,-0.6,1.1,1.3,-0.1,0.9,-0.1,0.9,-0.7,0.9,1.1,0.0,0.9,0.1,1.5,1.6,-0.6,6.1,0.8
133,2002-02,0.2,1.6,1.6,,0.0,0.4,0.6,0.2,0.1,0.5,0.2,0.2,0.1,0.1,-1.2,0.0,1.0,0.6,-0.3,-0.3,-0.2,1.2,-0.3,0.5,0.4,0.1,-0.1,0.3,0.8,0.3,1.4,0.3
134,2002-03,0.1,0.2,0.8,,0.0,0.1,0.6,0.6,0.9,0.3,0.5,0.6,0.4,0.4,2.9,0.2,0.7,0.9,0.4,0.9,-0.6,0.1,0.5,1.1,0.4,0.3,0.4,0.0,0.8,0.9,1.0,0.6
135,2002-04,0.5,0.1,-0.1,,0.0,0.0,0.5,0.5,1.4,0.8,0.5,0.4,0.4,0.4,0.9,0.4,0.9,0.8,-0.1,0.8,-0.1,0.6,0.1,0.6,-0.1,0.4,0.8,0.4,1.5,0.3,2.2,0.7
136,2002-05,0.2,0.1,-2.1,,-0.1,0.1,0.1,0.2,0.3,0.3,0.2,0.2,0.1,0.2,0.2,0.4,0.5,0.5,0.0,0.3,-0.3,0.4,0.2,-0.1,0.3,-0.3,0.8,0.1,0.4,0.2,0.4,0.0
137,2002-06,0.0,-0.3,-1.7,,-0.3,-0.1,0.0,0.0,0.0,-0.1,-0.1,-0.2,0.0,0.0,-0.3,0.0,-0.5,0.2,0.5,0.1,-0.3,0.3,-0.5,-0.4,0.0,-0.4,0.3,-0.4,-0.2,-0.2,0.4,0.0
138,2002-07,-0.2,-0.9,0.1,,0.3,0.4,-0.4,-0.1,-0.7,-0.3,-0.1,-0.3,-0.1,-0.3,-2.0,0.0,-0.1,-0.6,0.1,-0.1,-0.3,-0.6,-0.4,-0.1,-0.1,-0.5,0.2,-0.2,0.8,-0.6,1.4,0.0
139,2002-08,0.3,1.4,-0.7,,-0.1,-0.2,0.1,0.1,0.3,-0.5,0.1,0.0,0.2,0.3,0.2,-0.1,-0.3,0.6,-0.5,-0.3,-0.6,0.8,-0.7,0.2,-0.4,-0.4,0.1,0.6,0.2,0.1,2.2,0.3
140,2002-09,0.0,0.1,0.8,,-0.6,-0.1,0.6,0.3,0.3,0.2,0.3,0.4,0.2,0.3,2.1,0.5,0.7,0.4,0.5,0.6,-0.5,0.4,0.8,1.0,0.8,0.4,0.0,0.4,0.5,0.8,3.5,0.3
141,2002-10,0.2,-0.1,1.0,,-0.3,-0.1,0.2,0.2,0.9,0.5,0.3,0.3,0.2,0.2,0.5,0.1,0.6,0.5,0.4,0.5,0.7,0.4,0.7,-0.1,0.1,0.3,0.6,0.1,0.2,0.4,3.4,0.2
142,2002-11,0.0,-0.1,0.2,,-0.1,-0.4,0.0,-0.1,0.2,-0.1,0.0,-0.3,-0.1,0.0,0.0,0.0,0.0,0.0,-0.2,0.3,0.1,0.1,0.2,-0.5,0.4,0.0,0.6,0.0,-0.1,-0.3,3.2,0.0
143,2002-12,0.3,0.1,1.2,,0.0,1.1,0.0,0.5,0.3,-0.1,0.5,0.0,0.2,0.4,0.7,0.2,0.1,0.7,0.0,0.3,0.3,-0.2,0.2,-0.2,0.9,0.0,0.1,0.3,0.5,0.3,1.6,-0.3
144,2003-01,0.2,-1.0,0.6,,0.5,0.0,0.1,0.0,-0.4,1.0,0.1,0.2,0.2,-0.6,-0.8,0.5,1.3,0.1,0.2,-0.3,-0.1,-0.3,0.9,0.6,1.6,0.4,0.1,5.3,1.2,0.3,2.6,0.4
145,2003-02,0.2,2.1,0.1,,0.3,0.5,0.7,0.4,0.2,0.3,0.4,0.8,0.8,0.4,-0.2,0.2,0.8,0.9,-0.3,-0.5,-0.2,1.1,0.3,0.7,0.2,0.1,0.0,0.6,0.6,1.0,2.4,0.9
146,2003-03,0.3,0.3,0.4,,-0.1,0.1,0.8,0.6,0.8,0.2,0.6,0.3,0.4,0.4,2.5,0.5,0.8,0.7,1.1,1.3,0.3,0.5,0.5,0.9,-0.5,0.4,0.1,0.6,0.7,0.6,3.2,0.7
147,2003-04,-0.1,-0.2,0.3,,0.3,-0.2,-0.1,0.2,0.8,-0.2,0.2,0.0,-0.2,0.3,0.2,-0.4,0.0,0.5,-0.1,0.8,0.1,-0.2,0.3,0.1,-0.7,0.1,0.8,0.1,0.6,-0.3,2.2,-0.3
148,2003-05,-0.1,-0.4,-0.6,,0.0,-0.2,-0.1,-0.1,-0.1,-0.2,-0.1,-0.1,-0.1,0.0,0.4,0.6,0.1,-0.1,-0.1,0.1,-0.1,-0.2,0.2,-0.1,-0.5,0.0,0.7,0.1,0.6,-0.2,1.6,-0.3
149,2003-06,0.0,0.3,-2.2,,0.0,0.2,-0.1,0.1,0.1,-0.3,0.1,-0.1,0.2,-0.2,-0.1,0.1,0.4,0.0,0.1,0.1,0.1,0.0,0.7,-0.5,-0.2,-0.1,0.0,0.2,0.4,-0.1,-0.3,0.1
150,2003-07,-0.1,-1.1,0.9,,0.0,0.2,-0.6,-0.1,-0.6,0.1,-0.1,-0.5,-0.1,-0.1,-2.1,0.6,0.2,-0.3,-0.2,-0.1,-0.8,-0.7,-0.3,-0.1,-0.4,-0.5,-0.1,0.0,0.7,-0.2,-0.7,0.0
151,2003-08,0.3,1.7,0.7,,-0.1,0.0,0.0,0.1,0.5,0.0,0.1,0.2,0.3,0.4,0.0,0.1,-0.3,0.7,-0.4,-0.2,-0.7,1.2,-1.1,0.3,0.1,-0.4,0.1,1.1,-0.2,0.0,-0.1,0.4
152,2003-09,0.3,0.1,0.9,,-0.4,-0.1,0.7,0.4,0.2,0.3,0.4,0.5,0.4,0.3,2.1,-0.5,0.5,0.1,0.7,0.7,-0.3,0.6,0.5,0.8,0.5,0.5,0.2,0.6,-0.1,0.8,1.6,0.5
153,2003-10,0.0,-0.3,0.7,,0.1,0.0,-0.2,0.1,0.7,0.2,0.2,-0.1,0.2,0.1,0.4,0.0,0.8,0.0,0.4,0.4,0.1,-0.4,0.8,-0.2,0.0,0.5,0.3,0.2,0.1,0.0,1.3,-0.2
154,2003-11,0.3,0.2,1.8,,0.3,-0.2,0.1,0.0,0.3,-0.1,0.1,-0.1,0.1,0.0,0.2,0.2,0.6,0.0,0.2,0.2,0.4,0.4,0.5,-0.3,0.0,0.4,0.1,0.2,0.2,-0.2,1.7,-0.3
155,2003-12,0.3,-0.1,1.8,,0.3,0.9,-0.1,0.3,0.2,-0.1,0.3,0.1,0.1,0.3,0.5,0.1,0.1,0.5,0.2,0.0,0.0,0.2,0.1,-0.6,0.0,0.3,0.0,0.2,0.0,0.2,0.7,-0.1
156,2004-01,0.1,-1.3,1.4,,1.5,0.0,-0.1,-0.2,-0.8,0.5,-0.1,-0.3,0.0,-0.5,-0.8,0.7,2.3,-0.7,-0.1,-0.6,0.0,-0.3,1.3,0.5,0.0,0.5,0.0,4.3,0.5,-0.2,0.8,0.5
157,2004-02,0.4,1.9,0.3,,0.1,0.2,0.5,0.2,0.1,0.2,0.2,0.5,0.5,0.2,-0.6,0.0,1.2,0.9,-0.4,-0.2,-0.2,1.3,0.7,0.6,0.2,0.1,-0.1,0.7,0.2,-0.2,0.5,0.6
158,2004-03,0.4,0.1,-0.1,,0.1,0.4,0.5,0.6,0.7,0.3,0.6,-0.5,0.5,0.2,2.8,0.4,0.5,0.3,0.7,1.1,0.5,0.1,1.0,0.8,0.5,0.3,0.2,0.2,0.6,0.9,0.9,0.6
159,2004-04,-0.1,0.6,0.3,,0.1,0.4,0.1,0.5,1.4,0.7,0.5,0.0,0.3,0.4,0.4,0.3,0.3,0.3,0.5,0.9,0.4,0.5,0.6,0.3,0.2,0.8,0.9,0.0,0.6,0.3,0.5,0.3
160,2004-05,0.4,0.3,0.0,,0.5,0.2,0.4,0.3,0.6,1.9,0.4,0.1,0.4,0.4,0.4,0.9,0.9,0.2,0.7,0.1,1.5,0.6,1.3,0.2,0.0,1.0,0.8,0.3,0.9,0.4,0.4,0.7
161,2004-06,0.2,-0.1,-1.8,,0.2,0.0,-0.2,0.0,0.2,0.3,0.1,-0.1,0.0,0.0,-0.2,0.0,0.0,0.4,0.5,0.1,0.1,0.4,0.6,-0.7,0.0,0.8,1.1,0.2,0.4,-0.5,-0.1,0.4
162,2004-07,-0.3,-1.0,1.2,,0.2,0.2,-0.4,-0.2,-0.7,-0.3,-0.2,-0.2,-0.2,-0.3,-1.9,-0.2,0.0,-0.3,-0.3,-0.2,0.0,-0.8,0.2,-0.4,0.0,-0.1,-0.8,0.2,0.5,-0.2,0.5,-0.3
163,2004-08,0.4,1.7,-0.4,,0.0,0.2,-0.4,0.2,0.5,-0.1,0.1,0.2,0.2,0.3,-0.3,0.0,-0.3,0.7,-0.1,-0.1,-0.4,1.1,-0.1,0.2,-0.4,-0.3,-0.4,-0.1,-0.3,-0.1,0.8,0.0
164,2004-09,-0.1,-0.1,0.9,,-0.7,-0.4,0.7,0.1,0.2,0.2,0.1,0.4,0.1,0.1,2.2,-0.6,0.1,0.0,0.4,0.5,0.6,0.2,0.4,0.8,0.5,0.3,-0.1,0.2,-0.4,0.8,0.9,0.3
165,2004-10,0.5,0.5,0.2,,0.5,0.2,0.5,0.4,1.0,0.3,0.4,0.4,0.3,0.3,0.7,0.3,0.5,0.1,0.5,0.4,0.1,0.5,0.4,0.1,0.2,0.6,0.5,0.2,0.1,0.4,2.3,0.7
166,2004-11,0.2,-0.2,0.6,,-0.1,-0.5,-0.4,-0.1,0.2,0.4,-0.1,-0.5,0.0,0.2,0.0,0.1,0.1,0.2,0.1,0.1,0.2,0.4,0.5,-0.4,0.0,0.3,0.3,-0.2,0.5,-0.6,1.3,0.2
167,2004-12,0.5,-0.3,1.2,,-0.1,1.2,-0.2,0.4,-0.1,0.2,0.3,0.0,0.1,0.5,0.5,0.2,-0.1,0.1,0.3,0.4,-0.1,-0.3,0.3,-0.8,-0.1,0.0,0.0,-0.1,-0.4,0.0,0.6,-0.5
168,2005-01,0.0,-1.3,0.6,-0.4,0.6,-0.6,-0.2,-0.6,-1.0,-0.1,-0.5,-0.6,-0.6,-0.5,0.2,0.1,0.8,-1.0,-0.4,-1.0,0.0,-1.0,0.7,0.5,-0.2,0.0,-0.5,1.7,-0.5,-0.6,0.3,0.1
169,2005-02,0.3,2.1,0.9,0.3,0.0,0.4,0.7,0.4,0.2,0.6,0.4,0.6,0.7,0.3,-1.7,0.8,0.5,0.9,-0.2,-0.1,0.2,1.7,0.9,0.8,0.1,0.0,0.0,0.1,0.7,0.5,0.2,0.5
170,2005-03,0.5,0.6,0.5,0.2,0.0,0.4,0.7,0.7,0.9,0.6,0.7,0.4,0.7,0.4,2.6,0.7,0.5,0.2,0.4,1.2,0.6,0.3,0.6,0.9,0.5,0.0,0.3,0.0,1.1,0.3,0.4,0.8
171,2005-04,-0.2,0.2,1.2,0.8,0.2,0.0,0.5,0.4,1.4,0.4,0.5,0.3,0.2,0.4,0.8,0.7,0.7,0.6,-0.4,0.7,0.4,0.8,1.1,0.1,0.5,0.5,0.7,0.2,0.0,0.2,0.4,0.9
172,2005-05,0.0,0.1,-0.2,-0.1,0.0,0.4,0.0,0.2,0.2,0.3,0.2,-0.4,0.1,0.3,0.3,0.2,0.6,0.2,-0.3,0.4,0.2,0.5,0.7,-0.1,0.4,0.2,0.6,0.1,0.4,0.1,1.2,0.0
173,2005-06,0.3,0.3,-0.4,-0.2,0.6,0.1,0.1,0.1,0.3,0.7,0.1,0.3,0.1,0.0,-0.2,0.4,0.3,0.3,0.3,0.0,0.2,0.0,0.6,-0.3,0.2,-0.1,0.1,0.4,0.0,0.1,-0.1,0.0
174,2005-07,-0.2,-1.0,0.8,-0.6,0.4,0.5,-0.1,-0.1,-0.6,0.3,-0.1,-0.3,-0.2,0.1,-1.3,0.2,-0.1,-0.1,-0.1,-0.2,-0.1,-0.1,0.0,-0.3,-0.4,0.0,0.4,-0.3,0.8,-0.2,-0.7,0.4
175,2005-08,0.2,1.8,0.7,0.1,0.0,0.2,0.0,0.2,0.5,0.3,0.2,0.3,0.4,0.3,-0.6,0.0,-0.5,0.5,-0.2,-0.1,0.1,1.4,-0.1,0.4,0.1,0.0,0.2,-0.1,-0.5,0.2,0.8,0.7
176,2005-09,0.6,0.0,1.2,0.4,-0.1,0.3,0.9,0.5,0.6,0.9,0.5,0.6,0.4,0.1,2.4,0.0,0.2,0.7,1.6,0.5,0.8,0.5,1.5,0.8,0.8,0.4,0.2,0.3,1.0,0.8,1.2,1.8
177,2005-10,0.0,-0.1,0.8,0.9,0.9,0.0,-0.1,0.3,0.8,-0.1,0.3,0.0,0.0,0.2,0.6,0.4,0.0,0.0,0.4,0.7,0.6,0.8,0.7,0.0,0.0,0.2,0.3,1.3,0.1,0.2,1.8,0.1
178,2005-11,-0.2,0.0,0.5,-0.3,-0.4,-0.6,-0.4,-0.2,0.2,-0.1,-0.2,-0.3,-0.2,0.0,-0.2,0.1,0.2,-0.2,-0.4,0.0,0.0,-1.0,0.3,-0.3,0.0,-0.1,0.2,0.0,-0.5,-0.3,1.2,-1.0
179,2005-12,0.3,0.0,0.7,-0.1,-0.2,1.1,0.1,0.3,0.2,-0.2,0.3,0.1,0.1,0.3,0.6,0.3,0.0,-0.2,0.3,0.0,0.1,-0.4,-0.1,-0.5,-0.1,-0.4,0.1,0.0,-0.1,0.0,0.3,-0.6
180,2006-01,0.0,-1.3,0.8,-0.1,1.1,-0.6,-0.5,-0.4,-0.5,0.8,-0.3,-0.4,-0.1,-0.5,-0.2,0.4,0.0,-0.5,-0.1,-0.8,0.5,-0.4,1.1,0.2,-0.4,0.1,-0.3,1.9,-0.4,-0.7,0.7,0.8
181,2006-02,0.3,2.3,2.6,0.2,0.0,0.3,0.8,0.3,0.1,0.5,0.3,0.8,0.4,0.3,-1.6,0.7,0.4,1.2,-0.2,-0.1,0.1,1.5,0.4,0.5,1.0,0.0,0.2,0.3,0.4,0.4,0.2,0.1
182,2006-03,0.3,-0.1,0.2,-0.1,-0.1,0.1,0.3,0.6,0.7,0.1,0.5,0.3,0.4,0.2,2.7,0.3,0.6,0.3,1.1,1.2,0.2,0.2,0.2,0.8,0.2,0.1,1.2,0.0,0.7,0.7,0.3,0.5
183,2006-04,0.6,0.6,0.6,0.8,0.2,0.3,0.6,0.7,1.4,0.7,0.7,0.5,0.4,0.6,1.0,0.6,0.8,0.5,0.8,0.9,0.7,0.5,0.6,0.5,0.9,0.7,0.6,0.3,0.9,0.5,1.3,1.0
184,2006-05,0.0,0.4,0.2,0.1,0.5,0.2,0.1,0.3,0.4,0.5,0.3,-0.1,0.4,0.5,0.1,0.6,1.1,0.5,1.2,0.2,0.4,0.6,1.7,0.0,0.0,0.5,0.5,0.5,0.9,0.2,1.9,0.6
185,2006-06,0.0,0.1,-1.0,0.0,0.1,0.1,0.2,0.1,0.2,0.5,0.1,0.0,0.0,0.3,-0.1,0.4,0.3,0.1,1.3,0.1,0.3,0.3,-0.1,-0.3,-0.1,-0.2,0.0,0.1,-0.3,0.0,0.3,0.1
186,2006-07,-0.2,-1.1,0.2,-0.6,0.4,0.5,-0.2,-0.1,-0.6,0.4,-0.1,-0.5,-0.2,-0.1,-0.8,-0.8,0.2,0.0,0.4,-0.2,0.5,-0.6,0.6,-0.3,-0.2,0.0,-0.1,0.1,-0.3,-0.3,0.9,0.2
187,2006-08,0.3,1.7,0.0,0.1,0.2,-0.1,0.0,0.1,0.2,0.7,0.1,0.3,0.3,0.4,-1.0,0.0,1.0,0.6,0.4,-0.2,-0.1,1.1,-0.2,0.5,-0.1,0.4,-0.1,-0.1,0.7,0.0,-0.4,0.2
188,2006-09,-0.1,-0.5,-0.4,-0.2,-0.5,-0.5,0.3,0.0,-0.2,-0.2,0.0,0.1,-0.2,0.1,2.0,-0.5,1.4,-0.2,0.7,0.7,-0.1,-0.5,0.7,0.5,1.7,0.0,0.4,-0.2,0.3,0.5,1.3,-0.6
189,2006-10,-0.1,-0.3,0.7,0.3,-0.5,0.1,-0.1,0.1,0.4,-0.1,0.1,0.2,-0.2,0.2,0.7,-0.1,0.4,0.0,0.2,0.1,1.0,-0.5,0.4,-0.2,0.0,0.0,0.0,0.0,-0.7,0.2,1.3,-0.9
190,2006-11,0.1,0.2,1.1,-0.1,-0.2,-0.1,0.0,0.0,0.2,0.8,0.1,0.0,0.1,0.3,-0.2,0.4,0.2,0.0,-0.1,0.1,0.8,0.1,1.0,0.0,-0.2,0.0,0.0,0.5,0.3,0.0,1.3,-0.2
191,2006-12,0.4,0.1,0.9,0.1,0.2,0.9,0.0,0.4,0.3,0.3,0.3,0.0,0.2,0.6,0.6,0.0,0.1,0.4,0.0,0.1,0.2,0.1,0.3,-0.3,-0.6,-0.2,0.2,0.1,0.4,0.0,0.2,0.2
192,2007-01,0.1,-1.7,1.5,-0.6,1.0,-0.2,-0.3,-0.5,-0.7,0.7,-0.4,-0.3,-0.4,-0.8,-0.4,0.2,1.7,-0.6,0.3,-1.0,0.0,-0.3,1.4,-0.2,-1.2,0.4,-0.3,0.5,-0.5,-0.5,1.0,0.2
193,2007-02,0.3,2.4,0.5,0.3,0.2,0.5,0.9,0.3,0.1,0.1,0.3,0.6,0.2,0.4,-1.6,0.3,0.9,1.0,0.1,0.1,0.4,1.0,0.5,0.6,0.5,0.4,0.0,0.1,-0.1,0.5,0.4,0.5
194,2007-03,0.5,0.0,0.0,0.1,0.4,0.2,0.5,0.7,0.8,1.1,0.6,0.7,0.5,0.5,2.5,0.7,0.6,0.6,-0.7,1.1,0.6,0.7,1.4,1.3,0.7,0.5,1.3,0.1,1.1,0.6,0.9,1.1
195,2007-04,0.4,0.5,0.6,1.1,0.7,0.5,0.2,0.6,1.4,0.7,0.6,0.5,0.5,0.3,0.8,0.7,0.5,0.4,0.3,0.7,0.9,0.6,0.9,0.6,0.1,0.5,0.9,0.3,1.1,0.5,1.2,0.8
196,2007-05,0.2,-0.1,0.3,0.1,0.4,0.1,0.2,0.2,0.3,0.8,0.3,-0.3,0.3,0.3,0.2,0.5,0.8,0.3,1.0,0.3,0.5,0.4,0.7,0.0,0.1,0.6,0.2,0.0,1.1,-0.1,0.5,0.8
197,2007-06,0.0,0.1,-0.2,0.1,0.4,0.1,-0.2,0.1,0.2,0.6,0.1,0.1,0.1,0.2,0.0,-0.2,0.4,0.2,0.4,0.2,0.3,0.2,0.9,-0.5,-0.1,0.1,0.0,0.1,0.3,0.1,-0.2,0.1
198,2007-07,-0.1,-1.1,1.7,-0.6,0.4,0.6,-0.5,-0.2,-0.7,1.0,-0.2,-0.3,-0.3,-0.6,-0.8,-0.4,0.0,-0.1,0.0,-0.6,0.6,-0.8,1.2,-0.8,-0.2,-0.1,-0.2,-0.1,-0.1,-0.3,-0.7,-0.2
199,2007-08,0.0,1.6,2.2,-0.1,0.2,-0.2,-0.2,0.1,0.2,0.3,0.1,0.0,0.4,0.4,-1.0,0.5,-0.1,0.4,-0.3,-0.2,0.3,0.9,0.4,0.1,0.0,-0.1,-0.4,-0.1,0.1,-0.1,0.0,-0.3
200,2007-09,0.2,-0.2,1.2,0.1,-0.2,0.2,0.7,0.4,0.3,1.1,0.4,0.4,0.1,0.1,2.3,0.7,0.7,0.2,1.1,0.8,1.4,0.1,1.8,0.7,0.7,0.7,0.4,0.3,0.4,0.8,1.0,0.4
201,2007-10,0.7,0.5,0.3,0.8,0.6,0.1,0.5,0.5,1.3,1.0,0.5,0.3,0.3,0.5,0.7,0.4,0.8,0.1,0.4,0.7,1.5,0.5,2.0,0.1,0.0,0.5,0.5,0.7,0.7,0.5,1.8,0.2
202,2007-11,0.5,0.9,1.8,0.4,0.9,0.6,0.8,0.5,0.7,1.3,0.6,0.4,0.6,0.3,0.8,0.9,0.5,0.5,0.4,0.3,1.1,0.5,1.4,0.2,1.0,0.6,0.3,0.4,0.9,0.6,2.0,0.8
203,2007-12,0.6,0.4,1.0,0.3,0.5,0.7,-0.1,0.4,0.4,0.7,0.4,-0.2,0.4,0.6,0.5,0.9,0.3,0.1,0.7,0.3,0.5,0.4,0.6,-0.5,0.5,0.2,0.1,0.3,0.4,0.1,0.2,-0.1
204,2008-01,-0.3,-1.3,1.5,0.0,3.3,-0.3,0.3,-0.4,-0.6,2.1,-0.1,1.2,0.0,-0.7,-0.3,0.6,1.7,-0.7,-0.1,-0.7,1.7,-0.4,2.8,0.0,-0.5,0.5,-0.1,1.2,0.1,0.0,0.8,0.5
205,2008-02,0.3,2.5,1.0,0.0,0.1,0.4,1.0,0.4,0.1,0.4,0.4,0.5,0.2,0.7,-1.0,0.0,0.2,1.2,1.5,0.0,1.2,1.0,1.3,0.8,0.7,0.5,0.0,0.3,-0.1,0.4,1.3,0.3
206,2008-03,0.9,0.7,0.9,0.3,-0.2,0.6,0.6,1.0,0.9,0.8,0.9,1.0,0.8,0.4,2.3,0.7,0.6,1.0,1.6,1.6,1.1,0.9,1.4,1.2,0.5,0.4,1.5,0.3,1.3,0.9,1.0,1.0
207,2008-04,0.3,0.2,0.7,0.9,0.4,-0.2,0.3,0.3,1.1,1.0,0.4,0.2,0.4,0.8,0.8,0.8,0.6,0.1,3.9,0.6,1.3,0.5,1.6,0.4,0.0,0.3,0.3,0.3,0.7,0.4,1.7,0.8
208,2008-05,0.5,0.9,0.9,0.6,0.3,0.7,0.4,0.6,0.7,0.6,0.6,0.5,0.6,0.6,0.7,1.2,0.9,0.6,1.9,0.7,0.8,1.0,1.0,0.4,0.2,0.7,0.5,0.4,1.2,0.4,1.5,1.1
209,2008-06,0.3,0.7,0.4,0.3,0.2,0.3,0.3,0.4,0.6,0.6,0.4,0.3,0.4,0.7,-0.1,0.9,0.1,0.4,1.1,0.4,0.6,0.7,0.7,-0.3,0.1,0.2,0.5,0.4,0.9,0.4,-0.4,1.2
210,2008-07,-0.3,-0.9,1.4,-0.2,0.4,0.5,-0.3,-0.1,-0.5,0.7,-0.1,-0.3,-0.3,0.0,-0.8,0.2,0.3,-0.5,0.9,-0.5,0.4,-0.4,0.3,-0.1,0.7,0.0,-0.5,0.0,0.0,-0.5,0.6,0.6
211,2008-08,-0.2,1.1,-0.1,-0.3,-0.2,-0.3,0.2,-0.1,-0.2,0.3,-0.2,0.3,-0.1,0.6,-1.1,-0.3,-0.6,0.1,1.1,0.0,0.2,0.0,-0.4,0.1,0.0,-0.2,-0.4,-0.1,-0.7,0.1,-0.2,-0.5
212,2008-09,0.4,-0.1,0.9,-0.2,-0.2,0.0,0.4,0.2,-0.1,0.8,0.2,0.6,0.0,0.5,2.1,-0.1,0.0,0.2,1.2,0.4,0.5,0.1,1.1,0.5,1.5,0.3,0.5,0.4,0.0,1.0,0.4,-0.2
213,2008-10,0.0,-0.2,0.1,0.6,0.1,-0.3,-0.2,0.0,0.3,0.4,0.1,0.0,-0.1,-0.2,0.0,-0.1,0.4,-0.3,2.5,0.4,0.9,-0.4,1.0,-0.2,0.3,0.3,-0.2,0.3,0.0,-0.2,2.6,-1.4
214,2008-11,-0.3,-0.7,-0.4,-1.0,-0.7,-0.5,-0.2,-0.5,-0.4,-0.2,-0.4,-0.5,-0.5,-0.1,-0.2,-0.2,-0.5,-0.1,2.0,-0.4,-0.3,-1.3,-0.5,-0.4,-0.8,0.2,-0.7,0.1,-0.9,-0.5,0.8,-2.5
215,2008-12,-0.2,-0.1,-0.4,-0.6,-0.3,0.3,-0.4,-0.1,-0.5,-0.1,-0.1,-0.3,-0.3,-0.4,-0.3,-0.7,-0.4,-0.7,1.7,-0.1,-0.2,-0.9,-0.5,-0.8,-0.2,0.0,-0.5,-0.1,-0.7,-0.2,-0.4,-1.3
216,2009-01,-0.6,-1.9,0.4,-0.5,1.4,-0.4,-0.4,-0.8,-1.3,-0.6,-0.6,0.3,-0.4,-0.7,-0.5,0.9,0.7,-0.8,0.6,-1.6,2.6,-1.1,2.2,0.0,-0.4,0.3,-0.9,0.4,-0.3,-0.1,0.3,0.4
217,2009-02,0.5,2.3,0.4,0.0,0.0,0.5,1.0,0.4,0.0,-0.4,0.5,0.7,0.4,0.9,-1.1,0.6,0.8,0.1,1.2,0.2,0.3,1.8,1.1,1.0,1.0,0.9,0.0,0.0,0.6,0.5,-0.3,0.6
218,2009-03,0.2,-0.6,-0.3,-0.3,0.2,-0.2,0.4,0.4,0.2,-0.5,0.4,0.4,0.2,0.2,2.0,0.3,0.5,0.1,0.2,1.1,0.0,-0.1,0.1,1.2,0.1,0.8,0.8,-0.3,0.8,0.5,1.1,0.2
219,2009-04,0.2,0.3,0.5,1.0,-0.1,0.1,-0.1,0.3,1.0,-0.6,0.4,0.2,0.2,0.2,0.4,0.8,0.9,0.1,0.8,0.7,-0.1,0.5,-0.4,0.3,0.4,0.7,0.4,-0.1,0.2,0.3,0.0,0.3
220,2009-05,0.1,-0.1,0.0,0.0,0.1,-0.1,0.3,0.1,0.0,0.0,0.1,-0.1,0.1,0.6,0.3,0.2,1.5,-0.3,1.4,0.2,-0.2,0.3,-0.4,0.1,0.2,0.6,-0.2,0.1,0.6,0.3,0.6,0.4
221,2009-06,-0.1,-0.1,0.1,0.2,0.0,0.4,0.2,0.2,0.5,-0.2,0.2,0.4,0.1,0.3,-0.1,0.4,0.0,0.0,1.9,0.2,-0.3,0.7,-0.5,-0.4,0.7,0.2,0.2,0.0,0.5,0.2,0.1,1.1
222,2009-07,-0.4,-1.6,-0.1,-0.4,-0.4,-0.1,-0.5,-0.7,-0.8,0.8,-0.5,-0.7,-0.5,0.0,-0.7,-0.4,1.4,-0.9,0.7,-1.2,-0.8,-0.9,-0.6,-1.6,-0.7,0.2,-0.4,-0.1,-0.8,-0.2,0.2,-0.2
223,2009-08,0.4,2.1,0.1,0.2,-0.1,0.3,0.3,0.3,0.4,-0.1,0.3,0.4,0.6,0.4,-0.8,0.0,-0.5,0.2,0.7,0.2,-0.2,1.3,-1.0,0.2,-0.2,-0.3,-0.2,-0.2,0.1,0.2,-0.3,0.3
224,2009-09,0.2,-0.4,-0.2,-0.3,-0.5,-0.4,0.1,0.0,-0.2,-0.2,0.0,0.3,-0.2,0.0,1.9,-0.7,-0.3,-0.3,0.5,0.7,0.6,-0.2,-0.3,0.6,1.0,0.0,-0.1,0.0,-0.1,0.4,0.4,0.2
225,2009-10,0.1,0.0,0.2,0.7,-0.1,0.0,0.1,0.2,0.7,-0.1,0.2,-0.5,0.1,0.2,0.5,0.1,-0.2,-0.3,1.2,0.4,-0.4,-0.2,-0.3,0.3,-0.3,0.1,0.0,0.2,0.1,0.3,2.4,0.1
226,2009-11,0.2,0.2,0.2,-0.1,0.0,-0.1,0.0,0.1,0.5,-0.2,0.1,0.2,0.2,0.3,0.6,0.4,0.5,0.0,0.7,0.1,0.1,0.6,-0.7,-0.2,0.3,0.3,0.2,0.3,0.8,0.0,1.3,0.3
227,2009-12,0.3,0.2,0.3,-0.3,0.1,0.9,-0.3,0.3,0.0,0.1,0.3,0.2,0.3,0.6,0.1,-0.6,-0.2,-0.5,0.8,0.1,-0.3,-0.1,-0.5,-0.7,0.2,0.0,0.2,-0.1,-0.4,0.2,0.5,-0.2
228,2010-01,-0.4,-1.4,0.6,0.2,1.1,-0.7,0.3,-0.8,-1.5,0.3,-0.5,0.1,-0.2,-0.2,-0.8,0.4,1.5,-0.7,0.0,-1.4,1.2,-0.6,0.2,-0.3,0.0,0.4,-0.6,0.1,-0.6,-0.2,1.8,0.5
229,2010-02,0.2,2.3,0.3,0.0,0.1,0.3,1.0,0.3,-0.2,0.3,0.3,0.4,0.6,0.4,-0.6,0.1,0.2,0.2,1.3,-0.1,-0.1,1.1,0.0,0.9,1.3,0.3,0.1,0.0,0.3,0.6,1.4,0.1
230,2010-03,1.0,0.5,0.4,0.2,0.2,0.5,0.6,1.1,2.4,1.2,1.0,0.6,0.5,0.6,3.1,0.5,0.6,0.1,1.0,1.5,0.3,0.7,0.5,1.5,0.6,0.2,1.2,0.1,1.0,0.2,0.6,0.6
231,2010-04,0.2,0.4,1.2,0.8,0.4,-0.1,0.2,0.4,0.7,0.5,0.4,0.3,0.3,0.6,1.2,0.5,0.9,0.1,0.3,1.0,0.4,0.4,0.8,0.3,0.1,0.4,0.4,0.4,1.1,-0.1,0.6,0.2
232,2010-05,-0.1,0.3,0.0,-0.3,0.2,0.1,0.0,0.1,0.0,0.3,0.1,-0.2,0.1,0.2,0.8,0.3,0.7,0.2,0.4,0.0,0.2,0.3,0.0,-0.1,-0.5,0.3,0.2,0.1,0.4,0.1,-0.4,0.1
233,2010-06,0.0,0.0,-0.4,-0.3,-0.1,0.1,-0.2,0.0,0.1,0.4,0.0,0.2,0.0,0.1,-0.2,0.1,0.2,-0.1,-0.2,0.1,0.0,-0.1,0.4,-0.7,-0.1,0.2,0.2,0.0,0.2,-0.1,-0.6,-0.2
234,2010-07,-0.5,-1.8,0.5,-0.4,0.3,0.2,0.0,-0.4,-1.1,0.2,-0.3,-0.6,-0.3,-0.2,-0.4,-0.2,0.0,-0.1,-0.6,-0.9,0.0,-0.4,0.2,-0.6,-0.6,-0.1,0.4,0.1,-0.6,-0.4,-0.5,0.0
235,2010-08,0.3,2.0,0.2,0.0,-0.2,0.1,0.4,0.2,0.2,0.0,0.1,0.4,0.3,0.5,-0.7,-0.2,-0.5,0.2,0.4,0.1,-0.2,1.0,-0.7,0.1,-0.3,-0.4,-0.1,-0.1,0.1,-0.1,0.4,0.2
236,2010-09,0.4,0.1,0.2,-0.2,-0.2,-0.2,0.4,0.3,0.9,0.8,0.3,0.5,0.0,0.0,1.9,-0.2,-0.1,-0.2,-0.2,0.7,0.6,0.0,0.4,0.8,0.7,0.5,-0.1,0.0,-0.4,0.8,1.2,0.1
237,2010-10,0.4,0.1,0.2,0.6,-0.3,0.1,-0.2,0.3,0.4,0.6,0.3,0.4,0.1,0.3,0.1,0.1,0.4,0.1,0.7,0.8,0.4,0.1,0.3,0.2,0.1,0.4,0.4,0.0,0.1,0.3,1.8,0.1
238,2010-11,0.0,0.1,0.5,-0.1,0.2,0.1,0.1,0.1,0.3,0.3,0.1,0.2,0.1,0.4,0.2,0.2,0.2,-0.2,0.0,0.0,0.0,0.1,0.2,-0.2,0.2,0.1,0.1,0.3,0.3,0.2,0.0,0.0
239,2010-12,0.7,0.6,0.8,0.0,0.5,1.2,0.1,0.6,0.6,0.5,0.6,0.5,0.5,1.0,0.5,-0.1,0.4,0.2,0.4,0.3,0.8,0.5,0.2,-0.3,1.3,0.3,0.4,0.2,0.1,0.6,-0.3,0.2
240,2011-01,-0.1,-1.3,0.5,-0.2,0.8,-0.5,0.1,-0.7,-1.3,0.0,-0.5,0.4,-0.3,0.1,-1.0,0.5,0.9,-0.2,-1.2,-1.5,0.4,-0.4,1.3,-0.2,-0.7,1.1,0.5,2.1,-0.4,-0.9,0.4,0.6
241,2011-02,0.8,2.4,0.5,0.4,0.1,0.6,0.9,0.4,0.1,0.7,0.4,0.8,0.5,0.7,-1.3,0.5,0.4,0.8,1.4,0.1,0.1,1.5,0.3,1.0,0.5,0.2,-0.1,0.3,0.0,0.5,0.7,0.6
242,2011-03,1.2,0.3,0.4,0.8,0.1,0.6,0.6,1.3,2.4,0.8,1.2,0.6,0.9,0.3,3.2,0.9,1.0,0.4,0.9,2.2,1.0,0.8,0.7,1.4,0.3,0.8,1.6,0.4,1.4,0.4,0.4,1.3
243,2011-04,0.6,0.3,-0.1,0.0,0.2,0.2,0.5,0.6,0.9,0.8,0.5,0.2,0.4,1.0,0.7,0.3,0.7,0.3,1.1,1.1,1.0,0.4,1.1,0.6,0.6,0.5,0.6,0.5,0.7,0.3,0.9,0.8
244,2011-05,-0.1,0.2,0.1,-0.1,0.5,-0.1,0.1,0.0,-0.1,0.4,0.1,-0.1,0.1,0.2,0.2,0.4,0.2,0.0,1.6,0.1,0.8,0.1,0.4,0.1,-0.3,0.5,-0.1,0.3,0.8,0.0,2.4,0.6
245,2011-06,0.0,0.3,-0.3,-0.1,0.0,0.0,-0.2,0.0,-0.2,-0.2,-0.1,0.2,0.1,-0.1,-0.2,-0.3,-0.2,-0.2,0.3,0.1,-0.1,-0.1,0.2,-0.6,-0.4,-0.4,-0.2,-0.1,-0.7,-0.3,-1.4,-0.2
246,2011-07,-0.4,-1.1,0.4,-0.8,0.2,0.4,-0.1,-0.6,-1.2,0.6,-0.5,-0.4,-0.5,0.0,-1.4,-0.3,-0.3,-0.2,-0.2,-1.8,-0.2,-0.9,-0.2,0.3,-0.3,-0.2,0.1,-0.2,-1.1,-0.3,-0.4,0.1
247,2011-08,0.2,1.5,-0.1,-0.6,-0.1,0.0,0.0,0.2,0.0,0.3,0.1,0.2,0.6,0.6,-1.4,0.0,-0.1,0.2,0.1,0.3,-0.4,1.4,-0.4,0.1,-0.7,0.0,-0.4,0.1,0.3,-0.1,0.7,0.3
248,2011-09,0.6,-0.1,0.0,0.5,-0.1,0.1,0.3,0.7,1.2,0.6,0.6,0.4,0.0,0.6,3.4,-0.1,0.0,0.1,0.5,2.0,0.8,0.1,0.3,0.5,1.1,0.0,0.6,0.3,0.6,0.7,0.8,0.2
249,2011-10,0.2,0.1,0.3,-0.1,0.2,0.1,0.2,0.3,0.4,-0.1,0.4,0.2,0.3,0.1,0.1,0.5,0.5,0.3,0.4,0.8,-0.1,0.1,0.2,0.1,-0.1,0.7,0.9,0.2,0.8,-0.1,3.3,-0.3
250,2011-11,0.1,0.4,0.1,-0.5,0.4,0.0,-0.1,0.1,0.2,0.1,0.1,0.2,0.3,0.2,0.2,0.1,0.6,0.0,-0.2,0.0,0.2,0.3,-0.1,-0.4,0.0,0.7,-0.1,0.5,0.2,0.2,1.7,-0.2
251,2011-12,0.2,0.3,0.3,0.3,0.4,0.7,0.0,0.3,0.0,0.1,0.3,0.0,0.4,0.4,-0.2,-0.4,0.2,-0.1,0.6,0.3,-0.1,-0.1,0.0,-0.3,0.0,0.5,0.1,0.0,-0.5,0.0,0.6,-0.4
252,2012-01,-0.6,-1.2,0.4,-0.7,1.8,-0.4,0.4,-0.8,-1.7,0.6,-0.6,0.8,-0.4,-0.5,-1.1,-0.2,2.4,-0.4,-0.3,-1.8,0.4,-0.5,0.8,0.1,-0.4,0.6,0.3,1.5,-0.3,-0.6,0.6,0.5
253,2012-02,0.5,2.4,0.6,0.2,0.2,0.8,0.9,0.5,0.0,0.4,0.5,0.8,0.5,0.6,-1.7,0.6,0.6,1.1,1.9,0.2,0.4,1.6,0.2,1.0,1.3,0.4,0.1,0.2,0.6,0.7,0.6,0.5
254,2012-03,1.2,0.1,0.1,0.8,0.3,0.4,0.6,1.3,2.2,1.0,1.2,0.5,0.9,0.3,2.9,1.3,0.8,1.0,1.9,2.5,1.0,0.5,0.6,1.4,-0.2,0.5,1.2,0.3,1.0,0.4,0.4,0.9
255,2012-04,0.3,0.1,0.2,0.1,0.0,0.1,0.0,0.5,1.1,0.4,0.4,0.2,0.2,0.6,0.8,0.8,0.8,0.0,0.5,0.9,0.6,0.4,0.7,0.5,0.1,0.5,0.3,0.2,1.2,0.3,1.6,0.3
256,2012-05,-0.2,-0.1,-0.1,-0.2,0.2,-0.2,0.0,-0.1,-0.2,0.2,-0.1,-0.1,-0.1,-0.1,-0.4,1.3,-0.1,0.0,0.5,0.0,0.1,-0.2,0.0,-0.2,0.0,0.2,-0.3,0.1,0.3,0.0,-0.2,-0.2
257,2012-06,0.0,-0.1,-0.5,-0.2,0.2,-0.2,-0.1,-0.1,-0.2,0.1,-0.1,0.1,0.1,-0.4,-0.2,-0.2,0.0,-0.2,1.1,0.2,0.0,-0.2,0.0,-0.6,-0.6,0.2,-0.2,0.2,-0.6,-0.3,-0.9,-0.2
258,2012-07,-0.5,-1.3,1.1,-0.3,-0.2,0.4,-0.1,-0.5,-0.8,0.3,-0.5,-0.3,-0.5,0.1,-1.4,-0.4,-0.2,-0.1,-1.6,-1.8,0.0,-0.8,-0.4,0.4,-0.5,-0.4,0.2,-0.1,-0.9,-0.5,-0.2,-0.1
259,2012-08,0.4,2.1,0.6,-0.3,0.0,0.4,0.4,0.4,0.5,0.3,0.3,0.4,0.7,0.5,-1.2,0.7,0.1,0.8,-0.7,0.1,0.2,1.5,-0.4,0.1,-0.5,-0.2,-0.1,0.1,0.8,0.1,0.5,0.6
260,2012-09,1.1,-0.1,0.3,0.7,-0.1,0.0,0.3,0.7,1.9,0.4,0.7,0.6,-0.3,0.4,2.5,0.5,0.5,0.0,1.2,2.0,0.7,0.5,0.4,0.5,1.2,0.0,0.4,0.3,1.1,0.7,0.9,0.5
261,2012-10,0.3,0.2,-0.1,0.1,0.3,0.0,-0.1,0.2,0.5,0.1,0.2,0.2,0.2,0.5,0.7,0.3,0.2,-0.1,0.2,0.2,-0.2,0.1,-0.2,0.8,0.5,0.3,0.1,0.4,0.3,0.1,2.1,-0.1
262,2012-11,0.1,-0.1,-0.2,-0.5,-0.3,-0.2,-0.1,-0.2,-0.2,-0.3,-0.2,-0.1,-0.2,0.2,-0.3,-0.3,-0.1,-0.5,0.6,-0.2,-0.2,-0.2,-0.1,-0.5,0.0,0.0,-0.4,0.1,-0.2,-0.2,0.3,-0.7
263,2012-12,0.2,0.2,0.3,0.2,0.0,0.9,-0.4,0.4,0.0,0.0,0.3,0.2,0.4,0.5,-0.3,-0.1,0.0,0.1,-0.2,0.3,-0.1,-0.3,0.1,-0.1,0.4,0.0,0.2,-0.1,-0.2,0.2,0.4,-0.4
264,2013-01,-0.6,-1.8,0.2,-0.5,1.3,-0.6,-0.5,-1.0,-1.8,0.7,-0.8,0.0,-0.6,-0.5,-1.4,0.1,0.2,-0.6,0.6,-2.0,0.2,-0.9,-0.2,0.0,-0.4,0.1,-1.3,0.7,-0.5,-1.0,1.8,0.3
265,2013-02,0.3,2.5,0.2,0.3,0.0,0.7,1.1,0.4,0.1,0.7,0.4,0.6,0.3,0.7,-1.6,0.4,0.6,0.8,1.9,-0.2,-0.1,1.9,-0.1,1.0,0.7,0.0,-0.1,0.0,0.7,0.6,0.4,1.0
266,2013-03,1.0,0.0,-0.4,0.5,0.1,0.5,0.2,1.2,1.9,0.8,1.0,0.5,0.8,0.3,2.5,0.4,0.3,0.4,0.3,2.4,0.3,0.1,0.5,1.3,0.3,0.3,1.7,0.0,0.3,0.5,0.7,0.3
267,2013-04,0.0,-0.2,-0.4,-0.1,0.2,-0.6,-0.2,-0.1,0.1,0.1,-0.1,0.2,-0.1,0.2,0.5,0.5,0.3,-0.1,0.0,0.3,0.3,0.1,0.0,0.1,0.7,0.3,0.1,0.0,0.6,-0.2,0.2,-0.2
268,2013-05,0.1,-0.1,0.0,0.0,-0.3,0.2,0.2,0.1,0.1,0.4,0.1,0.0,0.0,0.2,0.0,0.0,-0.1,-0.1,-0.1,0.0,0.2,-0.5,0.3,0.0,-0.1,-0.1,0.2,0.1,0.3,0.2,0.1,0.2
269,2013-06,-0.2,0.3,-0.3,0.1,0.5,0.2,-0.2,0.1,0.1,0.6,0.1,-0.1,0.2,-0.2,-0.2,0.2,0.2,0.1,0.9,0.2,-0.2,0.4,0.4,-0.5,-0.4,0.0,0.0,0.1,0.0,-0.1,0.7,0.3
270,2013-07,-0.6,-1.3,-0.1,0.1,-0.3,0.4,-0.3,-0.5,-1.1,0.2,-0.5,0.0,-0.4,0.0,-1.6,0.0,-0.4,0.0,-0.6,-1.8,-0.7,-1.0,-0.1,0.4,0.4,0.2,-0.2,-0.1,-0.3,-0.1,0.3,0.0
271,2013-08,0.2,1.6,-0.2,-0.4,-0.2,0.0,0.1,0.1,0.2,-0.1,0.1,-0.1,0.5,0.4,-1.7,0.3,-0.1,0.1,-0.2,0.0,0.1,1.4,-1.0,-0.2,-0.1,-0.3,-0.7,-0.2,0.3,0.1,-0.1,0.1
272,2013-09,1.0,-0.2,-0.3,0.5,-0.3,0.0,0.3,0.5,0.8,-0.5,0.4,0.4,-0.2,0.4,2.5,-0.2,0.5,-0.1,0.3,1.8,0.7,0.4,0.0,0.1,0.5,0.1,0.5,0.0,0.4,0.4,0.8,0.1
273,2013-10,0.0,-0.1,0.2,-0.1,0.1,-0.3,0.2,-0.1,0.0,-0.3,-0.1,0.1,-0.1,0.1,-0.2,-0.5,-0.3,-0.2,-0.4,0.0,-0.2,-0.4,0.2,-0.3,0.1,0.1,-0.1,0.0,-0.1,-0.2,1.9,-0.4
274,2013-11,0.0,0.1,-0.1,-0.3,-0.1,0.2,-0.3,-0.1,0.0,-0.5,-0.1,0.0,0.0,0.1,-1.3,-0.4,-0.8,-0.1,0.4,-0.3,-0.1,-0.1,-0.4,-0.6,0.2,-0.2,-0.3,-0.2,-0.1,-0.1,-0.1,-0.4
275,2013-12,0.8,0.4,0.4,0.2,0.5,0.5,-0.1,0.4,0.0,0.0,0.3,0.4,0.4,0.4,0.8,-0.3,0.2,0.1,0.5,0.3,-0.2,0.2,0.0,0.1,-0.2,0.1,0.4,-0.2,-0.5,0.3,0.5,-0.1
276,2014-01,-1.1,-1.9,-0.3,-0.6,0.1,-0.7,-0.2,-1.1,-1.9,0.2,-0.9,-0.1,-0.6,-0.6,-0.9,0.0,0.4,-0.6,-1.5,-2.0,0.0,-0.9,0.7,-0.6,-0.1,0.1,-1.4,0.3,-0.6,-1.2,2.2,0.4
277,2014-02,0.3,2.2,-0.6,0.0,0.0,0.6,0.6,0.3,-0.1,0.2,0.3,0.3,0.6,0.5,-1.1,-0.2,0.1,0.6,1.2,-0.4,0.0,1.2,0.0,0.6,0.5,0.1,-0.3,-0.1,0.0,0.5,0.5,0.4
278,2014-03,0.9,0.0,-0.3,0.5,0.1,0.2,0.1,0.9,1.6,0.4,0.8,0.3,0.5,0.2,1.8,0.5,0.2,0.5,0.4,2.2,0.4,0.0,0.3,1.1,0.3,0.2,1.4,0.0,0.7,0.0,1.2,0.8
279,2014-04,0.1,-0.2,0.2,0.1,0.0,-0.2,0.1,0.1,0.6,0.2,0.1,0.1,0.0,0.4,0.4,0.5,-0.1,0.0,0.4,0.5,0.3,0.2,0.5,0.6,0.4,0.0,0.3,0.0,0.5,0.4,1.0,0.4
280,2014-05,0.1,-0.2,-0.5,0.1,0.1,-0.2,0.0,-0.1,0.0,0.2,-0.1,-0.3,0.0,-0.1,-0.6,0.4,0.1,0.0,-0.3,-0.1,0.0,0.1,0.2,-0.5,0.0,-0.1,0.1,0.3,0.7,0.1,0.2,0.4
281,2014-06,0.0,0.2,-0.3,-0.1,0.0,0.4,-0.1,0.1,0.0,0.3,0.1,0.0,0.0,0.2,0.5,0.2,0.1,0.2,1.1,0.1,0.0,0.2,0.4,-0.4,-0.3,0.0,0.1,0.1,0.1,0.2,0.5,0.2
282,2014-07,-0.7,-1.3,0.6,0.0,0.2,0.2,-0.2,-0.6,-1.5,-0.2,-0.5,-0.1,-0.4,-0.3,-1.0,0.1,0.2,-0.1,0.3,-2.1,-0.5,-1.0,-0.2,0.3,0.8,-0.2,-0.6,-0.1,-1.0,-0.3,0.5,-0.1
283,2014-08,0.0,1.4,-0.1,-0.3,0.0,0.1,-0.1,0.1,0.1,-0.2,0.1,0.2,0.5,0.4,-1.1,0.1,-0.2,0.3,-0.2,-0.1,-0.1,0.9,-0.8,-0.1,-0.4,-0.3,-0.1,-0.2,-0.1,0.0,0.3,-0.3
284,2014-09,0.9,-0.4,-0.7,0.5,-0.2,0.0,0.3,0.4,1.0,-0.1,0.4,0.6,-0.4,0.0,1.6,-0.2,-0.3,-0.2,-1.6,1.8,0.4,0.0,0.4,0.0,0.6,-0.1,0.5,0.1,0.3,0.2,0.0,0.0
285,2014-10,0.0,0.0,0.1,-0.1,0.1,-0.4,0.1,-0.1,0.1,-0.1,0.0,-0.2,0.0,0.1,-0.9,-0.2,-0.1,-0.3,0.2,0.3,0.1,-0.3,-0.2,-0.1,0.1,0.1,0.0,0.1,0.1,0.1,1.9,-0.4
286,2014-11,0.1,-0.2,-0.5,-0.3,-0.3,0.0,-0.2,-0.2,-0.2,-0.9,-0.2,-0.1,-0.2,-0.3,-0.7,-0.6,-0.4,-0.3,-1.1,-0.2,-0.1,-0.4,-0.2,-0.7,0.1,-0.2,-0.4,-0.2,-0.1,-0.1,0.1,-0.8
287,2014-12,0.0,0.0,0.4,0.0,-0.1,0.1,-0.3,-0.1,-0.7,0.0,-0.1,-0.1,0.1,0.0,-0.5,-0.7,-0.7,-0.4,0.6,0.0,-0.6,-0.9,-0.7,-0.2,-0.1,-0.3,0.0,-0.3,-0.7,0.3,-0.4,-0.8
288,2015-01,-1.4,-2.1,-0.7,-0.6,0.0,-1.3,-0.6,-1.5,-2.2,-0.4,-1.3,-0.7,-1.1,-0.9,-1.2,-0.5,-0.2,-0.7,-1.1,-2.5,-1.3,-1.1,0.1,-1.2,-0.2,-0.3,-1.5,-0.1,-1.2,-1.1,1.2,-0.7
289,2015-02,0.3,2.4,0.1,-0.4,0.1,0.9,0.8,0.6,0.1,0.5,0.5,0.3,0.7,0.3,-0.2,0.1,0.5,0.6,0.4,0.2,-0.1,2.0,0.4,0.8,0.4,-0.1,0.0,-0.2,0.2,0.8,0.9,0.5
290,2015-03,1.4,0.3,0.3,0.5,0.2,0.7,0.5,1.2,2.0,0.7,1.0,0.4,0.8,0.2,1.9,0.8,0.6,0.7,1.1,2.1,0.8,0.4,0.8,1.3,0.3,0.3,1.9,0.2,0.9,0.1,1.2,0.7
291,2015-04,0.1,0.3,0.5,-0.3,0.4,0.5,0.2,0.4,0.7,0.6,0.4,0.0,0.1,0.2,0.4,0.4,0.4,-0.1,0.2,0.4,0.7,0.1,0.6,0.8,0.4,0.4,0.4,0.3,0.1,0.2,1.3,0.2
292,2015-05,0.2,0.3,0.0,0.1,0.3,0.4,0.0,0.3,0.4,0.4,0.3,-0.1,0.3,0.2,-0.2,0.6,0.7,0.5,0.4,0.2,0.6,0.5,0.8,0.3,0.2,0.1,0.5,0.3,0.7,0.4,0.5,0.6
293,2015-06,0.0,0.2,-0.5,0.1,0.2,-0.1,-0.1,0.0,0.2,0.0,0.0,0.0,-0.1,0.0,0.9,0.3,0.2,0.4,0.8,0.1,-0.2,0.2,-0.1,-0.6,0.3,0.1,-0.1,0.1,-0.1,-0.3,-0.2,0.3
294,2015-07,-0.5,-1.3,0.2,-0.2,-0.2,0.4,-0.1,-0.6,-1.5,-0.3,-0.5,-0.3,-0.5,-0.2,-1.2,-0.2,0.0,-0.3,0.9,-1.9,-0.5,-1.3,-1.1,0.7,-0.2,-0.1,-0.7,-0.3,-0.7,0.1,0.0,-0.1
295,2015-08,-0.2,1.3,0.1,-0.5,-0.3,-0.1,-0.3,0.0,-0.4,-0.2,-0.1,0.1,0.4,0.2,-0.2,0.2,-0.6,0.3,0.4,-0.2,-0.9,0.8,-0.4,-0.5,-0.2,-0.3,-0.1,-0.2,0.0,-0.2,0.3,-0.3
296,2015-09,0.5,-0.2,-0.8,0.3,-0.1,-0.3,0.3,0.2,0.4,-0.6,0.2,0.2,-0.4,-0.1,1.2,-0.6,-0.6,-0.5,-1.8,1.7,0.6,-0.3,-0.2,-0.2,0.8,-0.3,0.7,-0.2,-0.1,0.5,0.8,-0.3
297,2015-10,0.1,0.3,-0.2,0.1,-0.1,0.0,-0.1,0.1,0.3,0.2,0.1,0.2,0.1,0.1,-0.2,-0.2,0.3,-0.3,-0.3,0.4,0.5,-0.2,0.0,0.0,0.6,0.1,-0.1,0.1,0.0,0.1,1.7,-0.1
298,2015-11,0.0,0.1,-0.3,-0.4,-0.4,-1.0,-0.2,-0.4,0.3,-0.3,-0.4,0.0,-0.2,0.0,-0.7,-0.6,0.0,-0.3,-0.9,-0.4,-0.1,0.1,-0.1,-0.8,0.4,-0.1,-0.4,0.0,0.1,-0.2,0.5,-0.4
299,2015-12,0.6,0.0,0.4,-0.1,-0.2,0.1,-0.1,0.0,-0.4,-0.7,0.0,-0.2,0.2,0.1,0.0,-0.6,-0.3,-0.1,0.8,0.0,-0.4,-0.5,-0.3,-0.1,-0.4,-0.2,-0.3,-0.4,-0.3,0.2,0.2,-0.5
300,2016-01,-1.1,-1.7,-0.2,-0.7,0.6,-1.1,-0.5,-1.5,-2.5,-0.2,-1.3,-0.5,-1.1,-0.8,-1.7,-0.4,-0.1,-0.9,-0.7,-2.2,-0.4,-1.5,-0.7,-1.5,0.5,-0.2,-1.1,-0.3,-1.4,-0.6,2.0,0.1
301,2016-02,-0.1,1.7,-0.5,0.2,0.1,0.4,0.5,0.2,-0.4,0.8,0.1,0.2,0.3,0.2,0.0,-0.3,-0.1,0.4,0.2,-0.4,-0.3,1.3,0.1,0.9,0.6,0.0,-0.5,0.1,0.0,0.3,0.0,0.0
302,2016-03,1.1,0.8,-0.6,0.4,0.0,0.9,0.1,1.2,2.0,0.8,1.1,0.5,0.8,0.4,1.1,0.5,0.2,0.3,0.6,2.1,1.1,0.1,0.8,1.5,0.6,0.1,2.2,0.0,0.8,0.5,0.0,0.5
303,2016-04,0.1,0.2,-0.2,0.2,0.6,0.1,0.2,0.2,0.5,0.1,0.2,0.3,0.1,0.1,0.7,0.4,0.8,0.3,0.3,0.2,0.7,0.2,0.4,0.1,0.3,0.3,0.4,0.4,0.3,0.0,0.6,0.5
304,2016-05,0.1,0.4,0.0,0.1,-0.2,0.6,0.2,0.4,0.5,0.4,0.4,-0.1,0.5,0.2,0.0,0.3,0.3,0.5,1.4,0.3,0.0,0.5,0.7,0.2,0.4,0.2,0.4,-0.1,0.8,0.2,0.5,0.4
305,2016-06,0.0,0.4,0.1,0.0,0.1,0.1,0.1,0.2,0.4,0.5,0.2,0.1,0.1,0.2,1.3,0.3,0.2,0.7,0.9,0.2,0.0,0.4,0.1,-0.5,0.7,0.1,0.2,0.1,0.5,0.1,0.3,0.3
306,2016-07,-0.5,-1.1,1.0,-0.1,0.4,0.6,-0.1,-0.5,-1.3,0.0,-0.4,-0.1,-0.4,-0.1,-1.2,-0.1,-0.2,-0.3,0.4,-1.9,-0.8,-1.3,-0.3,0.3,0.7,-0.3,-0.6,-0.4,-0.9,0.1,1.2,-0.3
307,2016-08,-0.2,1.3,0.0,0.0,-0.2,-0.1,-0.4,0.1,0.0,0.1,0.0,0.0,0.3,0.3,0.0,-0.2,-0.4,-0.2,0.0,-0.1,-0.4,1.0,-0.7,0.2,-0.7,-0.2,0.0,-0.1,-0.1,-0.1,-0.1,0.0
308,2016-09,1.0,-0.4,-0.7,0.0,-0.2,0.0,0.0,0.4,0.7,0.0,0.3,0.2,-0.2,0.2,0.7,0.2,0.2,-0.4,-1.5,1.9,0.8,0.3,0.4,-0.4,0.4,0.0,0.7,0.0,0.3,0.2,0.3,0.2
309,2016-10,0.4,0.4,-0.1,0.1,0.2,0.1,0.3,0.2,0.8,-0.5,0.3,0.2,0.0,0.1,0.4,0.1,0.6,-0.4,-1.0,0.2,0.5,0.2,0.6,0.4,0.6,0.4,0.2,0.3,0.4,0.4,1.6,0.1
310,2016-11,0.1,-0.1,-0.1,-0.3,0.4,-0.9,-0.2,-0.4,0.2,0.0,-0.3,0.0,0.0,0.2,-1.5,-0.1,0.0,-0.1,-0.7,-0.2,0.3,0.0,0.1,-0.6,0.3,0.0,-1.0,0.1,0.1,0.0,0.3,-0.3
311,2016-12,0.7,0.5,0.8,-0.1,0.3,0.9,0.1,0.5,0.5,0.3,0.5,0.3,0.3,0.5,0.4,0.0,0.4,-0.1,0.1,0.4,0.5,0.4,0.6,0.2,-0.6,0.5,0.0,0.1,-0.4,0.5,1.7,0.0
312,2017-01,-0.6,-0.9,0.7,-0.2,0.8,-1.0,-0.1,-0.9,-1.0,0.3,-0.7,-0.7,-0.3,-0.5,-0.5,-0.2,0.4,-0.5,-1.2,-1.7,0.2,-0.6,0.1,-0.6,-0.4,0.3,-0.7,0.3,-0.4,-0.8,2.5,0.7
313,2017-02,0.2,1.9,0.0,0.6,0.4,0.8,0.7,0.4,-0.3,1.4,0.4,0.7,0.2,0.7,-0.1,0.2,0.3,0.5,0.6,0.2,0.3,1.5,0.4,0.9,0.5,0.5,-0.2,0.5,1.0,0.7,0.8,0.3
314,2017-03,0.8,0.0,-0.5,0.1,0.0,0.3,0.1,0.8,1.1,0.4,0.7,0.0,0.7,0.4,1.4,0.2,0.0,0.6,-0.6,1.9,1.1,-0.1,0.9,0.4,0.4,0.0,2.0,-0.1,0.3,0.0,1.0,0.1
315,2017-04,0.3,0.3,0.5,0.5,0.1,0.6,0.3,0.6,0.9,0.6,0.5,0.4,0.1,0.5,0.7,0.7,0.4,0.4,0.9,0.8,1.0,0.2,0.4,0.9,0.1,0.3,1.5,0.1,0.0,0.6,1.3,0.3
316,2017-05,-0.1,-0.3,-0.2,-0.2,0.2,-0.1,-0.1,-0.1,0.0,0.3,-0.1,-0.2,0.0,0.3,-0.2,-0.1,0.2,-0.2,-0.3,-0.1,-0.2,-0.1,0.2,-0.4,0.3,-0.1,-0.3,0.3,0.7,0.0,0.4,0.1
317,2017-06,-0.1,-0.1,-0.2,0.0,0.0,0.5,-0.2,0.1,0.1,0.1,0.1,0.0,0.0,0.0,0.7,0.4,0.1,0.1,0.8,-0.2,0.2,0.0,0.4,-0.3,0.4,-0.1,-0.5,0.0,-0.1,0.1,-0.3,0.0
318,2017-07,-0.6,-0.8,0.5,0.1,0.4,0.6,1.0,-0.4,-1.2,0.8,-0.4,-0.4,-0.4,-0.1,-1.2,0.1,0.1,0.1,1.1,-1.9,-0.2,-0.9,-0.8,0.8,0.2,-0.2,-0.6,0.0,-0.6,0.6,0.1,-0.2
319,2017-08,0.0,1.5,0.2,-0.1,-0.2,0.1,-0.4,0.3,0.2,0.4,0.2,0.2,0.6,0.6,-0.3,0.0,0.0,0.4,-0.8,0.1,0.0,1.4,-0.1,0.2,-0.8,-0.2,0.2,0.0,0.1,-0.2,0.5,0.3
320,2017-09,1.4,-0.5,-0.2,0.2,-0.1,0.0,0.1,0.4,0.6,-0.2,0.4,0.2,-0.2,0.3,1.2,0.3,0.1,-0.6,-1.5,1.8,0.8,0.0,0.2,-0.4,0.7,0.2,1.0,0.2,0.3,0.1,0.7,0.6
321,2017-10,0.2,0.3,0.1,0.1,0.5,-0.3,0.1,0.0,0.6,-0.4,0.1,0.0,0.1,0.1,-0.1,0.1,0.3,-0.1,0.5,0.0,0.1,0.2,0.4,0.2,0.0,0.4,0.5,0.3,0.3,-0.1,2.1,-0.2
322,2017-11,0.1,0.2,0.3,-0.3,0.1,-0.7,-0.3,-0.2,0.3,0.4,-0.1,0.3,0.1,0.3,-0.9,-0.1,0.3,-0.1,-1.8,-0.2,0.3,0.0,0.1,-0.4,0.3,0.4,-1.1,0.3,0.3,0.2,1.5,-0.1
323,2017-12,0.6,0.4,0.7,0.2,0.0,0.7,-0.4,0.3,0.0,-0.4,0.3,-0.1,0.4,0.4,0.3,-0.3,0.0,-0.1,1.4,0.3,0.1,0.0,0.0,-0.1,-0.1,0.2,-0.2,0.0,0.1,0.4,0.7,-0.2
324,2018-01,-1.0,-1.2,0.2,-0.5,0.7,-1.0,-0.3,-0.9,-1.5,0.1,-0.7,-0.3,-0.1,-0.5,-1.2,-0.2,0.3,-0.7,-0.9,-1.5,0.0,-0.9,-0.1,-0.4,-0.3,0.2,-1.2,0.9,-0.6,-0.9,1.0,0.6
325,2018-02,0.3,1.6,0.2,0.3,-0.1,0.5,0.6,0.2,0.1,1.0,0.2,0.5,0.0,0.4,0.1,-0.1,0.2,0.9,0.2,-0.5,-0.1,1.2,0.2,0.7,1.1,-0.4,-0.6,0.2,0.6,0.8,0.7,0.5
326,2018-03,0.9,0.0,-0.2,0.3,0.0,0.8,0.0,1.1,1.2,0.1,0.9,0.2,1.1,0.1,1.2,0.5,0.1,0.4,0.7,2.3,0.4,0.0,1.3,0.2,0.3,0.0,2.2,0.2,0.4,0.3,1.0,0.2
327,2018-04,0.2,0.4,0.3,0.2,0.3,0.2,0.6,0.4,0.8,0.6,0.4,0.3,0.2,0.4,1.0,0.9,0.7,-0.2,-0.1,0.5,0.7,0.4,0.3,0.9,0.5,0.5,1.0,0.6,0.4,0.4,1.9,0.4
328,2018-05,0.1,0.3,0.4,0.4,0.5,1.1,0.2,0.6,0.9,0.5,0.6,0.0,0.5,0.4,0.1,0.3,0.7,0.6,0.3,0.3,0.5,0.6,0.5,0.4,0.0,0.2,0.8,0.0,1.0,0.3,1.6,0.5
329,2018-06,0.1,0.3,0.5,0.0,0.4,0.1,-0.1,0.1,0.2,1.0,0.1,0.2,0.0,0.0,0.9,0.8,0.3,0.1,2.2,0.2,-0.1,0.3,0.7,-0.5,0.8,0.1,0.0,0.1,0.0,0.2,2.6,0.1
330,2018-07,-0.6,-0.7,1.0,0.4,0.2,0.8,0.8,-0.2,-1.2,0.2,-0.2,-0.2,-0.1,0.0,-1.4,0.1,0.3,0.4,1.5,-1.4,-0.5,-0.9,-0.8,1.1,0.9,-0.2,-0.4,-0.2,-0.8,0.6,0.5,-0.1
331,2018-08,0.0,1.4,0.3,0.0,0.0,0.0,-0.5,0.1,0.1,0.6,0.1,0.1,0.5,0.7,-0.2,0.0,0.0,0.3,-0.5,-0.2,-0.4,1.4,0.0,0.1,-0.4,-0.2,-0.7,0.2,0.0,-0.3,2.3,0.0
332,2018-09,1.2,-0.3,-0.3,0.0,-0.4,0.1,-0.2,0.4,0.6,-0.3,0.4,0.3,-0.2,0.1,1.4,-0.2,0.3,-0.3,-2.4,1.7,1.4,0.3,0.6,-0.7,0.5,0.3,1.5,0.0,0.5,0.5,6.3,0.1
333,2018-10,0.5,0.7,0.2,0.2,0.4,0.1,0.3,0.2,0.7,0.5,0.3,0.3,0.1,0.1,0.5,0.2,0.5,-0.2,0.2,0.2,0.5,0.2,0.3,0.5,-0.2,0.4,-0.5,0.1,0.4,-0.2,2.7,0.1
334,2018-11,0.0,-0.2,-0.3,-0.4,-0.3,-1.1,-0.3,-0.6,-0.2,-0.8,-0.5,0.1,-0.2,0.2,-1.6,-0.5,-0.3,-0.4,-1.2,-0.3,-0.2,-0.2,-0.2,-0.5,0.5,0.0,-1.0,-0.1,0.1,-0.1,-1.4,-0.5
335,2018-12,0.1,-0.2,0.0,0.0,0.0,0.2,-0.4,0.0,-0.5,-0.3,0.0,-0.2,0.1,0.2,-0.1,-0.6,-0.4,-0.1,1.9,-0.1,-0.5,-0.7,-0.3,0.0,0.0,0.0,-0.4,-0.1,-0.6,0.5,-0.4,-0.5
336,2019-01,-1.0,-1.6,0.2,-0.6,1.0,-1.0,0.2,-1.0,-1.7,-0.4,-0.8,-0.4,-0.6,-0.8,-1.3,-0.6,0.3,-0.7,-1.0,-1.7,-0.1,-1.1,0.3,-0.2,-0.6,-0.1,-1.3,1.2,-0.9,-1.1,1.1,0.2
337,2019-02,0.0,1.8,0.3,0.3,0.3,0.5,0.5,0.3,0.2,0.2,0.3,0.5,0.1,0.5,0.3,0.1,0.6,0.8,-0.6,-0.3,0.2,1.7,0.1,1.3,0.9,0.3,-0.3,0.2,0.7,0.7,0.2,0.5
338,2019-03,1.1,0.2,0.2,0.3,0.2,0.5,0.1,1.0,1.4,0.4,0.9,0.1,0.9,0.2,1.4,0.8,0.7,0.8,1.0,2.3,0.9,0.3,1.1,0.5,0.1,0.4,2.1,0.7,0.7,0.2,1.0,0.6
339,2019-04,0.3,0.2,0.6,0.6,0.1,1.0,0.3,0.7,1.1,1.5,0.7,0.7,0.4,0.6,1.0,0.6,0.9,0.4,1.8,0.5,0.9,0.3,0.9,1.1,0.5,1.0,1.0,0.2,0.7,0.7,1.7,0.6
340,2019-05,0.1,0.0,0.2,-0.2,0.7,0.3,0.0,0.1,0.2,0.4,0.2,-0.2,0.1,0.3,-0.4,0.4,0.7,-0.1,0.0,0.1,0.3,0.5,0.6,-0.3,-0.3,0.3,0.3,0.4,0.8,0.3,0.9,0.2
341,2019-06,-0.1,-0.1,0.0,0.2,0.2,0.3,-0.3,0.2,-0.1,0.5,0.1,0.0,0.3,0.0,0.6,0.3,-0.2,0.2,1.6,0.1,-0.3,-0.3,0.3,-0.1,0.1,0.2,0.4,0.1,0.3,-0.2,0.0,-0.1
342,2019-07,-0.8,-0.8,1.3,0.0,0.4,0.4,0.7,-0.5,-1.1,-0.3,-0.3,-0.3,-0.2,0.0,-1.2,0.5,0.2,-0.2,0.9,-1.8,-0.3,-0.8,-0.9,0.9,0.6,0.0,-1.7,0.1,-0.7,0.5,1.4,0.1
343,2019-08,0.1,1.1,0.2,0.1,0.1,-0.1,-0.4,0.1,-0.1,0.7,0.1,0.4,0.5,0.4,-0.6,-0.4,-0.1,0.4,-0.4,0.0,-0.4,1.2,0.2,0.6,-0.7,-0.1,-0.1,0.2,0.4,-0.5,0.9,-0.1
344,2019-09,1.0,-0.6,-1.2,-0.4,-0.5,-0.1,-0.3,0.2,0.4,-0.2,0.2,0.0,-0.4,0.1,1.5,-0.2,0.0,-0.3,-1.4,1.4,0.9,0.0,-0.2,-1.1,0.5,0.1,1.4,0.1,-0.1,0.5,1.0,0.0
345,2019-10,0.3,0.3,0.2,-0.2,0.5,0.1,0.5,0.1,0.7,-0.2,0.2,0.1,-0.1,-0.2,-0.1,0.2,0.6,-0.2,-0.7,0.2,0.1,0.0,0.1,0.6,0.1,0.3,-0.4,-0.1,0.1,0.1,2.0,0.2
346,2019-11,0.2,0.0,0.3,-0.4,0.1,-0.8,-0.3,-0.3,0.0,-0.4,-0.2,-0.1,0.1,0.2,-0.7,-0.4,0.1,-0.2,-1.0,-0.3,0.0,0.0,-0.3,-0.8,0.4,0.1,-0.7,0.2,0.0,0.1,0.4,-0.2
347,2019-12,0.7,0.3,0.8,0.2,0.2,0.6,-0.2,0.3,-0.1,-0.3,0.3,0.2,0.5,0.0,0.4,-0.1,0.3,0.2,0.6,0.2,0.5,0.1,-0.2,0.2,-0.4,0.6,-0.3,-0.1,-0.1,0.4,0.7,-0.2
348,2020-01,-0.7,-1.1,0.5,-0.4,1.6,-0.8,0.2,-1.0,-1.4,-0.6,-0.7,-0.4,-0.5,-0.3,-1.3,-0.1,0.9,-0.7,-1.2,-1.8,0.2,-0.4,0.3,-1.3,-0.1,0.7,-0.8,1.3,-0.5,-1.3,1.4,0.4
349,2020-02,0.0,1.5,0.0,-0.1,0.3,0.6,0.4,0.2,-0.1,0.6,0.2,0.5,0.0,0.4,-0.4,-0.5,0.3,0.6,1.5,-0.5,0.0,1.0,0.2,0.9,-0.1,0.6,-0.6,0.1,0.4,0.4,0.4,0.3
350,2020-03,0.5,-0.4,-0.5,0.1,0.0,0.1,-0.3,0.5,0.6,-0.6,0.5,-0.2,0.1,0.0,1.2,0.0,0.2,0.4,-0.6,2.2,-0.1,-1.2,0.3,0.3,-0.1,0.2,1.6,0.0,-0.6,-0.2,0.6,-0.3
351,2020-04,0.2,-0.2,-0.4,0.1,-0.2,0.4,-0.1,0.3,0.4,-0.3,0.2,-0.4,0.0,-0.2,-0.1,0.0,-0.5,-0.4,0.7,0.5,0.2,-0.8,-0.5,1.0,0.5,0.0,0.8,-0.1,-1.3,-0.4,0.9,-0.9
352,2020-05,-0.9,-0.2,-0.2,-0.2,0.5,0.0,-0.1,-0.1,0.1,-0.6,0.0,-0.1,0.2,0.0,-0.2,-0.1,0.4,-0.6,0.9,-0.3,-0.5,-0.3,-0.3,-0.2,0.2,0.8,-0.2,0.3,0.7,0.6,1.4,-0.1
353,2020-06,0.4,0.4,-0.1,-0.1,0.5,0.7,0.1,0.3,0.4,0.7,0.3,0.2,0.1,0.1,-0.7,0.5,0.4,0.4,1.0,0.0,0.4,0.9,0.2,0.5,0.3,0.6,1.2,-0.1,0.9,0.6,1.1,0.7
354,2020-07,-0.1,0.7,0.8,0.1,0.5,-0.5,0.9,-0.4,-1.6,0.0,-0.2,0.3,0.4,0.4,-1.4,0.3,1.2,-0.2,0.5,-0.7,-0.3,-0.3,0.3,0.9,0.8,-0.1,-2.0,0.1,-0.2,0.2,0.6,0.6
355,2020-08,-0.3,-1.5,0.4,-0.1,0.0,-0.2,-0.4,-0.4,0.0,0.6,-0.3,0.0,-0.1,-0.4,-0.7,-0.2,0.0,-0.1,0.6,-1.3,-0.2,0.9,-0.4,-0.7,-0.5,-0.1,-0.3,-0.1,0.0,-0.2,0.9,0.4
356,2020-09,0.8,0.8,-1.2,-0.1,-0.6,-0.4,-0.2,0.1,0.4,-0.1,0.0,0.0,-0.6,0.4,1.5,-0.1,-0.5,-0.4,-0.8,0.9,0.3,-0.2,-0.1,-0.4,0.4,0.2,0.8,0.0,-0.2,0.1,1.0,0.1
357,2020-10,0.2,0.2,0.2,0.0,0.1,0.0,0.3,0.2,0.3,-0.6,0.2,0.1,0.0,0.0,0.2,0.4,0.2,-0.5,-0.4,0.6,0.0,0.0,-0.1,0.8,0.4,0.3,-0.1,0.1,0.3,-0.1,2.1,0.0
358,2020-11,0.2,-0.2,0.0,-0.4,-0.1,-1.0,-0.2,-0.3,0.1,0.1,-0.3,-0.1,0.2,-0.1,-0.8,-0.2,-0.2,0.3,-0.1,0.0,-0.1,-0.2,-0.3,-1.2,-0.9,0.0,-0.5,0.1,-0.6,-0.1,2.3,-0.1
359,2020-12,0.6,0.5,0.5,0.1,-0.2,0.6,-0.2,0.3,0.2,0.0,0.3,0.2,0.2,0.2754821,0.2,-0.4,0.3,0.2,0.3,0.2,0.0,0.4,0.0,0.5,0.6,0.3,-0.1,-0.1,-0.1,0.8,1.3,0.1
360,2021-01,-0.7,-0.9,0.2,0.0,1.3,1.4,0.2,0.2,-0.4,0.5,0.3,0.4,0.3,-0.1831502,-1.3,0.1,0.9,0.2,-0.2,-0.9,0.5,0.9,0.4,-0.7,1.1,0.9,-0.3,0.3,-0.3,-0.1,1.7,0.5
361,2021-02,0.3,1.2,0.5,0.1,0.2,0.6,0.5,0.2,-0.6,0.9,0.3,0.3,0.0,0.09174312,0.2,0.2,0.7,0.3,0.8,-0.2,0.3,-0.6,0.4,1.2,0.8,0.5,-0.5,0.3,0.2,0.3,0.9,0.6
362,2021-03,1.2,0.9,0.2,0.2,0.2,0.5,0.1,0.9,1.9,-0.3,0.9,0.3,0.7,0.2749771,1.0,1.0,0.8,0.9,0.4,1.8,1.0,1.8,0.8,0.3,-0.3,0.9,1.5,0.6,0.6,0.1,1.1,0.9
363,2021-04,0.1,0.2,0.7,0.3,0.6,0.5,0.5,0.6,1.1,0.4,0.6,0.4,0.2,0.6398538,0.9,0.5,0.8,0.6,0.4,0.9,1.0,0.0,0.9,0.8,0.3,0.7,0.5,0.2,0.8,0.3,1.7,1.0
364,2021-05,0.2,0.3,0.1,0.2,0.1,0.3,0.3,0.3,0.5,1.0,0.3,0.0,0.3,0.6357856,-0.3,0.1,0.6,0.2,0.8,-0.1,0.5,0.4,0.6,0.1,-0.2,0.4,0.3,0.6,0.7,0.2,0.9,1.0
365,2021-06,0.2,0.4,0.0,0.0,0.4,0.4,0.1,0.3,0.5,1.2,0.2,-0.1,0.2,0.4512635,1.2,0.4,0.4,0.1,1.7,0.2,0.5,0.3,0.3,0.1,0.4,0.1,0.2,0.4,0.4,0.1,1.9,1.1
366,2021-07,-0.1,-0.5,0.7,0.1,0.7,0.5,0.8,-0.1,-1.2,1.2,0.0,0.2,0.1,0.0,-1.3,0.9,0.6,0.4,0.2,-1.0,0.5,-0.4,0.4,0.6,1.0,0.4,-0.4,0.5,0.1,0.3,1.8,0.5
367,2021-08,0.0,1.7,0.7,0.2,0.4,0.1,-0.3,0.3,0.4,0.7,0.3,0.0,0.7,0.7187781,-0.1,0.2,0.2,0.7,0.6,0.2,0.4,1.1,0.4,0.5,0.0,0.3,-0.1,0.2,0.1,0.5,1.1,0.2
368,2021-09,0.9,-0.1,0.2,0.0,0.3,0.3,0.4,0.5,1.1,1.2,0.5,0.2,-0.2,0.2676182,2.1,0.3,0.1,0.4,-0.6,1.3,1.7,0.3,1.0,-0.2,1.3,0.7,0.8,0.8,0.5,0.5,1.3,0.2
369,2021-10,0.7,1.8,1.3,0.4,0.9,0.5,1.0,0.8,1.6,-0.2,0.9,0.8,0.4,1.067616,1.1,0.8,1.1,0.8,-0.1,0.9,1.7,1.2,1.1,1.6,-0.4,1.0,0.4,0.5,1.1,0.2,2.4,0.9
370,2021-11,0.5,1.4,1.1,-0.1,-0.1,0.3,0.4,0.4,0.2,1.8,0.5,0.5,0.4,0.7922535,0.3,0.5,0.7,0.6,-0.4,0.7,0.9,0.7,1.1,0.8,0.9,0.9,0.3,0.5,0.7,0.6,3.5,0.5
371,2021-12,0.3,0.0,0.8,0.0,0.3,0.3,-0.6,0.4,1.1,3.2,0.5,-0.1,0.2,0.5240175,0.5,0.1,0.3,0.5,0.3,0.5,1.3,-0.4,0.4,0.9,0.8,0.9,0.0,0.2,0.1,1.4,13.6,0.3
372,2022-01,0.0,0.9,1.2,0.2,4.6,0.9,1.6,0.3,-0.8,-0.3,0.5,1.4,0.2,-0.1737619,-0.2,0.4,1.4,-0.4,0.2,0.0,1.9,0.2,0.0,0.5,-1.7,1.5,0.3,2.8,0.6,-0.6,11.1,1.0
373,2022-02,1.3,2.1,1.2,0.6,1.3,0.9,0.9,0.9,0.8,1.3,0.9,0.6,0.9,0.7832898,0.9,1.0,1.1,0.9,1.0,0.8,1.8,2.4,1.7,0.8,1.2,0.0,0.5,0.8,1.1,0.9,4.8,1.1
374,2022-03,2.3,0.7,2.1,0.5,1.9,2.5,0.7,2.4,3.9,2.7,2.4,1.6,1.6,1.122625,2.7,1.9,1.0,2.1,0.9,2.4,2.4,1.9,3.3,4.4,0.8,2.9,2.6,1.7,-0.4,1.9,5.5,1.6
375,2022-04,0.6,0.3,2.1,0.4,1.8,0.7,1.8,0.6,-0.3,4.1,0.8,0.4,0.5,2.476516,2.0,2.7,1.7,0.9,0.9,0.4,1.9,0.9,2.3,0.4,1.5,1.8,2.4,1.4,2.1,0.6,7.3,0.6
376,2022-05,0.7,0.8,1.3,0.6,1.9,1.1,1.1,0.8,0.7,1.8,1.0,1.3,0.8,0.6666667,0.9,1.2,1.7,1.1,0.6,0.9,2.2,0.6,3.9,-0.8,0.2,1.6,1.0,1.4,2.0,1.1,3.0,1.3
377,2022-06,1.2,1.0,1.2,0.5,1.5,-0.1,0.9,0.8,1.9,2.8,0.9,0.8,0.9,0.8278146,2.2,1.6,2.0,1.3,1.6,1.2,2.2,1.4,2.4,-0.1,1.1,1.4,1.1,1.1,2.3,1.3,4.9,1.6
378,2022-07,0.6,-0.6,0.8,0.1,1.3,0.8,1.2,0.1,-0.6,2.1,0.2,0.2,0.3,0.5747126,-1.6,1.4,2.4,0.4,1.2,-1.1,0.8,-1.3,2.2,2.2,1.4,0.4,0.0,0.6,0.9,-0.2,2.4,-0.2
379,2022-08,-0.1,1.8,0.8,0.3,0.3,0.4,0.0,0.6,0.3,2.3,0.7,-0.1,0.5,0.4897959,-0.2,0.1,3.7,0.2,-0.2,0.9,0.6,0.4,0.4,2.4,-0.2,0.8,-0.2,0.7,-0.1,1.6,1.4,-0.3
380,2022-09,2.5,1.3,0.7,-0.2,0.9,2.2,1.5,1.2,-0.2,0.3,1.2,0.7,-0.5,0.5686434,3.0,0.3,1.8,0.0,-0.2,1.6,2.9,0.5,1.5,2.8,1.8,1.5,1.3,0.9,-0.3,1.2,3.1,0.0
381,2022-10,1.2,2.7,0.6,0.1,-1.1,1.1,1.3,1.5,0.1,-1.6,1.4,0.8,1.2,1.938611,-1.2,1.0,2.1,1.5,0.3,3.8,1.3,1.2,0.8,1.3,0.3,1.6,1.1,1.3,0.8,-0.2,3.5,0.3
382,2022-11,0.2,-1.0,0.6,-0.1,1.3,0.0,-1.1,-0.1,-0.3,0.9,0.1,1.2,0.4,0.3961965,-0.3,0.7,1.7,0.2,0.1,0.7,0.3,-0.7,1.1,-3.9,-0.2,0.7,0.0,1.0,1.1,0.8,2.9,-0.3
383,2022-12,-0.3,-0.2,0.8,-0.2,0.0,-1.2,-0.7,-0.4,0.0,-0.1,-0.2,-0.4,-0.1,0.394633,-0.7,-0.1,1.8,-0.3,0.6,0.2,0.1,-1.4,-0.4,0.7,-0.1,0.2,-0.4,0.1,0.1,2.1,1.2,-0.6
384,2023-01,0.9,-1.7,1.2,0.7,6.6,0.5,0.5,-0.2,-0.4,0.6,0.2,0.5,0.4,-0.6289308,-0.5,0.3,2.4,-1.0,1.0,-1.5,0.6,-0.3,0.5,-1.9,-0.1,2.0,-0.8,2.8,-0.1,-1.8,6.7,0.8
385,2023-02,0.8,0.3,0.7,0.5,0.8,1.0,0.8,0.8,0.9,0.7,0.8,0.7,1.1,1.186709,0.2,0.3,0.8,1.5,1.7,0.1,0.7,1.4,0.6,1.3,0.4,1.1,0.4,1.1,0.6,1.0,3.1,0.5
386,2023-03,0.6,0.2,0.6,0.0,0.3,1.1,-0.2,0.9,1.1,0.7,0.9,0.4,1.0,0.7818608,1.6,0.9,0.8,0.9,0.7,0.8,0.7,0.2,0.8,0.2,0.9,1.1,2.0,1.3,0.5,0.5,2.3,0.2
387,2023-04,0.8,-1.3,0.5,0.3,-0.1,0.6,0.3,0.6,0.5,1.9,0.6,0.1,0.7,1.163693,1.1,1.2,0.7,0.3,0.7,0.8,0.2,0.7,0.4,1.6,1.2,0.8,1.3,0.6,1.0,0.2,2.4,0.6
388,2023-05,0.1,0.2,-0.2,0.2,0.3,-0.2,-1.5,0.0,-0.1,0.0,0.0,0.1,-0.1,0.6901841,0.5,0.6,-0.4,0.3,0.3,0.3,-0.1,-0.2,1.5,0.2,0.5,0.2,-0.4,-0.1,0.9,0.1,0.0,0.1
389,2023-06,0.3,-0.1,0.1,0.1,0.3,0.4,0.3,0.3,0.6,0.8,0.3,-0.2,0.2,0.1523229,0.9,1.6,0.4,0.8,1.6,0.1,-0.1,0.4,-1.4,-0.5,0.7,0.1,0.4,0.2,0.9,1.0,3.9,0.3
390,2023-07,-0.2,-0.6,1.2,0.5,0.4,0.5,2.1,-0.1,-0.1,-0.5,0.0,0.3,0.0,-0.4562738,-1.0,1.1,0.4,0.2,0.7,-1.6,-0.2,-0.3,0.8,1.2,0.3,-0.3,-0.4,-0.2,0.0,-0.2,9.5,0.1
391,2023-08,0.3,2.5,0.5,0.2,0.2,0.4,-0.8,0.5,0.5,0.5,0.5,-1.1,1.1,0.3055768,-0.2,0.5,0.8,0.5,0.5,0.2,-0.1,1.9,-0.5,0.5,-1.0,0.1,0.8,0.1,0.2,-0.2,9.1,0.5
392,2023-09,0.9,-0.4,-0.3,-0.2,-0.8,0.2,-0.3,0.3,0.6,-0.1,0.3,0.6,-0.6,0.5331302,1.9,-0.7,0.1,0.1,0.0,1.7,0.7,0.4,-0.5,-0.8,-0.2,-0.1,0.8,0.3,0.7,0.4,4.7,0.1
393,2023-10,0.4,0.3,0.2,0.1,0.0,-0.2,0.3,0.1,0.3,-0.5,0.1,0.2,0.2,0.0,0.1,0.3,-0.2,0.2,-0.5,0.1,0.3,-0.1,-0.4,0.6,1.1,0.3,-0.4,0.2,0.4,0.1,3.4,-0.1
394,2023-11,0.2,-0.1,0.2,-0.5,0.0,-0.7,-0.4,-0.6,-0.5,0.0,-0.4,-0.5,-0.2,-0.2272727,-1.1,-0.4,0.0,-0.9,-0.1,-0.6,-0.4,-0.6,-0.1,-1.5,0.7,0.6,-1.0,0.2,-0.8,0.2,3.3,-0.4
395,2023-12,0.5,1.1,0.3,0.3,-0.4,0.2,-0.5,0.2,0.0,0.0,0.1,0.2,0.1,0.3796507,0.1,-0.3,-0.3,0.4,0.2,0.2,-0.6,-0.4,-0.7,0.2,0.1,0.1,-0.7,-0.1,-0.6,0.7,2.9,-0.3
396,2024-01,-0.4,-0.7,0.1,0.1,1.8,-0.2,1.0,-0.4,-0.2,1.3,-0.2,0.3,-0.2,-0.5295008,-0.9,-0.3,0.7,-1.4,-0.2,-1.1,0.1,-0.4,0.8,0.2,-0.1,0.3,-0.2,0.8,-0.6,-0.3,6.7,0.6
397,2024-02,0.5,2.4,0.3,0.2,0.3,0.6,0.4,0.6,0.4,0.1,0.6,0.7,0.9,0.608365,0.1,0.3,0.7,1.1,1.4,0.0,0.7,1.7,0.1,0.9,0.2,0.3,0.2,0.6,0.6,0.2,4.5,0.4
398,2024-03,0.6,0.4,0.2,-0.1,0.2,0.6,0.0,0.8,1.4,0.4,0.7,-0.1,0.2,0.5291005,1.8,0.9,0.8,0.3,0.5,1.2,-0.1,0.2,1.2,0.6,0.1,0.2,2.3,0.1,0.6,0.1,3.2,0.4
399,2024-04,0.1,-0.3,-0.1,0.5,0.8,0.6,0.0,0.6,0.6,1.0,0.6,0.1,0.6,0.3759398,0.9,1.0,0.7,0.2,0.3,0.5,0.3,0.5,0.5,1.1,0.9,1.0,1.1,0.4,0.7,0.3,3.2,0.1
400,2024-05,0.1,0.2,0.0,0.3,-0.1,0.2,0.0,0.2,0.2,0.0,0.2,-0.1,0.1,0.2996255,-0.3,0.2,0.0,0.6,0.8,0.2,0.3,0.1,0.4,0.3,-0.2,0.1,1.0,0.1,0.4,0.2,3.4,0.1
401,2024-06,0.0,0.4,0.2,-0.1,-0.3,0.2,0.1,0.2,0.4,0.5,0.2,-0.1,0.2,0.1493652,1.0,0.8,0.0,0.3,1.4,0.2,0.0,0.0,0.0,0.2,0.3,0.1,-0.3,0.0,0.0,-0.1,1.6,0.2
402,2024-07,-0.4,-0.6,1.2,0.4,0.7,0.5,1.3,0.0,-0.7,0.2,0.1,0.3,0.2,-0.2237137,-0.5,1.0,0.8,0.2,0.7,-0.9,-0.1,-0.4,0.1,1.3,0.4,0.8,-0.8,0.3,-0.2,0.1,3.2,0.0
403,2024-08,-0.1,1.5,0.1,0.0,0.1,-0.2,-0.5,0.1,0.0,0.4,0.1,-0.6,0.6,0.3736921,0.0,0.1,0.1,0.1,-0.2,-0.2,-0.5,1.0,-0.4,0.4,-1.1,0.1,-0.1,0.3,0.0,-0.6,2.5,0.1
404,2024-09,0.3,-0.4,-1.1,-0.3,-0.5,-0.1,-0.4,-0.1,-0.1,-0.3,-0.1,0.5,-1.3,-0.07446016,1.8,-0.5,-0.3,-1.0,-0.9,1.2,0.4,-0.5,0.2,-0.9,0.2,0.1,1.6,0.1,0.2,0.3,3.0,0.5
405,2024-10,0.4,0.5,0.6,0.0,0.3,0.4,0.7,0.3,0.4,0.8,0.4,0.8,0.3,0.5961252,0.1,0.8,0.1,0.3,-0.1,0.3,0.1,-0.1,0.1,0.6,0.7,0.3,-0.4,0.8,-0.3,0.5,2.9,0.2
406,2024-11,0.3,0.4,,,,-0.7,,,0.0,-0.7,,-0.1,-0.1,,-1.1,0.0,,-0.5,,0.0,0.5,-0.4,0.1,-1.0,,,-1.0,0.2,0.8,,,
