,TIME_PERIOD,ARG,AUS,AUT,BEL,BRA,CAN,CHE,CHL,CHN,COL,CRI,CZE,DEU,DNK,EA20,ESP,EST,EU27_2020,FIN,FRA,G20,G7,GBR,GRC,HUN,IDN,IND,ISL,ISR,ITA,JPN,KOR,LTU,LUX,LVA,MEX,NLD,NOR,NZL,OECD,OECDE,POL,PRT,RUS,SAU,SVK,SVN,SWE,TUR,USA,ZAF
0,1947-Q2,,,,,,,,,,,,,,,,,,,,,,,,,,,,,,,,,,,,,,,,,,,,,,,,,,-0.265224282,
1,1947-Q3,,,,,,,,,,,,,,,,,,,,,,,,,,,,,,,,,,,,,,,,,,,,,,,,,,-0.20487925,
2,1947-Q4,,,,,,,,,,,,,,,,,,,,,,,,,,,,,,,,,,,,,,,,,,,,,,,,,,1.565986876,
3,1948-Q1,,,,,,,,,,,,,,,,,,,,,,,,,,,,,,,,,,,,,,,,,,,,,,,,,,1.506037747,
4,1948-Q2,,,,,,,,,,,,,,,,,,,,,,,,,,,,,,,,,,,,,,,,,,,,,,,,,,1.652377436,
5,1948-Q3,,,,,,,,,,,,,,,,,,,,,,,,,,,,,,,,,,,,,,,,,,,,,,,,,,0.57451827,
6,1948-Q4,,,,,,,,,,,,,,,,,,,,,,,,,,,,,,,,,,,,,,,,,,,,,,,,,,0.113286487,
7,1949-Q1,,,,,,,,,,,,,,,,,,,,,,,,,,,,,,,,,,,,,,,,,,,,,,,,,,-1.376613836,
8,1949-Q2,,,,,,,,,,,,,,,,,,,,,,,,,,,,,,,,,,,,,,,,,,,,,,,,,,-0.339657476,
9,1949-Q3,,,,,,,,,,,,,,,,,,,,,,,,,,,,,,,,,,,,,,,,,,,,,,,,,,1.033940371,
10,1949-Q4,,,,,,,,,,,,,,,,,,,,,,,,,,,,,,,,,,,,,,,,,,,,,,,,,,-0.837805259,
11,1950-Q1,,,,,,,,,,,,,,,,,,,,,,,,,,,,,,,,,,,,,,,,,,,,,,,,,,3.93168633,
12,1950-Q2,,,,,,,,,,,,,,,,,,,,,,,,,,,,,,,,,,,,,,,,,,,,,,,,,,3.050930394,
13,1950-Q3,,,,,,,,,,,,,,,,,,,,,,,,,,,,,,,,,,,,,,,,,,,,,,,,,,3.865065794,
14,1950-Q4,,,,,,,,,,,,,,,,,,,,,,,,,,,,,,,,,,,,,,,,,,,,,,,,,,1.91495691,
15,1951-Q1,,,,,,,,,,,,,,,,,,,,,,,,,,,,,,,,,,,,,,,,,,,,,,,,,,1.357955997,
16,1951-Q2,,,,,,,,,,,,,,,,,,,,,,,,,,,,,,,,,,,,,,,,,,,,,,,,,,1.732134603,
17,1951-Q3,,,,,,,,,,,,,,,,,,,,,,,,,,,,,,,,,,,,,,,,,,,,,,,,,,2.059988677,
18,1951-Q4,,,,,,,,,,,,,,,,,,,,,,,,,,,,,,,,,,,,,,,,,,,,,,,,,,0.218954063,
19,1952-Q1,,,,,,,,,,,,,,,,,,,,,,,,,,,,,,,,,,,,,,,,,,,,,,,,,,1.066926106,
20,1952-Q2,,,,,,,,,,,,,,,,,,,,,,,,,,,,,,,,,,,,,,,,,,,,,,,,,,0.214299801,
21,1952-Q3,,,,,,,,,,,,,,,,,,,,,,,,,,,,,,,,,,,,,,,,,,,,,,,,,,0.721230522,
22,1952-Q4,,,,,,,,,,,,,,,,,,,,,,,,,,,,,,,,,,,,,,,,,,,,,,,,,,3.283945587,
23,1953-Q1,,,,,,,,,,,,,,,,,,,,,,,,,,,,,,,,,,,,,,,,,,,,,,,,,,1.859039973,
24,1953-Q2,,,,,,,,,,,,,,,,,,,,,,,,,,,,,,,,,,,,,,,,,,,,,,,,,,0.773091513,
25,1953-Q3,,,,,,,,,,,,,,,,,,,,,,,,,,,,,,,,,,,,,,,,,,,,,,,,,,-0.562515972,
26,1953-Q4,,,,,,,,,,,,,,,,,,,,,,,,,,,,,,,,,,,,,,,,,,,,,,,,,,-1.513718722,
27,1954-Q1,,,,,,,,,,,,,,,,,,,,,,,,,,,,,,,,,,,,,,,,,,,,,,,,,,-0.477570487,
28,1954-Q2,,,,,,,,,,,,,,,,,,,,,,,,,,,,,,,,,,,,,,,,,,,,,,,,,,0.109412651,
29,1954-Q3,,,,,,,,,,,,,,,,,,,,,,,,,,,,,,,,,,,,,,,,,,,,,,,,,,1.129689412,
30,1954-Q4,,,,,,,,,,,,,,,,,,,,,,,,,,,,,,,,,,,,,,,,,,,,,,,,,,1.956964147,
31,1955-Q1,,,,,,,,,,,,,,,,,,,,,,,,,,,,,,,,,,,,,,,,,,,,,,,,,,2.85659611,
32,1955-Q2,,,,,,,,,,,,,,,,,,,,,,,0.028171938,,,,,,,,,,,,,,,,,,,,,,,,,,,1.627544984,
33,1955-Q3,,,,,,,,,,,,,,,,,,,,,,,1.977409505,,,,,,,,,,,,,,,,,,,,,,,,,,,1.35082136,
34,1955-Q4,,,,,,,,,,,,,,,,,,,,,,,-0.566166638,,,,,,,,,,,,,,,,,,,,,,,,,,,0.600666135,
35,1956-Q1,,,,,,,,,,,,,,,,,,,,,,,1.11831478,,,,,,,,,,,,,,,,,,,,,,,,,,,-0.388042688,
36,1956-Q2,,,,,,,,,,,,,,,,,,,,,,,-0.103366271,,,,,,,,,,,,,,,,,,,,,,,,,,,0.826576162,
37,1956-Q3,,,,,,,,,,,,,,,,,,,,,,,-0.12301013,,,,,,,,,,,,,,,,,,,,,,,,,,,-0.089703387,
38,1956-Q4,,,,,,,,,,,,,,,,,,,,,,,0.594073752,,,,,,,,,,,,,,,,,,,,,,,,,,,1.645911297,
39,1957-Q1,,,,,,,,,,,,,,,,,,,,,,,1.868923299,,,,,,,,,,,,,,,,,,,,,,,,,,,0.640267872,
40,1957-Q2,,,,,,,,,,,,,,,,,,,,,,,-0.028279543,,,,,,,,,,,,,,,,,,,,,,,,,,,-0.219140239,
41,1957-Q3,,,,,,,,,,,,,,,,,,,,,,,-0.620204377,,,,,,,,,,,,,,,,,,,,,,,,,,,0.979921833,
42,1957-Q4,,,,,,,,,,,,,,,,,,,,,,,0.285352385,,,,,,,,,,,,,,,,,,,,,,,,,,,-1.034538359,
43,1958-Q1,,,,,,,,,,,,,,,,,,,,,,,2.20110836,,,,,,,,,,,,,,,,,,,,,,,,,,,-2.59590361,
44,1958-Q2,,,,,,,,,,,,,,,,,,,,,,,-2.508487756,,,,,,,,,,,,,,,,,,,,,,,,,,,0.656898848,
45,1958-Q3,,,,,,,,,,,,,,,,,,,,,,,2.200572576,,,,,,,,,,,,,,,,,,,,,,,,,,,2.313111068,
46,1958-Q4,,,,,,,,,,,,,,,,,,,,,,,0.305906291,,,,,,,,,,,,,,,,,,,,,,,,,,,2.338230005,
47,1959-Q1,,,,,,,,,,,,,,,,,,,,,,,0.598136814,,,,,,,,,,,,,,,,,,,,,,,,,,,1.918406388,
48,1959-Q2,,,,,,,,,,,,,,,,,,,,,,,1.613861113,,,,,,,,,,,,,,,,,,,,,,,,,,,2.253433564,
49,1959-Q3,,,,,,,,,,,,,,,,,,,,,,,2.127153488,,,,,,,,,,,,,,,,,,,,,,,,,,,0.069726727,
50,1959-Q4,,,,,,,,,,,,,,,,,,,,,,,2.540675428,,,,,,,,,,,,,,,,,,,,,,,,,,,0.284980687,
51,1960-Q1,,,,,,,,,,,,,,,,,,,,,,,2.496544295,,,,,,,,,,,,,,,,,,,,,,,,,,,2.248627259,
52,1960-Q2,,2.742764065,,,,,,,,,,,,,,,,,,,,,-0.71609472,,,,,,,,,,,,,,,,,,,,,,,,,,,-0.538357281,
53,1960-Q3,,0.217075818,,,,,,,,,,,,,,,,,,,,,1.488434975,,,,,,,,,,,,,,,,,,,,,,,,,,,0.48993124,
54,1960-Q4,,-0.191051024,,,,,,,,,,,,,,,,,,,,,0.623338758,,,,,,,,,,,,,,,,,,,,,,,,,,,-1.283131151,
55,1961-Q1,,0.309680566,,,,,,,,,,,,,,,,,,,,,1.616760858,,,,,,,,,,,,,,,,,,,,,,,,,,,0.675017967,
56,1961-Q2,,-1.098767533,,,,2.532129049,,,,,,,,,,,,,,,,,0.410511049,,,,,,,,,,,,,,,,,,0.843866,,,,,,,,,1.697854683,
57,1961-Q3,,-0.725082954,,,,2.433416055,,,,,,,,,,,,,,,,,-0.500024481,,,,,,,,,,,,,,,,,,1.319867,,,,,,,,,1.920365796,
58,1961-Q4,,1.147561278,,,,1.360480145,,,,,,,,,,,,,,,,,-0.179609411,,,,,,,,,,,,,,,,,,1.055754,,,,,,,,,1.96166961,
59,1962-Q1,,2.796578017,,,,2.660950188,,,,,,,,,,,,,,,,,0.437507317,,,,,,,,,,,,,,,,,,1.327949,,,,,,,,,1.783663196,
60,1962-Q2,,1.919230403,,,,0.794766259,,,,,,,,,,,,,,,,1.037277,0.939304142,,,,,,,,,,,,,,,,,1.074361277,1.181367,,,,,,,,,0.904754391,
61,1962-Q3,,0.802532592,,,,1.278910818,,,,,,,,,,,,,,,,1.296112,0.592010892,,,,,,,,,,,,,,,,,1.380027318,1.550059,,,,,,,,,1.229566665,
62,1962-Q4,,1.79856532,,,,1.962242774,,,,,,,,,,,,,,,,0.591134,-0.339581143,,,,,,,,,,,,,,,,,0.709750558,0.557285,,,,,,,,,0.329401872,
63,1963-Q1,,2.315494689,,,,0.63408554,,,,,,,,,,,,,,,,0.165246,0.458965902,,,,,,,,,,,,,,,,,0.373612165,-0.644231,,,,,,,,,1.092090426,
64,1963-Q2,,-1.292878044,,,,1.454368266,,,,,,,,,,,,,,,,2.444679,4.324262341,,,,,,,,,,,,,,,,,2.367334615,3.620492,,,,,,,,,1.122414332,
65,1963-Q3,,4.103026546,,,,0.759938107,,,,,,,,,,,,,,,,2.255876,0.438510222,,,,,,,,,,,,,,,,,2.231078275,2.157059,,,,,,,,,2.198830992,
66,1963-Q4,,2.134156245,,,,3.129534749,,,,,,,,,,,,,,,,1.170055,2.269952078,,,,,,,,,,,,,,,,,1.305016031,1.192815,,,,,,,,,0.655904746,
67,1964-Q1,,-0.168564341,,,,2.503381101,,,,,,,,,,,,,,,,1.933102,0.663448921,,,,,,,,,,,,,,,,,1.83442248,1.294061,,,,,,,,,2.108713585,
68,1964-Q2,,2.476451411,,,,0.37449939,,,,,,,,,,,,,,,,1.112141,1.869247769,,,,,,,,,,,,,,,,,1.242565676,1.097636,,,,,,,,,1.089068379,
69,1964-Q3,,0.61555042,,,,1.067302224,,,,,,,,,,,,,,,,1.194722,0.356444562,,,,,,,,,,,,,,,,,1.222741848,0.803428,,,,,,,,,1.56260166,
70,1964-Q4,,2.83954559,,,,0.501631232,,,,,,,,,,,,,,,,0.664126,1.537830073,,,,,,,,,,,,,,,,,0.812939722,1.007205,,,,,,,,,0.309191087,
71,1965-Q1,,0.846269404,,,,3.181038821,,,,,,,,,,,,,,,,1.666201,-0.271646859,,,,,,,,,,,,,,,,,1.63119311,1.080903,,,,,,,,,2.41990812,
72,1965-Q2,,1.569094791,,,,0.915536674,,,,,,,,,,,,,,,,1.326481,0.059989948,,,,,,,,,,,,,,,,,1.179706567,1.091757,,,,,,,,,1.263470829,
73,1965-Q3,,-0.299193351,,,,1.395578506,,,,,,,,,,,,,,,,1.719219,0.763738104,,,,,,,,,,,,,,,,,1.573939671,1.022361,,,,,,,,,2.223160468,
74,1965-Q4,,0.245172552,,,,2.45084687,,,,,,,,,,,,,,,,1.717894,0.643774523,,,,,,,,,,,,,,,,,1.699817446,1.221295,,,,,,,,,2.303901713,
75,1966-Q1,,-0.288596054,,,,1.945879533,,,,,,,,,,,,,,,,1.920157,0.163509217,,,,,,,,,,,,,,,,,1.659835892,0.828988,,,,,,,,,2.433835311,
76,1966-Q2,,1.364742357,,,,2.158665681,,,,,,,,,,,,,,,,0.986113,0.579058193,,,,,,,,,,,,,,,,,1.267952108,1.414156,,,,,,,,,0.341470466,
77,1966-Q3,,2.82533998,,,,-0.047768976,,,,,,,,,,,,,,,,1.014595,0.337293091,,,,,,,,,,,,,,,,,1.025950139,0.921142,,,,,,,,,0.846832571,
78,1966-Q4,,0.657981437,,,,1.239297635,,,,,,,,,,,,,,,,0.501806,-0.402021171,,,,,,,,,,,,,,,,,0.630105429,0.100383,,,,,,,,,0.820403429,
79,1967-Q1,,3.910860071,,,,-0.225331116,,,,,,,,,,,,,,,,1.049924,1.346890408,,,,,,,,,,,,,,,,,1.103358996,0.950957,,,,,,,,,0.885793314,
80,1967-Q2,,-0.141295055,,,,2.083321361,,,,,,,,,,,,,,,,0.758771,1.381711506,,,,,,,,,,,,,,,,,0.761975614,0.861645,,,,,,,,,0.061351469,
81,1967-Q3,,1.875484418,,,,0.315240174,,,,,,,,,,,,,,,,1.399424,0.413961415,,,,,,,,,,,,,,,,,1.322135888,1.205861,,,,,,,,,0.946076026,
82,1967-Q4,,0.866957422,,,,0.43564712,,,,,,,,,,,,,,,,1.041652,0.519933342,,,,,,,,,,,,,,,,,1.039801439,1.086341,,,,,,,,,0.753853322,
83,1968-Q1,,-0.892833651,,,,0.85242934,,,,,,,,,,,,,,,,1.990675,3.693652794,,,,,,,,,,,,,,,,,1.886205634,1.798099,,,,,,,,,2.039271039,
84,1968-Q2,,3.850408403,,,,2.688393446,,,,,,,,,,,,,,,,0.946811,-0.418142464,,,,,,,,,,,,,,,,,1.15839166,-0.040935,,,,,,,,,1.670373004,
85,1968-Q3,,1.318256187,,,,1.392807753,,,,,,,,,,,,,,,,2.141236,1.940917848,,,,,,,,,,,,,,,,,1.994214455,3.046689,,,,,,,,,0.774518561,
86,1968-Q4,,3.731738703,,,,1.384671595,,,,,,,,,,,,,,,,1.437096,0.393004424,,,,,,,,,,,,,,,,,1.563482272,1.599333,,,,,,,,,0.392774099,
87,1969-Q1,,-0.688363495,,,,1.369084169,,,,,,,,,,,,,,,,1.327681,-0.200801274,,,,,,,,,,,,,,,,,1.315727792,1.229556,,,,,,,,,1.564430669,
88,1969-Q2,,1.982251178,,,,0.411425337,,,,,,,,,,,,,,,,1.090327,0.754036198,,,,,,,,,,,,,,,,,1.171196331,1.467651,,,,,,,,,0.303353946,
89,1969-Q3,,1.65232358,,,,1.109424869,,,,,,,,,,,,,,,,1.073129,0.539092615,,,,,,,,,,,,,,,,,1.309013436,1.47857,,,,,,,,,0.659952355,
90,1969-Q4,,2.310618291,,,,1.413083388,,,,,,,,,,,,,,,,0.490353,0.46028381,,,,,,,,,,,,,,,,,0.698782991,0.679042,,,,,,,,,-0.48820905,
91,1970-Q1,,2.067537506,,,,0.618000976,,,,,,,,,,,,,,,,0.736492,-0.609790875,,,,,,,,,,,,,,,,,0.837039073,1.020349,,,,,,,,,-0.148891714,
92,1970-Q2,,2.021885535,,,,0.008329335,,,,,,,,,,,,,,,,1.095529,2.385745779,,,,,,,,,,,,,,,,,1.201445937,2.022374,,,,,,,,,0.141718415,
93,1970-Q3,,-0.20993495,,,,1.034916997,,,,,,,,,,,,,,,,1.424382,0.954667314,,,,,,,,,,,,,,,,,1.355864698,1.482028,,,,,,,,,0.921467385,
94,1970-Q4,,0.46816202,,,,0.151842137,,,,,,,,,,,,,,,,-0.194008,0.901226,,,,,,,,,,,,,,,,,0.07348167,0.876909,,,,,,,,,-1.071573173,
95,1971-Q1,,1.212876397,,,,-0.514427002,,,,,,,,,,,,,,,,0.969942,-0.465845629,,,,,,,,,,,,,,,,,0.899453663,-0.380771,,,,,,,,,2.716149226,
96,1971-Q2,,0.434171323,,,,2.919845718,,,,,,,,,,,,,,,,1.186836,1.792410241,,,,,,,,,,,,,,,,,1.217945728,1.573385,,,,,,,,,0.540816688,
97,1971-Q3,,3.126881315,,,,2.763535924,,,,,,,,,,,,,,,,1.268268,1.718762021,,,,,,,,,,,,,,,,,1.334471036,1.592155,,,,,,,,,0.822446825,
98,1971-Q4,,-0.316500211,,,,1.092959439,,,,,,,,,,,,,,,,0.415474,0.395068759,,,,,,,,,,,,,,,,,0.532329778,0.508033,,,,,,,,,0.234864641,
99,1972-Q1,,-1.193113667,,,,-0.334587909,,,,,,,,,,,,,,,,1.485137,0.1972002,,,,,,,,,,,,,,,,,1.539582916,1.071673,,,,,,,,,1.837215912,
100,1972-Q2,,2.227950785,,,,2.834911476,,,,,,,,,,,,,,,,1.850166,2.644358348,,,,,,,,,,,,,,,,,1.799543408,1.276185,,,,,,,,,2.269287506,
101,1972-Q3,,-0.506429914,,,,0.296709917,,,,,,,,,,,,,,,,1.238269,0.265853165,,,,,,,,,,,,,,,,,1.284302406,1.38993,,,,,,,,,0.944089632,
102,1972-Q4,,1.047502703,,,,2.348892248,,,,,,,,,,,,,,,,1.706228,1.563816072,,,,,,,,,,,,,,,,,1.754299615,1.526862,,,,,,,,,1.67443585,
103,1973-Q1,,2.595083585,,,,2.566523984,,,,,,,,,,,,,,,,2.513089,4.900587715,,,,,,,,,,,,,,,,,2.324840116,1.915949,,,,,,,,,2.474941731,
104,1973-Q2,,0.18962353,,,,0.953995394,,,,,,,,,,,,,,,,1.079885,0.186753038,,,,,,,,,,,,,,,,,1.102856626,1.072266,,,,,,,,,1.088743434,
105,1973-Q3,,0.999722862,,,,0.464961005,,,,,,,,,,,,,,,,0.109189,-0.926790776,,,,,,,,,,,,,,,,,0.37454746,0.85782,,,,,,,,,-0.525838329,
106,1973-Q4,,2.500334627,,,,1.844449189,,,,,,,,,,,,,,,,0.973179,-0.38279923,,,,,,,,,,,,,,,,,1.138118551,1.114171,,,,,,,,,0.949230841,
107,1974-Q1,,0.028075949,,,,0.827632743,,,,,,,,,,,,,,,,-0.84257,-2.782491637,,,,,,,,,,,,,,,,,-0.428906456,0.327399,,,,,,,,,-0.859705265,
108,1974-Q2,,-2.029386615,,,,1.025739182,,,,,,,,,,,,,,,,0.481993,1.440506212,,,,,,,,,,,,,,,,,0.466153823,0.560186,,,,,,,,,0.237697011,
109,1974-Q3,,1.185288827,,,,0.01921879,,,,,,,,,,,,,,,,-0.082058,0.597719977,,,,,,,,,,,,,,,,,0.025923034,0.242857,,,,,,,,,-0.945277385,
110,1974-Q4,,0.106012419,,,,-0.520988065,,,,,,,,,,,,,,,,-0.854107,-1.474113579,,,,,,,,,,,,,,,,,-0.612525132,-1.022889,,,,,,,,,-0.388405772,
111,1975-Q1,,0.383476945,,,,-0.544813179,,,,,,,,,,,,,,,,-0.780893,0.037560723,,,,,,,,,,,,,,,,,-0.518870479,-0.401543,,,,,,,,,-1.217634331,
112,1975-Q2,,3.166178504,,,,1.282923644,,,,,,,,,,,,,,,,0.511985,-1.624934293,,,,,,,,,,,,,,,,,0.535472362,-0.342546,,,,,,,,,0.714701189,
113,1975-Q3,,-1.109593826,,,,1.918505342,,,,,,,,,,,,,,,,1.255098,-0.297701086,,,,,,,,,,,,,,,,,1.104775487,0.631475,,,,,,,,,1.712044616,
114,1975-Q4,,-1.504194017,,,,1.157163082,,,,,,,,,,,,,,,,1.334626,1.123753217,,,,,,,,,,,,,,,,,1.368890175,1.602319,,,,,,,,,1.347092895,
115,1976-Q1,,4.438039594,,,,1.742666777,,,,,,,,,,,,,,,,1.692639,1.66647739,,,,,,,,,,,,,,,,,1.640482824,1.306685,,,,,,,,,2.249467623,
116,1976-Q2,,0.295325982,,,,2.156483453,,,,,,,,,,,,,,,,0.920534,-0.136114088,,,,,,,,,,,,,,,,,1.026226872,1.234444,,,,,,,,,0.733374038,
117,1976-Q3,,0.811778255,,,,0.461713212,,,,,,,,,,,,,,,,0.820816,1.237467893,,,,,,,,,,,,,,,,,0.885168006,1.033913,,,,,,,,,0.547407585,
118,1976-Q4,,0.866375611,,,,0.161577012,,,,,,,,,,,,,,,,0.986335,2.105030548,,,,,,,,,,,,,,,,,0.945957482,1.443187,,,,,,,,,0.722603571,
119,1977-Q1,,-0.542420198,,,,1.533829769,,,,,,,,,,,,,,,,1.115315,0.064125429,,,,,,,,,,,,,,,,,0.915149547,0.437953,,,,,,,,,1.186233148,
120,1977-Q2,,1.416999064,,,,0.510302318,,,,,,,,,,,,,,,,0.973937,-0.694914507,,,,,,,,,,,,,,,,,0.875719761,0.071961,,,,,,,,,1.941923522,
121,1977-Q3,,-0.43214897,,,,0.587798364,,,,,,,,,,,,,,,,0.927517,0.662267682,,,,,,,,,,,,,,,,,0.925262425,0.243722,,,,,,,,,1.803164972,
122,1977-Q4,,-0.307230899,,,,1.584637482,,,,,,,,,,,,,,,,0.710608,1.699268365,,,,,,,,,,,,,,,,,0.817688033,1.100008,,,,,,,,,0.00199278,
123,1978-Q1,,0.693399861,,,,0.863597549,,,,,,,,,,,,,,,,0.828506,0.935312171,,,,,,,,,,,,,,,2.200809978,,0.80613994,0.80571,,,,,,,,,0.31984214,
124,1978-Q2,,0.839830941,,,,0.680645726,,,,,,,,,,,,,,,,2.235903,1.145230354,,,,,,,,,,,,,,,1.040395293,,1.946594539,0.843474,,,,,,,,,3.864772684,
125,1978-Q3,,1.521146099,,,,0.932836265,,,,,,,,,,,,,,,,1.050737,1.363810024,,,,,,,,,,,,,,,0.774379337,,0.955309248,0.661298,,,,,,,,,1.005748755,
126,1978-Q4,,0.813239612,,,,0.948169861,,,,,,,,,,,,,,,,1.280108,0.879841316,,,,,,,,,,,,,,,0.085247568,,1.332379392,1.16284,,,,,,,,,1.344125421,
127,1979-Q1,,2.748946786,,,,0.797819177,,,,,,,,,,,,,,,,0.498557,-0.297012515,,,,,,,,,,,,,,,1.171455592,,0.576413624,0.271026,,,,,,,,,0.179593814,
128,1979-Q2,,-1.607989555,,,,1.326596172,,,,,,,,,,,,,,,,1.261342,4.356795427,,,,,,,,,,,,,,,1.907882515,,1.236928903,2.001046,,,,,,,,,0.106745288,
129,1979-Q3,,0.929461064,,,,0.733071541,,,,,,,,,,,,,,,,0.472897,-2.211139121,,,,,,,,,,,,,,,1.681146492,,0.448135656,0.013026,,,,,,,,,0.742804688,
130,1979-Q4,,1.924840125,,,,0.670926663,,,,,,,,,,,,,,,,0.571342,1.02374267,,,,,,,,,,,,,,,0.583793763,,0.679167646,0.96888,,,,,,,,,0.250045169,
131,1980-Q1,,0.470708042,,,,0.694332365,2.042255624,,,,,,,,,,,,,1.223865652,,0.33108,-0.94838063,,,,,,,,,,,,,,,4.056201293,,0.5898116,0.622986,,,,,,,,,0.314571154,
132,1980-Q2,,0.246076571,,,,-0.043713005,0.155429043,,,,,,,,,,,,,-0.805497999,,-1.217747,-1.974971828,,,,,,,,,,,,,,,-1.331129665,,-1.064556564,-0.776807,,,,,,,,,-2.060434864,
133,1980-Q3,,0.539253134,,,,-0.083091031,0.509564809,,,,,,,,,,,,,0.151198212,,0.254748,-0.116847168,,,,,,,,,,,,,,,-1.165515802,,0.311813174,-0.115187,,,,,,,,,-0.11885475,
134,1980-Q4,,1.715795825,,,,1.383645399,0.578180944,,,,,,,,,,,,,-0.156140825,,1.158784,-1.075948648,,,,,,,,,,,,,,,1.38816741,,1.158759377,0.213354,,,,,,,,,1.86492332,
135,1981-Q1,,0.374062783,,,,2.154351265,-0.039375679,,,,,,,,,,,,,0.371738073,,1.161808,-0.063529241,,,,,,,,,,,,,,,1.699425907,,1.054990445,0.209077,,,,,,,,,1.959422211,
136,1981-Q2,,1.556343578,,,,1.093360409,1.142981365,,,,,,,,,,,,,0.756103973,,-0.017229,0.232833329,,,,,,,,,,,,,,,0.268749003,,0.227466782,0.243588,,,,,,,,,-0.741075707,
137,1981-Q3,,2.017458778,,,,-0.899099935,0.347312782,,,,,,,,,,,,,0.671572082,,0.615464,1.093837754,,,,,,,,,,,,,,,-0.808965858,,0.645926837,0.452749,,,,,,,,,1.197502075,
138,1981-Q4,,-0.411463945,,,,-0.459901898,-0.375179808,,,,,,,,,,,,,0.602926319,,-0.263801,0.113377828,,,,,,,,,,,,,,,-0.01639873,,-0.055487112,0.304674,,,,,,,,,-1.089596732,
139,1982-Q1,,-0.798217932,,,,-1.144418136,-0.692227392,,,,,,,,,,,,,0.756381721,,-0.354126,0.191014035,,,,,,,,,,,,,,,0.541429074,,-0.303038044,0.379448,,,,,,,,,-1.553644642,
140,1982-Q2,,0.888045338,,,,-1.151291383,-0.650736168,,,,,,,,,,,,,0.708618401,,0.297584,1.050458163,,,,,,,,,,,,,,,0.006706495,,0.254517461,0.003086,,,,,,,,,0.456177128,
141,1982-Q3,,-0.659773928,,,,-0.886813665,-0.527921838,,,,,,,,,,,,,-0.058157688,,-0.240382,0.224462706,,,,,,,,,,,,,,,-0.019211913,,-0.158153106,-0.091395,,,,,,,,,-0.382266836,
142,1982-Q4,,-1.60944435,,,,-0.922796955,-0.303423401,,,,,,,,,,,,,0.59876687,,0.317473,0.690109301,,,,,,,,,,,,,,,0.206839668,,0.193965612,0.306322,,,,,,,,,0.040008788,
143,1983-Q1,,-0.96291999,,,,1.634267065,0.829703547,,,,,,,,,,,,,0.384400625,,0.956621,1.930146719,,,,,,,,,,,,,,,2.807466315,,0.805291434,0.736551,,,,,,,,,1.31779041,
144,1983-Q2,,-0.204748635,,,,1.972771607,0.087824096,,,,,,,,,,,,,0.054686235,,1.356875,0.693424968,,,,,,,,,,,,,,,0.707555055,,1.094411847,0.543627,,,,,,,,,2.275520245,
145,1983-Q3,,2.803241007,,,,1.123439591,0.517677324,,,,,,,,,,,,,0.160533496,,1.388028,1.154109219,,,,,,,,,,,,,,,0.890417182,,1.32649035,0.685048,,,,,,,,,1.998954608,
146,1983-Q4,,1.688909759,,,,1.243210478,0.437203703,,,,,,,,,,,,,0.622333147,,1.548036,0.747341599,,,,,,,,,,,,,,,0.024246119,,1.430791416,1.158188,,,,,,,,,2.086182628,
147,1984-Q1,,2.446422199,,,,1.731993046,1.010595472,,,,,,,,,,,,,0.445254022,,1.355004,0.838231554,,,,,,,,,,,,,,,3.745636757,,1.454699104,0.797497,,,,,,,,,1.954790342,
148,1984-Q2,,1.167877229,,,,1.940640467,0.520184155,,,,,,,,,,,,,0.47601418,,0.886008,-1.0032613,,,,,,,,,,,,,,,0.397539992,,0.664250715,-0.36399,,,,,,,,,1.727761586,
149,1984-Q3,,0.921997306,,,,0.429949956,1.618192911,,,,,,,,,,,,,0.646448158,,1.161246,0.732824968,,,,,,,,,,,,,,,1.859310767,,1.229985841,1.395242,,,,,,,,,0.964010047,
150,1984-Q4,,0.603029193,,,,1.560682803,0.845069716,,,,,,,,,,,,,-0.092135756,,0.688733,1.810128005,,,,,,,,,,,,,,,1.347364023,,0.603737803,0.643312,,,,,,,,,0.820772945,
151,1985-Q1,,1.475098365,,,,1.536397114,1.304406972,,,,,,,,,,,,,0.250675471,,0.973795,0.960221372,,,,,,,,,,,,,,,3.017352433,,0.998371103,0.353579,,,,,,,,,0.968979228,
152,1985-Q2,,2.234540781,,,,0.321648526,0.655472053,,,,,,,,,,,,,0.831749144,,1.191853,2.139693519,,,,,,,,,,,,,,,-0.888321303,,1.081553765,1.063864,,,,,,,,,0.880473573,
153,1985-Q3,,1.282482671,,,,1.269493817,0.173055277,,,,,,,,,,,,,0.572159285,,1.201986,-0.019740826,,,,,,,,,,,,,,,1.870634306,,1.134749009,0.815147,,,,,,,,,1.527271423,
154,1985-Q4,,-0.279541722,,,,1.524600169,0.863876138,,,,,,,,,,,,,0.505045195,,0.781852,0.055218296,,,,,,,,,,,,,,,0.627318384,,0.813811381,0.726002,,,,,,,,,0.743449145,
155,1986-Q1,,0.691532651,,,,-0.050673397,0.397947567,,,,,,,,,,,,,0.308874332,,0.564756,1.049572044,,,,,,,,,,,,,,,2.5620946,,0.43492775,0.310417,,,,,,,,,0.93374763,
156,1986-Q2,,-0.183866973,,,,0.574750312,0.709904749,,,,,,,,,,,,,1.097261435,,0.514887,0.887073551,,,,,,,,,,,,,,,-0.878449632,,0.652618035,1.084834,,,,,,,,,0.450296355,
157,1986-Q3,,0.263759784,,,,0.125735895,0.035565252,,,,,,,,,,,,,0.542764554,,0.780403,0.626974675,,,,,,,,,,,,,,,1.68272614,,0.691358945,0.67097,,,,,,,,,0.956668037,
158,1986-Q4,,1.64971143,,,,-0.723892076,-0.077682127,,,,,,,,,,,,,0.124897372,,0.645044,1.925936069,,,,,,,,,,,,,,,0.35615843,,0.605783404,0.786386,,,,,,,,,0.53639288,
159,1987-Q1,,0.991975914,,,,2.311401978,0.029011769,,,,,,,,,,,,,0.082351102,,0.21907,0.700222318,,,,,,,,,,,,,,,0.366907168,,0.307786429,-0.267637,,,,,,,,,0.741844935,
160,1987-Q2,,1.593654825,,,,1.281026782,0.78229714,,,,,,,,,,,,,1.488676168,,1.485124,1.484733358,,,,,,,,,,,,,,,1.421037622,,1.656646982,1.778761,,,,,,,,,1.078177644,
161,1987-Q3,,1.801418311,,,,1.527856089,1.160588291,,,,,,,,,,,,,0.672619761,,1.132735,2.462767389,,,,,,,,,,,,,,,-1.699214425,0.539651907,1.108076745,1.071859,,,,,,,,,0.867178025,
162,1987-Q4,,2.023540506,,,,1.291886418,0.798226564,,,,,,,,,,,,,1.474789609,,1.716859,1.139161621,,,,,,,,,,,,,,,1.170868206,0.454997867,1.803621945,1.735481,,,,,,,,,1.716956865,
163,1988-Q1,,0.405924492,,,,1.456990551,0.435274131,,,,,,,,,,,,,1.284047198,,0.938771,1.621082836,,,,,,,,,,,,,,,-0.168177283,-0.389242746,0.830025078,0.403714,,,,,,,,,0.516882541,
164,1988-Q2,,0.103784892,,,,0.887376092,0.553552126,,,,,,,,,,,,,0.875142412,,0.946201,0.518365721,,,,,,,,,,,,,,,-0.99403491,-0.468916519,0.717556271,0.761929,,,,,,,,,1.314032279,
165,1988-Q3,,0.796883608,,,,0.014849555,1.076467766,,,,,,,,,,,,,1.26549596,,1.06607,1.250199594,,,,,,,,,,,,,,,0.544990225,0.228424584,1.039916327,1.116192,,,,,,,,,0.585969645,
166,1988-Q4,,1.629798588,,,,0.686248083,1.917449458,,,,,,,,,,,,,0.82491291,,1.148331,0.802537279,,,,,,,,,,,,,,,0.092575121,-0.872444983,1.160942096,0.901195,,,,,,,,,1.332456056,
167,1989-Q1,,0.935434285,,,,1.15546661,0.458756396,,,,,,,,,,,,,1.300850916,,1.264974,0.484989657,,,,,,,,,,,,,,,-0.053461287,1.27168876,1.231506979,0.938762,,,,,,,,,1.016394951,
168,1989-Q2,,2.174898052,,,,0.388999379,1.573872972,,,,,,,,,,,,,1.115651642,,0.331894,0.623061043,,,,,,,,,,,,,,,0.7585838,0.581745947,0.408660474,0.600987,,,,,,,,,0.763099657,
169,1989-Q3,,0.836002299,,,,0.361042659,0.601303534,,,,,,,,,,,,,1.126736093,,0.925314,0.164757863,,,,,,,,,,,,,,,0.628563824,-1.125022042,0.995219161,0.889835,,,,,,,,,0.740735625,
170,1989-Q4,,-0.275678405,,,,-0.199034712,1.250615356,,,,,,,,,,,,,1.341076098,,0.927886,-0.014017141,,,,,,,,,,,,,,,0.453581638,-0.192609502,0.946189881,1.02458,,,,,,,,,0.196981055,
171,1990-Q1,,0.773380046,,,,0.961690311,2.116940401,,,,,,,,,,,,1.34521794,0.21167909,,0.750062,0.508121068,,,,,,,,,,,,,,,0.444155093,-0.16796512,0.941228437,1.17252,,,,,,,,,1.092882045,
172,1990-Q2,,0.138982872,,,,-0.401218185,0.30052948,,,,,,,,,,,,-1.346014795,0.537258299,,0.871034,0.672931036,,,,,,,,,,,,,,,0.696126867,-0.017898693,0.934443136,0.629017,,,,,,,,,0.36297003,
173,1990-Q3,,-0.538165221,,,,-0.716674548,-0.415791459,,,,,,,,,,,,-2.184698653,0.649795676,,0.513274,-1.097937867,,,,,,,,,,,,,,,-0.636243873,0.912996778,0.385341834,0.090655,,,,,,,,,0.066581679,
174,1990-Q4,,0.551654557,,,,-0.890402907,-0.324933532,,,,,,,,,,,,-0.544684285,-0.048019879,,-0.359198,-0.507175939,,,,,,,,,,,,,,,1.725892709,1.167287564,0.216766271,1.143431,,,,,,,,,-0.910404557,
175,1991-Q1,,-1.256261076,,,,-1.438612374,0.274633536,,,,,,2.718686023,,,,,,-1.941466242,0.263117759,,0.272308,-0.492520244,,,,,,,,,,,,,,,1.623448299,-2.423370976,0.070313108,0.2137,,,,,,,,,-0.467940645,
176,1991-Q2,,-0.181105234,,,,0.479959225,-1.107734267,,,,1.047498509,,-0.43797429,,,,,,-1.21749409,0.369289494,,0.580173,-0.115509454,,,,,,,,,,,,,,,0.337689176,-0.679294109,0.659929272,0.295951,,,,,,,,,0.779689057,
177,1991-Q3,,0.43839665,,,,0.132626462,-0.129414124,,,,0.522812022,,-0.184476234,,,,,,-2.055163336,0.405390693,,0.226028,-0.195436726,,,,,,,,,,,,,,,-0.158075668,0.322067019,0.339887142,0.321881,,,,,,,,,0.505358687,
178,1991-Q4,,0.068251574,,,,0.175721575,0.276657673,,,,4.207583034,,1.407451232,,,,,,-1.157570019,0.482572593,,0.535863,0.123690675,,,,,,,,,,,,,,,0.474004798,0.645673268,0.608310587,0.613436,,,,,,,,,0.348544845,
179,1992-Q1,,0.779252604,,,,0.070586748,0.825346591,,,,1.740280255,,1.412418178,,,,,,0.293554168,0.71522495,,0.776498,-0.034717903,,,,,,,,,,,,,,,2.628761006,0.297469715,0.860001755,0.975573,,,,,,,,,1.19725221,
180,1992-Q2,,0.725812334,,,,0.113964563,-0.189203862,,,,2.227561677,,-0.608234087,,,,,,-1.099916813,0.112287906,,0.428194,-0.155127155,,,,,,,,,,,,,,,0.336203329,0.010720029,0.304606963,-0.508723,,,,,,,,,1.084303276,
181,1992-Q3,,0.986123461,,,,0.541657502,-1.00966103,,,,4.216138582,,-0.264255506,,,,,,-0.834890966,-0.114992705,,0.43546,0.475670098,,,,,,,,,,,,,,,0.846424929,-0.771759325,0.469277482,0.128493,,,,,,,,,0.988110187,
182,1992-Q4,,2.080478088,,,,0.569768536,-0.731045929,,,,-0.964202642,,-0.29284497,,,,,,-0.738250817,0.018967921,,0.356803,0.770566717,,,,,,,,,,,,,,,-0.464557352,1.260262135,0.307211249,-0.124312,,,,,,,,,1.042855599,
183,1993-Q1,,0.69197805,,,,0.634920635,-0.136128756,,,,2.980448588,,-0.783255687,,,,,,0.151913156,-0.540271973,,0.191648,0.500144575,,,,,,,,,,,,,0.2466212,,0.603115965,1.639285968,0.21897036,-0.220062,,,,,,,-1.312044702,,0.166943722,1.285733289
184,1993-Q2,2.852959296,0.574817341,,,,0.910890816,1.107595013,,,,0.930704022,,0.042292135,,,,,,-0.218043925,0.004748092,,0.203431,0.446095384,,,,,,,,,,,,,0.026632503,,1.109727444,2.211104503,0.41872504,0.511278,,,,,,,0.886271633,,0.582170944,0.682763862
185,1993-Q3,2.010235835,0.128334579,,,,0.956348976,0.337139847,,,,2.052045009,,0.563616987,,,,,,0.60488979,0.122494969,,0.244444,0.915737411,,,,,,,,,,,,,1.165246437,,1.281503013,2.029779223,0.393938405,0.485536,,,,,,,0.669545174,,0.477154823,1.282386428
186,1993-Q4,0.8054548,1.824788019,,,,0.427742752,0.41319703,,,,1.25687799,,-0.070061128,,,,,,0.724021784,0.263109358,,0.850516,0.680922097,,,,,,,,,,,,,0.628178907,,2.30438635,0.935990338,0.843700015,0.42086,,,,,,,0.374727017,,1.360149303,0.853492158
187,1994-Q1,1.421339214,1.662433094,,,,1.474477573,0.63575107,,,,-0.187152161,,1.391677277,,,,,,0.665687408,0.678724528,,0.974039,0.985027801,,,,,,,,0.882695552,,,,,0.988728188,,1.024455103,1.52557583,0.935339575,0.705809,,,,,,,1.18668202,,0.970362988,-0.047133474
188,1994-Q2,2.06825957,1.196504927,,,,1.45985462,-0.976812475,,,,2.967772373,,0.580837173,,,,,,0.875504502,1.003435029,,0.837996,0.916546202,,,,,,,,-0.532699025,,,,,2.286095613,,1.494512954,0.661297715,0.58794602,-0.014855,,,,,,,1.205786352,,1.355182631,0.975661962
189,1994-Q3,0.252390576,0.757252873,,,,1.282038704,1.008617923,,,,0.748682093,,0.57747656,,,,,,2.299027453,0.903235693,,0.784126,1.010383201,,,,,,,,1.145657501,,,,,0.557929958,,-0.878995391,1.710680369,0.900095053,1.053992,,,,,,,0.817579913,,0.584584555,1.124515257
190,1994-Q4,1.240934576,1.115126409,,,,0.726422352,0.566913467,,,,-0.353225455,,1.12098091,,,,,,2.530160354,0.942651715,,0.771709,0.434655286,,,,,,,,-0.397704656,,,,,1.077458327,,2.544539436,1.323783334,0.962255833,1.06778,,,,,,,1.78284471,,1.145570156,1.858295375
191,1995-Q1,-1.543121762,-0.089438019,,-0.228215761,,0.918809755,-0.482506089,,,,3.505924844,,-0.402211258,0.644163158,,1.093688572,,,-0.839201878,0.472548244,,0.490199,0.514577444,-0.19169573,,,,-3.048646007,,,1.093861507,,,1.21293726,,-4.599041414,,0.888668472,1.205503661,0.401939972,0.571019,,0.176339281,,,2.609283725,,1.348535285,,0.354780508,0.24994674
192,1995-Q2,-3.790303996,0.466360332,,0.509610605,,0.042484763,0.206841958,,,,-0.54492799,,0.814440502,-0.402144854,0.770371,0.659129231,-0.996063592,0.747273,2.675031071,0.655686021,,0.458349,0.210310308,1.074189196,-0.215118956,,,2.425901146,2.133115945,,0.960308545,,2.565857761,1.076064818,-0.122200607,-6.03484765,,0.560897339,1.278453383,0.3272057,0.632096,1.842738758,1.152760707,,,1.550792789,0.518497173,0.684783566,,0.298322846,0.287484075
193,1995-Q3,-0.386299513,2.313073283,,0.771246562,,0.132162786,0.603356135,,,,-0.012770165,,0.175031675,0.372017588,0.236106,0.442668403,-0.373303579,0.283218,-0.432301574,0.15627681,,0.756617,1.114744432,0.547360943,-0.0374634,,,-0.759533203,1.097396923,,1.166568465,,-0.105741974,1.034639856,-1.47504852,2.13819839,,1.519451647,0.926724138,0.881572232,0.618708,2.79973181,0.462809254,,,0.438748472,0.331528168,0.259346791,,0.850725502,0.663462949
194,1995-Q4,0.766784665,-0.017558091,,0.289011858,,0.40357518,-0.232838363,,,,0.433765192,,0.040325666,0.654295147,0.212743,0.757009395,1.073413794,0.23702,0.060784995,-0.039506522,,0.440909,0.316236756,0.786707106,-0.415053379,,,0.42508457,0.656316102,,0.243038394,,2.425612631,0.872849744,0.44993575,2.288916489,,0.802007444,0.677221561,0.564608653,0.361484,1.187177449,0.691882266,,,1.798218824,0.310329088,1.044147039,,0.679082051,0.336366655
195,1996-Q1,2.749659958,1.560837176,0.659975077,-0.446835076,,0.145116796,0.421605741,,,,-0.042566958,2.417756778,-0.705292393,0.282455035,0.185534,0.574906474,0.976664147,0.330964,1.773265064,0.695138587,,0.509898,0.669587414,-0.135580908,0.862815661,,,3.979153653,1.228012592,0.009266072,0.834495235,,0.779508818,1.206212298,-0.248090872,2.341666918,0.168696337,2.71808721,1.408962822,0.71938201,0.42267,2.128164449,0.660164489,,,1.569947563,0.786793919,0.72198963,,0.749050123,1.852498307
196,1996-Q2,2.228766023,0.636319308,0.767333887,0.758075775,1.273735913,0.711918285,-0.30736996,0.994936771,,,0.012080935,0.604945374,1.393578033,2.562218318,0.779871,0.691309619,1.711415235,0.767937,0.793019158,0.192828387,,1.211753,0.307105959,-0.07970782,-0.79318485,,,0.386212882,1.890647408,0.166945861,1.263732885,,-0.637293959,-6.90162697,0.016867829,1.060600229,1.439739431,-0.088437737,0.881438986,1.154880711,0.671552,2.007981536,1.364041202,,,1.045291309,0.726543999,-0.833914725,,1.667944102,1.19135893
197,1996-Q3,2.296677959,0.789682581,0.613972361,0.536744154,3.46512046,0.839886836,-0.073628704,0.996914239,,,1.650965504,0.571799273,0.346946052,0.178386736,0.486189,0.820289484,3.134106205,0.462552,0.527339895,0.386020355,,0.608544,0.92242232,0.776338319,-0.195037406,,0.48898,-1.753254829,1.349441178,0.197761396,0.1205514,,3.529596373,7.763692351,3.193339375,1.472037784,1.453691842,2.148857869,0.651600865,0.70915588,0.575514,1.103082497,1.366801304,,,2.403464661,1.301288784,0.609376221,,0.897033741,1.191484164
198,1996-Q4,1.822265983,0.950218376,-0.003193385,0.794877567,-0.741283674,0.792291038,0.422216535,1.433250697,,,1.463739105,0.006507481,0.904255564,0.023987177,0.554625,0.497520023,2.09100223,0.461651,1.980475763,0.384653155,,0.903486,1.395489938,0.610308969,1.2554454,,1.58557,2.523850558,1.600549844,-0.344125936,1.116267588,,0.6681916,1.452547819,4.816547954,3.169280851,0.602760334,-1.046452786,1.303592973,0.999648146,0.688957,-3.44018654,0.214338655,,,1.865484716,1.456730882,0.940960691,,1.03836953,0.938171466
199,1997-Q1,2.100205284,0.700129691,1.278019598,0.956604167,1.010249698,1.339911843,1.137068493,2.267707579,,,0.03131426,-0.578899782,-0.47436845,1.364522565,0.279177,0.997193497,3.609641505,0.413544,1.160807614,0.426885772,,0.505123,1.598248831,0.687008894,0.88333122,,0.75236,4.014302767,1.193010229,0.288394593,0.243379488,,2.015038383,0.372554168,-0.714310834,0.354054584,0.825989688,3.614595508,-0.371812003,0.630851491,0.760742,6.173607446,1.656886293,,,0.850296299,0.926189231,0.624064079,,0.645443199,0.46421678
200,1997-Q2,1.487513881,2.995696956,-0.265677735,1.514589166,0.553700408,1.125352076,0.206548835,2.081233855,,,2.891183409,-0.178550719,1.125533836,1.578922086,1.219819,0.902231546,4.157707353,1.203348,1.596149663,1.049612486,,1.073137,1.129364742,1.506054986,1.03719012,,0.40985,0.64586278,0.085972342,1.582808926,-0.727948753,,2.376916734,1.335904406,5.53003481,2.351176041,1.257696671,1.550650845,1.956382296,1.289350978,1.290221,1.388000671,0.910816347,,,1.395287956,1.942796523,1.384222208,,1.665217831,0.627410873
201,1997-Q3,2.517217344,0.139371461,0.806266673,0.90882677,1.077825809,1.18550429,1.103686062,2.258983605,,,1.061419276,-0.526947844,0.353542353,-0.437620184,0.78728,1.110013943,2.727313848,0.740767,2.365977036,0.994352986,,0.860055,0.856915304,1.47179733,0.869257497,,1.19283,-1.188903123,0.133562952,0.467943222,0.18840461,,3.426810126,1.188405437,1.023009622,2.093318998,1.491428432,-0.069784196,-0.228774057,0.912900286,0.738918,0.365227224,1.328276029,,,1.60321751,0.807621419,0.710041178,,1.248568975,0.099423795
202,1997-Q4,1.351457572,1.424292975,0.970980833,0.553438022,1.025369743,0.966392765,0.684240233,2.128630587,,,3.054090467,-0.328991113,0.743728178,0.294503246,1.039507,1.404552281,3.213636201,1.027067,2.972782179,0.988207797,,0.808705,1.509995484,0.819220189,0.823314584,,1.60086,2.871040891,1.779182816,1.480611279,0.037044025,,1.921748903,1.224741468,-0.139808696,2.82060509,1.141182277,0.915575325,-0.171973975,0.933754299,1.199411,1.72876831,0.587575492,,,-0.635721772,0.522569067,1.718714704,,0.853860273,0.013815329
203,1998-Q1,0.517421564,0.627442682,1.297981903,0.244711441,-1.976508768,1.411990072,1.033432707,0.803326686,,,2.428988046,-0.09618062,0.984394024,1.52771062,0.698247,0.842093037,0.730692963,0.726034,-0.802356287,0.958484327,,0.50253,0.735379918,1.281469213,0.80058116,,1.63007,-2.416503755,1.870479692,-0.505216156,-1.229146352,,1.667387014,0.860891152,4.738892466,1.530075977,1.399833161,1.571006643,-0.528295386,0.460775169,0.853934,1.95084918,1.516332104,,,1.774060675,0.615425274,0.491133703,,1.003753132,0.262703844
204,1998-Q2,1.959505358,1.024667206,0.962368256,0.321835414,1.629128672,0.052954114,1.083534506,1.696357568,,,0.033907535,0.303452248,-0.461722236,-0.797160909,0.40539,1.098057283,-0.545817935,0.397469,1.986280332,0.716077,0.36551,0.450715,0.611037775,0.267499476,1.557475339,,1.31074,9.863545302,-0.571461722,0.600603124,-0.420868152,,2.174282264,3.611465819,0.895940116,0.725266864,0.719922506,0.733778149,0.531101169,0.448976039,0.390395,0.003289632,1.431442178,,,-0.080359185,0.531566486,1.109616865,-0.796542956,0.92568788,0.141425317
205,1998-Q3,-0.304614298,1.858556678,0.184593143,0.33159921,-0.088156724,0.911198725,-0.008672963,-0.671693751,,,0.746275973,0.080351602,0.463862505,1.663935431,0.551732,0.952738113,-0.027130202,0.622129,1.357795402,0.517227801,0.65917,0.770812,0.332206789,0.159944454,0.92335134,,1.81475,-0.278956034,1.107697642,0.076802001,0.172906831,,0.952536921,1.851065831,3.110438712,0.491417702,0.873135702,-1.166118171,0.091877458,0.698113238,0.368414,0.974596276,1.18065441,,,-0.933991545,0.816205498,0.948946878,-1.407074898,1.258940271,-0.219033432
206,1998-Q4,-2.549266052,1.55402874,0.89929899,0.222188062,-1.004342848,1.354959227,-0.189351936,-3.23674085,,,2.457457079,-0.007403997,-0.025647105,0.657514095,0.281818,1.042494463,-1.907319871,0.324878,0.906277083,0.68554403,0.83531,1.015575,0.664604321,0.416395745,0.018476083,,1.31071,3.446143916,0.430933881,-0.313315827,0.804144473,,-0.047960158,0.627946412,-8.047659168,0.184725741,0.794473189,0.330449893,0.995381659,0.884068275,0.32741,0.325814416,0.843786272,,,7.576944577,0.909857022,1.218879301,-0.258688159,1.609196571,0.096284366
207,1999-Q1,-1.245853391,0.750946687,0.876784676,1.023763537,0.163934018,1.805546006,0.11167452,0.019194374,,,-0.345442417,0.023601987,1.186675901,0.824498865,1.007586,0.985201042,-0.726103243,0.956259,1.62695394,0.688044134,0.98813,0.544369,0.665203741,0.802034625,0.02654412,,1.62415,-0.290139921,0.085164601,0.482240151,-1.387111749,,-1.556476032,2.846784292,5.801433579,0.865214348,1.894954196,1.253024052,1.161667803,0.645580733,0.788554,0.795082862,1.250589394,,,-3.504949871,1.241879303,0.854969118,-1.685820218,0.939433749,0.961068944
208,1999-Q2,-1.129907359,0.413074332,1.00057628,1.351963711,0.411583625,0.824757342,0.65761862,0.272836528,,,1.974934407,0.46198085,-0.126790603,0.445721958,0.494917,1.146098794,0.897399399,0.516629,0.516733472,0.648444927,0.90765,0.589256,0.482453554,0.703652049,1.085640044,,2.58223,-2.643720666,3.257571438,0.388930805,0.395424206,,0.552773987,2.04011448,-1.388606511,0.746386164,1.015298211,0.02937327,0.797372041,0.72690467,0.488568,2.125107859,0.525545323,,,-1.803377687,4.411079004,0.469049751,-0.563715666,0.834742896,0.795890222
209,1999-Q3,-0.288150498,1.071383365,1.493426246,1.489723581,0.102330138,1.567445313,0.580856701,2.109523192,,,0.943743588,0.908429396,1.345691309,0.423754097,1.303688,1.360463633,0.970408599,1.281564,0.516479293,1.473037182,1.20572,1.220629,1.629413974,0.664351197,1.902274298,,1.24533,0.949033174,0.366678805,1.040087332,0.528693662,,-1.768376638,2.748753206,3.678820587,0.936198486,1.356106185,1.324521865,2.785437732,1.204016244,1.179441,2.00420988,0.966451025,,,-0.713149566,-2.166208395,1.341811281,-1.686618055,1.32588323,1.091897244
210,1999-Q4,1.672821014,1.716318443,0.892065162,1.179803347,1.37307283,1.40094457,2.394431358,2.634063267,,,1.561320607,1.208207918,0.476006835,1.776696669,1.026731,1.110262058,2.630917168,1.042772,0.826900557,1.416269428,1.35145,1.206643,1.439957492,1.636826634,1.125101673,,1.65076,4.568502923,1.970116578,1.480650405,0.035999379,,-0.067307738,-0.336501355,2.741735985,1.015972234,1.200929937,1.116835585,1.219479147,1.301085792,1.27287,1.527444019,0.593802601,,,-0.543668328,1.414015831,1.344875593,2.987420294,1.640667087,1.099982162
211,2000-Q1,-0.340002407,0.382557713,0.006910761,0.686431063,1.089361334,1.565720708,0.650374142,0.944780385,,,0.924712442,1.341584264,1.580150666,0.690366217,1.338347,1.57953232,3.824359557,1.292266,2.996041622,0.983252487,1.30916,0.927758,1.240511691,0.244244496,0.864391411,,2.09953,-0.202623366,1.230096795,1.228285279,1.722495076,1.74347022,2.085198163,5.279196688,1.196008791,2.080585793,0.96305456,2.182466339,1.456453642,1.044345611,1.247328,0.711387531,2.282683853,,,0.973492509,1.406724902,0.332376898,1.574851379,0.362793409,1.168839972
212,2000-Q2,-1.60889246,0.980054318,1.235917813,0.702927173,1.334803807,1.176951374,0.441762371,0.221694277,,,0.175560123,0.937690161,0.773194211,1.120905156,0.868852,1.263933687,2.468104845,0.961159,0.770947921,1.066881851,1.2358,1.246383,0.738966122,1.405231422,0.95658256,,0.13491,0.771091769,3.661199823,0.658934354,0.449755309,1.54072843,1.381794718,-1.286388528,-0.329802067,1.251826338,1.036668246,-0.93719802,0.031666447,1.262264066,1.043279,1.093432189,-0.663092916,,,0.899583494,1.039690403,2.785784582,3.893370357,1.821287813,0.919990786
213,2000-Q3,-0.255185082,0.253046682,1.194811122,0.501352989,1.373682185,1.02505509,1.014889016,1.55589961,,,0.882065758,1.211673684,0.060896393,0.16898917,0.656832,1.019962745,1.236471309,0.626481,1.550653147,0.78184513,0.8006,0.269012,0.639312231,1.624959409,0.896139383,,1.32769,3.166966795,3.170805394,0.904198004,0.024453945,2.74589115,1.118362499,1.635131435,2.890978214,1.084257457,0.837732794,0.626607664,0.390429208,0.525720726,0.742435,0.323998901,1.592696241,,,0.508417374,1.067986098,1.033795146,1.489316422,0.101932586,0.990394283
214,2000-Q4,0.306858135,-0.373852265,0.752847043,0.977661783,1.135809466,0.197776532,1.296666454,1.173626284,,,0.801719954,0.371215701,-0.425999798,1.629588322,0.478539,1.070415545,2.218011711,0.532068,1.146917939,0.562284497,0.71522,0.556291,0.612175163,1.305936767,1.900623254,,0.04189,-0.843245457,0.219425813,0.968959246,0.973792153,-0.332208918,1.827132543,0.465935959,-0.509325446,-1.109644561,1.047953691,0.025453085,0.181316516,0.525920885,0.63706,1.876174642,0.565362866,,,0.473686666,0.648169409,0.053133541,1.436633405,0.597038793,0.850954686
215,2001-Q1,0.163646159,0.935821522,-0.232348735,0.03915098,0.224151475,0.562892178,-0.206322755,0.696726562,,,1.451741985,1.301447367,2.154390815,-1.559346436,1.105272,1.015479824,1.367885313,0.989432,0.482468817,0.57700166,0.49547,0.377472,0.933515935,1.612074973,0.675548956,,0.54066,0.032117079,-0.958394255,0.786857911,0.733594444,1.005950101,2.636347433,1.7205382,2.288229719,0.61964054,0.487804675,1.510494738,0.338369531,0.308673387,0.607966,-0.393112776,-0.358310612,,,0.602409943,0.609456806,0.122360215,-5.125129608,-0.327798808,0.614511833
216,2001-Q2,-0.829817774,0.897024358,-0.214117528,0.005777688,-0.361029629,0.31448597,0.413948742,0.968738716,,,0.209654336,0.107524694,-0.28718382,0.650245987,0.058274,0.777314974,0.110922921,0.040441,0.081869275,0.050993,0.4299,0.187783,0.423876945,-0.250844608,0.804593118,,2.08137,3.158387012,-0.841784634,-0.066781986,-0.744275937,1.507891462,-0.116108291,-1.180099825,4.307263605,-0.735988835,0.344720778,-0.114666322,1.411653988,0.134650268,-0.117755,-0.292408207,1.055358629,,,0.999746478,0.821338617,-0.49230617,-4.844038717,0.62450293,0.499704416
217,2001-Q3,-4.645878876,1.160853396,0.224977433,-0.152609347,-0.43235345,-0.070291492,0.057434617,-0.23509538,,,1.259026202,0.410915086,-0.012008399,0.667026538,0.197865,0.961342553,2.052710633,0.258581,0.672105414,0.518575193,0.20337,-0.319046,0.521300205,1.795635696,0.885821791,,1.23686,-2.184195547,-1.093653239,-0.385121268,-1.085801397,1.273614314,2.231767757,1.505558701,-2.238227219,-0.213127947,0.191939101,0.794272454,0.744979764,-0.074662902,0.344232,0.478516174,0.200760957,,,0.316008722,0.542162344,0.842701937,1.251785772,-0.400639195,0.265747943
218,2001-Q4,-5.694872931,1.180977328,0.404525157,-0.100985289,-0.484328455,0.5997524,-0.430810708,0.624600337,,,0.472815953,0.705637428,-0.300047022,0.506276507,-0.044313,0.636302608,1.496338087,0.018286,-0.314044142,-0.432129667,0.35492,0.048844,0.300422496,0.694186741,0.745009353,,2.29588,6.331164983,-0.379099635,-0.144562453,-0.344740373,1.519969154,2.200550334,2.475263504,3.361789366,-0.849606164,0.078310864,0.563144662,1.478941712,0.121198281,0.00064,-0.069000575,1.404615134,,,2.188504868,0.544678753,0.513486035,-1.682896271,0.274775448,0.769322925
219,2002-Q1,-4.931018536,0.78970248,1.095476857,0.838205563,2.552564314,1.462187363,0.089463023,0.837434434,,,0.52194598,-0.082944794,-0.424314576,-0.705703002,0.203468,0.47267489,0.787336861,0.235826,0.687345788,0.578081682,0.81574,0.512902,0.279237987,0.906658488,2.303154611,,0.8071,-6.624459896,0.860571244,0.124890643,0.164673416,2.78557166,0.543895633,0.400008052,0.372623979,-0.626398232,-0.177983033,-0.11422271,0.857286939,0.595656579,0.394958,0.633909347,0.229394515,,,0.379222052,1.212576941,0.843556476,3.777582554,0.836358656,1.08600902
220,2002-Q2,0.423986148,1.71888263,0.114246785,0.840883475,0.345993921,0.590842968,0.253320322,0.813458395,,,1.785671983,0.502634942,0.350582442,0.174341443,0.498602,0.838258475,3.528379146,0.526673,0.912392788,0.507558106,0.95908,0.573633,0.481387912,2.388906081,0.523942725,,0.62376,3.849786694,0.023544087,0.276455629,0.809011839,1.90357915,2.60507839,1.81180261,4.181338289,1.056171988,0.166674274,1.337575671,1.32,0.778125044,0.710321,0.665747624,-0.55604336,,,0.946866996,0.314659247,1.000920364,4.316415446,0.612706584,1.268859181
221,2002-Q3,0.074497309,0.243843626,0.050841723,0.572393359,1.253182748,0.864710004,-0.063856967,1.089337165,,,0.802924197,0.574396578,0.686661654,0.435477138,0.445023,0.560252376,2.036070746,0.435742,-0.212484552,0.37955455,0.81898,0.446539,0.715731312,0.736103101,0.899583924,,0.59356,-0.474432139,0.068095469,0.174426447,0.32333957,1.857291975,1.566265025,-1.450028498,1.087762928,0.9492582,0.080256987,-0.96237452,1.191768654,0.51727802,0.510995,0.952883015,-0.528098525,,,2.184305189,0.914691504,-0.13321877,1.366468032,0.40651143,1.131829481
222,2002-Q4,1.019056942,0.843268313,-0.383680228,0.372192925,0.981179632,0.549240541,-0.442458855,1.453285153,,,0.402073003,0.410214724,-0.263220727,-0.221019577,0.192171,0.780867148,0.746294368,0.203377,1.175499207,0.106156564,0.57566,0.204261,0.770184381,0.845154116,1.208302243,,0.07824,2.251155944,-0.015085773,0.578087467,0.276675159,0.944398122,1.474845557,-0.432698604,3.60681436,0.222832478,0.105072073,0.728408712,1.399624491,0.324625697,0.405083,0.504577236,-0.736942898,,,0.495750427,1.397735742,0.1229794,2.13363529,0.123605053,0.831988659
223,2003-Q1,3.695017177,0.223527173,0.315308998,-0.284257863,-0.321290482,0.556372989,-0.39889166,1.421052776,,,1.277351256,1.162603882,-1.343573392,0.294382733,-0.242664,0.963738252,2.246779514,-0.144684,-0.728030238,0.296939065,0.68521,0.187577,0.729691348,1.895436115,0.651469869,,2.25109,0.984351428,1.397293771,-0.418020773,0.057044878,-0.537339907,4.863819286,-0.081753931,0.69621571,-0.057980392,0.229228448,0.324120545,0.620416015,0.221767743,0.015264,0.422761969,0.16671461,,,1.453713039,0.069428674,1.150155005,0.083600699,0.526641986,0.63476228
224,2003-Q2,3.164325049,0.406479062,0.727301302,0.198480063,-0.836466061,-0.145041357,-0.292229696,1.058676682,,,1.204175823,0.899470136,0.121597449,-0.767190544,0.02109,0.383315701,2.329673951,0.077918,1.440778799,-0.412483788,0.7536,0.556503,0.87879721,1.808509517,1.070181395,,2.5332,-2.981680091,-0.533999464,-0.17627702,0.681954698,0.066122927,1.453983757,2.545780686,2.097576,0.157422135,-0.500168245,-0.306843351,0.4779772,0.508456456,0.241466,1.667512272,-0.840943298,,,1.402918306,0.978396167,-0.053239464,0.336326982,0.885621673,0.488369504
225,2003-Q3,2.443638131,1.69364225,0.823201555,0.447213943,0.839985703,0.373863441,1.045570319,0.659224704,,,1.281743014,1.077366814,0.910854965,0.297120862,0.622153,0.744827695,1.003651078,0.648722,1.196391632,1.044478789,1.35396,1.080018,0.91807323,0.711574071,1.180410088,,2.63211,0.462564442,0.701778659,-0.244857322,0.305997265,1.59907552,2.486955986,0.96102673,2.822436117,0.038258729,0.014732028,0.903827332,2.154936613,1.056311904,0.82815,1.29041999,0.847685486,,,0.30094089,1.040786675,0.796920948,2.851212403,1.663199957,0.542690582
226,2003-Q4,1.87649889,1.694244962,0.261407269,0.694619773,1.035186519,0.687422999,1.15584202,0.542622994,,,1.074387846,0.645536405,0.12035771,1.927311901,0.627681,0.838469676,2.601984233,0.662857,0.212846666,0.359825708,1.36953,0.923177,0.840787451,1.896083526,0.994328471,,3.28321,3.297220462,0.720040472,0.93980041,1.090885174,2.549873997,1.74403256,3.66425234,1.357000291,0.91363819,0.624871586,0.020689708,1.313185406,1.044200272,0.817061,0.780731476,0.280985621,,,1.698379836,0.735077035,0.813025808,3.023013077,1.160721398,0.576931272
227,2004-Q1,3.363408102,0.764117633,0.194081301,1.478263251,1.488636763,0.727147736,0.592945869,2.106265265,,,1.071051143,1.18644187,-0.123205631,0.429283055,0.58143,0.584913037,2.322458314,0.694786,1.280676298,1.06805725,0.96686,0.54568,0.398931557,2.029185174,1.656330364,,0.36449,3.849887325,1.450373326,0.417668082,0.759409485,1.423021223,0.758608502,-0.500938751,3.285006572,1.339822611,0.92947012,3.733055503,1.712132007,0.772607952,0.788982,2.365712535,0.989033874,,,1.468620617,1.44810166,1.432701568,2.754282995,0.566651454,1.513781636
228,2004-Q2,-1.265706753,0.747332962,1.044077531,0.946375515,2.690958731,1.184860318,0.83902733,1.922414893,,,1.331445383,1.251069863,0.565648644,0.737377689,0.59674,1.061807266,-0.692316151,0.641144,0.805614385,0.44244388,1.13651,0.570094,0.57112196,0.158502186,1.078055518,,2.37817,-1.128154596,1.30918827,0.256334323,-0.02445324,0.833916713,2.063247788,0.06655311,1.083582958,1.321522301,0.456836632,0.132909632,0.874418184,0.694160375,0.71254,0.833738659,0.620285925,,,0.652682053,0.719177501,0.789161054,2.328300885,0.774952324,1.397449924
229,2004-Q3,5.052938496,0.658579032,1.163276736,0.909633164,1.244334667,1.18232632,-0.10447821,2.618171548,,,0.42676688,1.425758381,-0.323122001,0.197778353,0.235532,0.843491407,2.256012042,0.298043,1.122554068,0.379396643,1.02443,0.631339,0.36740336,1.399023626,1.189058075,,2.39764,4.722418865,1.405323729,0.070878912,0.624278259,0.255832479,0.753131472,2.320855856,1.385910556,-0.074226559,0.135263823,-0.745790768,0.304625378,0.615693662,0.329694,-0.053063601,0.051176666,,,2.34755084,1.008427998,0.794814854,1.127730536,0.948593889,1.635117939
230,2004-Q4,1.383359663,0.76239106,0.356866731,0.352929786,0.814041314,0.721715122,0.241981357,1.622261174,,,1.316826716,1.718108398,-0.048020568,1.101110945,0.417878,0.709554631,2.094258357,0.476173,1.53783481,0.890841896,1.00786,0.608046,0.478815726,0.140327549,0.350354661,,1.93661,1.428004788,1.12974905,0.256893046,-0.186495979,0.819643174,2.368598628,-1.020568226,2.854583007,1.069191971,0.234246831,0.631929853,0.379625288,0.699176561,0.543579,0.976870519,-0.48481545,,,1.502191048,0.69555162,0.538287091,1.622484668,1.020208129,1.067930101
231,2005-Q1,2.869988085,0.825656636,0.326390753,0.503717967,0.850406477,0.350202804,0.859723538,0.113133549,,,0.493529722,1.762848998,0.186155869,-0.420642394,0.260577,0.893536763,1.759220632,0.272856,0.982948847,0.257551349,1.14946,0.71323,0.737846179,-0.85275498,0.974008043,,1.75097,-2.994806963,1.141906202,-0.181325693,0.505238154,0.936109216,2.541291201,-0.859938266,2.40647304,0.229661223,0.251073619,1.981837954,1.163489133,0.771201077,0.644343,0.554417043,0.915610527,,,1.079373219,0.886929051,0.44253515,4.609951611,1.109363354,1.016599753
232,2005-Q2,2.348003561,0.453232913,0.571201205,0.58324357,1.087363073,0.72275167,1.064127138,1.660761948,,1.827904503,0.930722746,1.421828837,0.551561444,2.129826914,0.647573,0.887481604,3.954561103,0.705256,-1.235597934,0.261322467,1.11746,0.585591,0.836280739,0.605987188,2.016531888,,3.1669,7.256685607,0.925498785,0.862442295,0.770852818,1.874977298,0.969784765,0.85436078,3.230655881,-0.009540719,0.916935802,0.337294897,1.603113867,0.671073547,0.710021,0.463192515,0.273218067,,,2.106771337,1.452261988,0.671196583,0.422159476,0.492624455,1.794553973
233,2005-Q3,0.551142194,1.067095382,0.352641256,0.431580957,-0.594342461,1.211889602,1.145951511,2.431318548,,0.049345454,1.702536679,1.426854483,0.822803896,-0.138228863,0.76498,0.957769723,2.386570948,0.798835,1.458224386,0.758717567,1.16087,0.828444,0.833685141,1.527124962,0.719043045,,1.39142,0.325625787,1.193112858,0.531385639,1.023730199,1.403842677,2.819661599,1.971937214,4.197363367,1.038059131,1.214670798,0.534586332,0.519446789,0.899177776,0.875977,1.801649058,-0.378992236,,,1.663310949,1.007201867,1.452948148,1.41197126,0.783814035,1.363618551
234,2005-Q4,1.932558496,0.832250056,1.456068832,0.764224682,1.389412855,0.993155151,1.044289848,1.202331316,,1.992501524,1.438506888,1.706243848,0.378469061,0.547254709,0.668609,0.986995738,2.295836987,0.713894,0.289435601,0.698353428,1.25419,0.531975,0.939678987,0.591327181,1.117456805,,2.52791,1.822533556,1.919390395,0.466275082,0.182070463,1.147429221,2.385859283,5.198114609,3.548333355,1.852378894,0.675811073,0.145449373,-0.404797278,0.772600336,0.92787,1.798858601,0.148967381,,,1.520361416,1.65934481,0.342968873,3.306804141,0.55551654,0.669356074
235,2006-Q1,2.636155478,0.064460158,0.98245496,0.593341315,1.403825232,0.811906,1.199656992,0.904371131,,2.164584407,1.289965142,1.956791319,1.11636008,1.047031228,0.937299,1.163425095,2.310532018,1.012468,2.536124454,0.835735706,1.42504,0.942473,0.496186535,3.378680444,0.734870065,,2.50557,-0.256058429,1.569327198,0.26150083,0.143904589,1.589672772,-0.02596607,0.012229116,1.212221685,1.954480933,0.577011442,1.295602197,1.595503189,1.055495378,0.94652,1.562526321,0.85605354,,,2.621856986,1.170266682,1.735187201,1.14513327,1.345383768,1.757168426
236,2006-Q2,1.209540943,0.259611938,0.435594716,0.34145085,0.434019897,0.050006824,0.79399025,2.075793122,,1.267563135,2.468464296,1.866084305,1.701230664,3.002147554,1.094098,0.900035359,2.093807933,1.199962,0.163864898,1.214930062,1.09982,0.460849,0.351594519,0.665461255,1.479790462,,1.43638,3.816039205,1.797535382,0.369974935,0.154776763,0.721729777,2.783506644,0.136449129,3.603319649,0.875770069,1.626708804,0.080279049,0.417083395,0.677213415,1.194717,2.323417383,0.898982887,,,2.425327176,1.991615471,1.587696712,3.046122099,0.258752763,1.420243604
237,2006-Q3,2.817180672,1.504603909,0.647578422,0.918878463,1.67293883,0.281497219,0.700985216,1.361350966,,2.034300677,2.181833905,1.185048413,0.779107878,-0.699059506,0.578961,0.944040721,2.277199773,0.612383,0.954635564,0.099663939,1.06938,0.184126,0.280982015,0.656276873,0.533925023,,3.303,0.102597646,-0.658553918,0.314744255,-0.191642037,1.56726429,1.767680793,0.828178739,3.309342363,0.249961926,0.511904054,0.659844335,0.608192587,0.365195928,0.509751,1.630676376,-0.130991287,,,1.951323043,1.738167022,0.947139862,-0.753486109,0.149955926,1.381152984
238,2006-Q4,2.191846687,1.256945684,1.378869941,1.133778893,1.242032691,0.398230459,1.295395539,2.134831237,,1.780776346,2.950361558,1.260370703,1.455206343,-0.128920869,1.141357,0.930653351,2.489584894,1.030755,0.836939737,0.542727429,1.40503,0.964107,0.534516463,2.738198222,0.973845095,,1.71129,1.189275081,1.594155532,1.413070302,1.354244056,0.830504501,2.963065991,1.529903211,4.743048686,0.353911306,0.868060947,1.180978033,0.823574016,0.983511792,1.050763,-1.380378256,0.652904284,,,2.859430406,2.194430776,1.189842051,2.258713045,0.859449801,1.382817924
239,2007-Q1,2.357738134,1.355324354,1.215291157,1.398781992,1.72054436,0.638206425,0.514699652,1.026061307,,1.537082908,1.135493561,1.871555015,0.131693934,0.38120769,0.693293,0.908869819,3.303890284,0.795475,1.977614762,1.065867603,1.41136,0.419318,0.920565264,-0.539009538,-1.25042005,,2.7934,2.094690739,2.012547887,-0.208832717,0.645927965,1.772710793,3.062664133,4.755221505,2.663336197,0.693733049,1.129202838,1.064274328,1.324503311,0.701502384,0.880113,4.121440685,1.186031542,,,2.0476372,1.790432888,0.389645979,1.823080444,0.300835667,1.623672013
240,2007-Q2,2.062735358,0.641819354,0.96646807,0.442754562,1.76438774,0.96572296,1.584665315,1.016700992,,1.254062426,2.589095899,0.694004075,0.660246958,-1.07800767,0.683078,0.877615805,0.3839781,0.675607,1.71863992,0.649454176,1.28964,0.534731,0.715718609,2.587198683,-0.068253104,,2.52015,4.490027322,1.448551355,0.289289567,0.044615897,1.692824692,2.762837016,2.368243306,1.64881328,0.66853717,0.614822662,-0.001105984,0.915445042,0.64145319,0.666545,1.306595212,0.284481822,,,2.458310823,1.47211752,0.994561317,0.030535506,0.611761958,0.819557991
241,2007-Q3,1.369019518,1.18836426,0.563721967,0.810645877,1.033171048,0.374681048,0.871263672,0.274925169,,2.127884885,1.151014586,1.314811256,0.5002773,1.711396639,0.3835,0.749500845,0.214026626,0.4717,0.953248884,0.284158639,0.99147,0.343707,0.724886391,-0.485645973,0.49748677,,1.79448,-0.648571429,2.052805873,0.033476736,-0.540193448,1.184137224,2.713122036,-0.735759427,1.426349708,0.361710057,1.102240491,0.825158179,0.788640311,0.492263103,0.562658,1.749924377,0.282062288,,,2.342375838,2.012878447,0.352436081,0.586394599,0.576025796,1.171935193
242,2007-Q4,3.121546791,0.345400729,-0.094833089,0.404316084,1.451958314,0.131432874,0.816303388,1.879740207,,1.465099143,1.868586531,1.293873475,0.741148741,1.107176562,0.534522,0.610790979,-0.59744198,0.62852,1.274644327,0.051901731,1.38932,0.488877,0.596962678,-1.11882008,0.321656177,,3.37688,4.805170003,1.598103302,-0.210828687,0.438377851,1.969089326,1.515462407,0.600147301,-1.154771149,0.24027703,1.454146911,0.702888339,0.135817235,0.699404773,0.771171,1.374907736,1.189055826,,,6.346681033,0.700002505,1.120232626,3.432599138,0.628236732,1.417079709
243,2008-Q1,0.978832926,1.087545976,2.150939989,0.412502769,1.337805074,0.075036988,0.907775882,2.107285899,,0.469093217,2.092961722,0.587827914,0.60948818,-0.375353605,0.58566,0.186872462,-2.227707524,0.579951,-0.098049702,0.857200858,0.79077,0.078701,0.471256326,1.385895095,1.036441297,2.240812554,0.6059,-2.689300315,0.273723105,1.025615078,0.373949796,0.75396785,-0.3407404,1.310900741,1.449359343,0.036818175,0.700560882,-0.467555973,-0.463581522,0.238280116,0.67114,1.584768606,-0.022098187,,,-2.948854964,1.367191098,-0.626853927,2.106492108,-0.426764321,0.420005275
244,2008-Q2,0.45114598,0.330407847,-0.404631088,0.048500127,2.041234885,0.364362857,1.103541024,0.098720545,,0.156071603,-0.11414891,0.66322549,-0.360175174,-0.940209738,-0.437874,0.035288305,1.04084894,-0.328682,-0.779814058,-0.679500737,0.53285,0.025121,-0.531683628,-0.897793006,0.493694082,1.457514004,1.04386,2.535767893,0.238721701,-0.934821211,-0.600853875,0.363998725,0.460089024,-1.262252012,-2.678477406,0.666710802,0.071906247,0.031990302,-0.288799854,-0.035601888,-0.566708,0.548494764,-0.501100592,,,1.215685018,0.953589929,-0.642702528,-3.548598571,0.595428262,1.220887141
245,2008-Q3,0.708295445,0.667364681,-0.595430847,-0.547199568,1.502963336,0.821739528,0.516336245,-0.814893415,,1.149922622,0.584565206,0.259339365,-0.547704622,-0.528851058,-0.552718,-0.211655143,0.03455593,-0.486159,0.34531132,-0.233837461,-0.18088,-0.693991,-1.537085261,0.036380829,-0.24379183,1.326679878,0.87024,-5.055721795,0.190694639,-1.48764198,-1.247099321,0.663723551,-1.390503083,-0.844576943,-4.031729342,0.106322078,-0.268289567,-0.117568841,-0.412017868,-0.51309426,-0.686186,-0.036184322,-0.136906855,,,1.41471004,-0.154588994,-0.737382583,-1.816869974,-0.525258051,0.238933351
246,2008-Q4,-4.578451551,-0.425366417,-2.444528887,-2.170715825,-3.730585988,-1.160303228,-3.069968928,-0.803044188,,-1.45165623,-1.004999343,-2.193776097,-1.542019672,-1.87853401,-1.701343,-1.55071644,-11.866289072,-1.712927,-2.175861204,-1.21471365,-1.33432,-2.049346,-2.142323732,-0.704417146,-3.52189081,0.170426753,0.12257,5.571677745,-0.537824674,-2.295061456,-2.465270276,-3.373817487,-1.048586075,-3.684881276,-2.968798028,-1.599556652,-1.100494681,0.201458828,-0.667690732,-1.977642214,-1.788857,0.176027537,-1.242108249,,,1.212718385,-3.45986098,-3.516133855,-2.540031551,-2.189026595,-0.569248528
247,2009-Q1,-3.579137042,0.990289052,-1.315485852,,-1.331408399,-2.256581424,-1.756457428,-0.486364714,,0.06032005,-2.547637925,-3.206473144,-4.701142883,-1.960202027,-3.099878,-2.674253979,-2.638440562,-2.957694,-6.487724441,-1.960426117,-1.57225,-2.32024,-2.034484747,-5.045939869,-4.215098587,1.356378725,-1.84614,-10.085577919,0.338816856,-2.446056126,-4.821840848,0.26371824,-12.218026311,-1.867098433,-5.134177041,-6.184423436,-2.284118983,-1.646101608,-0.892801913,-2.360473948,-2.915051,1.182267878,-2.53091746,,,-9.742146111,-5.123217506,-0.917874189,-5.664019566,-1.134874297,-1.555542595
248,2009-Q2,-2.477636252,0.654160994,-0.401713194,0.1568732,1.762341849,-1.07869505,0.567120651,-0.582358636,,1.064640057,1.499225264,-0.49596289,0.269988626,-1.823408675,-0.003783,0.065706716,-3.393479589,-0.030075,-0.44475793,0.173284448,1.02491,0.123727,-0.321203345,2.591103463,0.059872941,1.287097608,5.80366,-0.511659516,0.88189673,-0.584763575,1.973656917,1.351865579,-1.156490297,1.37189432,-6.268049333,-1.619885012,-0.928051647,-0.57093612,-0.041609454,0.189573307,0.172435,0.227488055,0.107316425,,,1.704722452,-0.818716571,-0.313919247,4.006998137,-0.178650951,-0.343211369
249,2009-Q3,4.010124111,0.349106814,0.495463747,1.393155263,2.355007588,0.447240509,1.387382811,1.196392709,,1.019709818,1.257709945,0.428432376,0.59705319,0.278608301,0.351244,0.196990712,-1.805141766,0.378717,0.952530898,0.168329818,1.19138,0.280742,0.076573447,-0.328646402,-0.060032949,1.54700302,2.55388,2.250147782,0.78693428,0.250315888,-0.050691671,3.050657249,0.054372438,1.765044295,-4.820022031,3.598268725,0.104781995,0.041617225,0.482870582,0.597328868,0.468253,0.764223136,0.85473909,,,1.801580349,0.209869084,-0.085899706,2.395761074,0.351192395,0.231907188
250,2009-Q4,2.028183236,0.803434288,0.01849894,0.715875583,2.508778639,1.161898977,0.54600783,1.230024511,,1.015086964,1.630920647,-0.016347232,0.779699855,0.187729667,0.512471,-0.02418117,0.502449074,0.518441,-0.695960699,0.811470761,1.3986,0.943096,0.293274167,-0.178832507,-0.089226631,1.475477064,2.12673,-0.591943289,1.114763367,0.249646225,1.246300246,0.732493087,-1.651681689,0.933344254,0.722108623,2.162678621,0.655951883,0.034551993,1.292514189,0.911592754,0.555575,1.714601957,0.073804178,,,2.050892966,-0.056568898,0.713901516,1.952357185,1.080913651,0.666971689
251,2010-Q1,3.132237888,0.436717241,-0.274704628,0.388071317,2.151481267,1.211533092,0.961251409,0.323498697,,0.726486851,1.173957626,0.787119263,0.718761767,0.881377534,0.31201,-0.089386807,1.039324222,0.275216,0.873593906,0.233816544,1.23119,0.631915,0.922945975,,0.154224271,1.622632694,2.60018,-6.37463468,1.627702562,0.470971038,1.034928459,2.342948248,0.708139186,1.522438445,0.095663299,0.398157092,0.003447689,1.774001474,0.316960452,0.620556336,0.446556,-0.361315989,0.89047758,,,2.095618,0.049034635,1.860094116,-0.294994982,0.484500951,1.166724893
252,2010-Q2,4.273638555,0.616568912,1.430686964,0.91266164,1.252422399,0.523642872,0.704057154,3.393417369,,1.613049887,1.184328815,1.427390348,2.178393489,0.44248976,0.963109,0.123499239,1.595326313,1.046797,2.854974311,0.505696447,1.44464,1.060732,1.075214489,,0.774447691,1.668564596,2.40256,4.017656848,1.617112381,0.640000426,1.216797895,1.615711536,0.583694919,1.024943252,-0.769196031,1.181140009,0.918305906,-0.689312823,0.623764193,1.10000985,1.142736,1.488344327,0.346541559,,2.712636022,1.249756808,1.251440047,2.543164795,3.800709327,0.967586118,0.839411996
253,2010-Q3,0.52853535,0.709230521,1.070541074,0.39640661,0.883117892,0.700042554,0.47674554,2.347382041,,0.747210795,1.631411365,1.00550613,0.964989631,1.375300953,0.457567,-0.063075122,1.571566156,0.48707,-0.490056953,0.658818074,1.25752,0.88323,0.585432817,,0.758469187,1.505316678,2.95598,-1.557672834,1.038498038,0.270373956,1.802969856,1.016767776,0.478021762,-1.330050378,-0.274773445,0.885566346,0.088472693,-1.603097043,-0.228916395,0.840920034,0.646804,1.175248126,0.367278986,,1.196156986,1.154530515,0.201585022,1.64698955,2.770701784,0.771084936,0.890246294
254,2010-Q4,1.257470907,0.81044709,0.949347786,0.577311661,1.374190827,1.121801791,0.830140237,1.189865358,,2.280518023,0.669813114,0.468530339,0.655703596,-0.561470399,0.621175,0.103438361,2.251198888,0.643385,2.148615759,0.618013857,1.11643,0.36573,0.065370346,,-0.107710677,1.598455206,2.32107,4.007644649,1.602409999,0.873968406,-0.80345882,1.411558415,1.636980057,0.620222531,1.018544936,0.8148889,0.864051376,1.797337342,-0.536040609,0.563276503,0.726699,0.829609199,-0.452984015,,6.004144046,0.669371341,0.42960634,1.211393967,3.023189403,0.525110261,0.930781355
255,2011-Q1,2.405013341,-0.211984082,1.074261975,0.686729357,1.457911682,0.761595519,0.519672908,1.165655654,2.3,1.926680667,0.513803256,0.129527046,1.807904521,0.684030547,0.896122,-0.078812143,2.574560277,0.925417,0.418822829,1.300489806,0.91052,0.103682,0.275063752,-3.597668864,1.226657956,1.453692317,1.83064,-4.80785488,1.745866456,0.503307665,-1.078540986,0.95476862,2.952737241,1.446615464,-0.558584776,0.666060134,1.101381077,0.424002838,1.092148777,0.318868881,0.935979,1.797755235,-0.448863695,1.155158313,2.584403041,0.196262508,0.81587333,0.79776958,2.253858177,-0.237204897,0.984801432
256,2011-Q2,1.086510065,1.182805957,-0.035144544,0.252534746,0.891032498,0.181517907,0.616678238,1.4368042,2.3,1.551228941,2.288319854,0.559705517,0.271119948,0.949005566,0.011155,-0.258707723,1.415827799,0.126755,-0.244684598,-0.004988723,0.84782,0.237081,0.088198036,-1.840070129,-0.186338792,1.452448282,1.21165,2.98732041,0.932337775,-0.188520934,-0.846168286,0.434067299,1.937056621,-1.265431076,2.73516813,0.427990646,-0.058979934,-0.266460462,0.438197936,0.366100087,0.300007,1.264044627,-0.701791342,0.947690943,1.762079942,0.689513656,-0.677147229,0.254328273,2.747690817,0.676582293,0.559671779
257,2011-Q3,0.872920885,1.390035495,0.582516679,0.285832669,-0.167954535,1.368249361,-0.276224945,0.641388864,1.8,2.036616851,0.348139379,-0.032418105,0.540772496,-1.289492443,0.024605,-0.610137562,1.309669522,0.071299,0.126358822,0.350232904,0.80387,0.474736,0.307564644,-2.198675697,0.112336835,1.515001344,-0.00385,1.943603691,1.94321829,-0.429108069,2.427425784,0.462534713,-0.222197267,1.147572193,1.714653577,1.78542187,-0.144086864,1.036913511,1.109815433,0.556710355,0.305428,1.169958272,-0.693814008,1.151337174,1.59286204,0.472603955,-0.062990921,0.601604914,2.658843122,-0.022312736,0.413771114
258,2011-Q4,-0.064657709,1.08124194,0.332280412,0.167362567,0.94984857,0.79472209,0.052337459,2.174858411,1.6,0.73192357,1.33330076,0.08512512,6.237e-06,0.768348167,-0.290059,-0.563315534,-0.01601184,-0.311333,0.10207301,0.306304325,0.86379,0.530772,0.125988077,-4.50174311,1.144277031,1.459349967,1.62889,1.757422459,0.650982674,-0.958198882,-0.126496613,0.670634739,1.248402504,-0.299009446,0.525283115,0.723050583,-0.526824179,0.033378789,0.590574667,0.477747099,-0.040207,0.927063569,-1.336105953,1.207682223,2.370934731,0.81267906,0.124159381,-1.682920521,1.357311969,1.123049057,0.684087092
259,2012-Q1,-0.949526685,1.004048086,0.324023478,-0.010106924,-1.404080247,0.0631303,0.493182873,2.05531398,1.7,1.559612152,2.053521497,-0.134369002,0.215137554,-0.240222201,-0.24581,-0.940977322,0.686885104,-0.143818,-0.628499388,0.030386279,0.69243,0.621574,0.872089718,-0.892996123,-1.375585383,1.507287719,1.38078,-3.788341955,-0.784469295,-1.141916019,1.384708918,0.95605397,1.487411377,0.592508315,5.19207595,0.977987981,-0.089700396,2.463253665,0.585130567,0.509579674,-0.101592,0.213094067,-0.5325073,1.570296481,1.432442375,0.348315133,-1.136874488,0.618589443,-0.889773757,0.83859082,0.566841886
260,2012-Q2,-3.59697658,0.700563325,-0.191849118,-0.214088109,1.716646952,0.325071067,0.303967192,1.853532999,2.2,0.371854787,0.503033492,-0.727936657,0.096607428,-0.023566213,-0.373569,-0.969301851,1.66190677,-0.343212,-1.026138547,-0.433122433,0.58986,0.017095,-0.119669359,-2.3951647,-0.925615973,1.495123773,1.15795,1.459642157,0.931630054,-0.75821179,-0.922802451,0.422183607,0.286930514,0.000832838,-0.460733368,0.66654185,-0.049686466,0.152190438,0.505080282,0.091433401,-0.148592,-0.221461055,-1.511126522,0.387073923,1.144961895,0.209619781,-1.641356033,0.171770359,1.727526866,0.446334746,0.83473463
261,2012-Q3,3.228873918,0.62634173,0.154965829,0.171473679,1.744641664,0.136854471,0.881528675,0.777134444,1.9,-0.463873852,0.592026584,-0.368880134,0.214478461,0.180338896,-0.160316,-0.45930593,0.838102794,-0.156803,-0.367584686,0.224853613,0.71199,0.087284,0.951166434,-1.456488338,0.249298561,1.414539906,1.794,0.892453887,1.148762425,-0.689636607,-0.374042154,0.445839454,2.287119791,1.144681285,0.669541122,0.182110712,-0.477698938,-0.936346264,0.119280407,0.13502595,0.179378,0.048520072,-1.031635622,0.516147564,1.208244517,0.129579647,0.165263812,0.487611967,1.764793881,0.144027997,0.406557831
262,2012-Q4,1.661031845,0.40370909,-0.561288293,-0.120436487,0.066548538,0.205799023,-0.057840733,0.593636336,2.0,1.278724434,1.243669666,-0.124299709,-0.33172752,0.010187576,-0.383937,-0.829254436,1.053542346,-0.371607,-0.10784425,0.008140925,0.50035,-0.030248,-0.099120584,-1.012123843,-0.236753749,1.392645904,1.18687,1.627761077,0.152951756,-0.706940235,-0.055673394,0.744507238,0.634650667,1.725241961,0.549524994,0.781417851,-0.55353747,0.525173353,1.431612664,0.069860583,-0.159716,-0.105348538,-1.644146124,0.067384631,-2.320697362,-0.098398972,-1.789554736,-0.511376909,1.602891829,0.115640554,0.476942783
263,2013-Q1,-0.094676714,0.525437251,-0.2517272,-0.395310995,0.483528013,0.89511833,0.390886189,0.836978237,1.7,1.435144311,0.273054741,-0.388094882,-0.55564062,0.729333342,-0.372013,-0.274689964,0.3754017,-0.294868,-0.878837813,0.074911466,0.90079,0.627399,0.333092124,-0.730916515,0.632745054,1.387385358,1.59873,0.414824846,1.358084659,-0.90423701,1.337778566,0.793144005,0.595377079,0.014224149,0.044520739,0.103948189,-0.041796747,0.417254619,-0.213732815,0.588845891,0.076515,-0.274426551,0.357050049,0.740663422,-0.413699859,0.032467591,0.370460182,0.511617653,2.92988564,0.986560664,0.776024074
264,2013-Q2,0.604123006,0.371286639,0.22755051,0.655758422,1.43655984,0.575888641,0.752729801,0.689080183,1.8,2.898170776,-0.265719054,0.363665457,1.209235284,0.183565355,0.640804,-0.10237186,-0.202784365,0.625274,0.445225766,0.876211272,0.96291,0.533389,0.671407912,0.122851227,0.931607652,1.282067746,1.40382,1.430182217,1.604340567,-0.005464,0.923296175,1.130007243,1.099928139,1.780987281,0.766886126,-0.406593076,0.428354464,0.464376809,1.171294599,0.608428637,0.822635,0.756432203,0.855845532,0.340510666,3.207852685,0.329788722,0.143853398,0.040622884,2.935776113,0.267636335,0.727379222
265,2013-Q3,0.659434198,0.81436115,0.297956208,0.401572446,0.416670654,0.82231197,0.695346525,0.769994798,2.2,0.51240284,1.835196015,0.527417242,0.501387858,0.843971921,0.316106,-0.063402892,-0.169669419,0.383137,0.26823422,-0.017656318,1.06576,0.730008,0.826830826,0.609830143,1.548804598,1.309943092,1.60112,0.198894987,0.992570195,0.325148747,0.969618997,1.003014889,1.398531607,0.299931083,1.304692557,0.610983048,0.502792445,0.632029211,0.604615678,0.735222511,0.556048,0.732648421,-0.281729988,0.040528552,3.452333496,0.464421343,0.053330753,0.83136238,1.465976155,0.851393569,0.474459609
266,2013-Q4,-0.80696968,0.793700467,0.165105656,0.270933215,0.190103044,1.046569427,0.240693321,0.42032114,1.6,1.434990301,0.605483697,1.124994093,0.116766484,0.022737625,0.285785,0.190329351,-0.12651996,0.341454,-0.172652589,0.722403046,0.87278,0.570314,0.667504175,0.488485801,0.815911324,1.27239345,2.20112,3.455287096,0.882507666,-0.083117701,-0.102852543,0.876173147,0.859450414,-0.867931122,0.509989646,0.49515909,0.604413075,-0.114508567,0.324189053,0.557736125,0.360397,0.559627746,1.242432425,0.577354817,-1.136598642,0.582772637,2.010566816,0.999096441,0.193829518,0.871741753,0.538352036
267,2014-Q1,-1.533890214,0.783375442,-0.052250207,0.577272559,0.740044944,0.168994293,0.484346489,0.190574733,1.8,1.400304807,1.251742836,-0.381466555,1.044277101,0.011035271,0.401208,0.3780948,1.881446311,0.422049,-0.855253155,-0.097948872,0.71149,0.109578,0.813885165,-0.206459332,0.954640176,1.186802609,1.15901,-3.077777402,1.452782792,-0.043815097,0.757146878,0.767037946,1.189411204,2.110882986,0.17050012,0.648854308,0.230869753,0.999235465,1.525000945,0.35258168,0.699983,1.337374279,-0.717183217,-0.007460833,1.194217032,0.608849183,-0.030162715,0.352407705,2.901075638,-0.345095985,-0.137935652
268,2014-Q2,-0.802708575,0.502916027,0.513287464,0.231272872,-1.308182149,0.911555413,0.832551987,0.669867874,1.9,0.351530982,0.35902269,0.835983716,0.031478092,0.086713346,0.232666,0.539882341,0.482843048,0.290029,0.191695741,0.15097119,0.81844,0.498586,0.928935027,0.112481335,1.311035141,1.240494168,2.28966,-0.087450335,0.479781271,0.048279601,-1.779555996,0.949353005,0.847299485,-1.390603764,0.201541703,1.309476341,0.321611784,0.475410046,0.400186133,0.495016075,0.2453,1.133654672,0.276738362,0.4816152,0.391343175,0.758615667,0.937147361,0.455498826,-1.62240622,1.291842129,0.394667298
269,2014-Q3,-0.816017267,0.403078261,0.182452899,0.670165704,-0.099962268,0.958574349,0.552755215,-0.340190264,1.8,0.957548486,0.798993266,1.114025141,0.513945917,1.463354302,0.469925,0.79963812,1.276714422,0.547635,0.296559905,0.604940665,0.9752,0.815976,0.780039011,0.978981156,0.952495167,1.166126762,1.8258,4.024979177,0.776315119,0.021688998,0.102117276,0.25759031,0.42035281,1.93664839,1.024240282,0.146391679,-0.031177763,0.271060828,1.31071561,0.78477765,0.727557,0.811557089,0.105483809,-0.318118911,1.529655045,0.954758598,0.591707594,0.726835072,2.458184399,1.215391409,0.480579252
270,2014-Q4,0.573570732,0.380661989,0.533129833,0.402663886,0.437100968,0.691167613,0.664327473,1.266313662,1.7,0.977872687,1.070572666,0.917320299,0.740900735,-0.068678331,0.401826,0.967008787,1.610644536,0.426469,-0.110642681,-0.200154363,0.82048,0.458857,0.696299765,-0.774341655,0.543367758,1.148013832,1.53395,-0.439984853,1.466472769,-0.103681613,0.478104572,0.532494389,0.284323888,2.606097521,0.279994062,0.851142786,1.35202791,0.789516995,1.527988728,0.568371504,0.570605,0.852124111,0.809368661,-0.235289925,-0.440222227,1.082230942,0.079453781,0.745548905,1.347559385,0.505733136,0.748775643
271,2015-Q1,1.394009708,0.979315012,-0.113885758,0.267484256,-0.812674002,-0.55677898,-0.256803427,0.501169991,1.6,0.593055578,0.197909528,1.861778786,-0.225276966,0.753654587,0.736788,1.217256656,-1.449842008,0.816693,-0.813551554,0.567706001,0.9993,0.692375,0.269723177,0.417957793,1.610516008,1.227086357,1.68428,-1.88439126,-0.076047689,0.351205495,1.497056547,0.864458364,0.86738855,-0.670920558,1.171306669,0.469969328,0.391722822,0.509284422,0.35146534,0.843402418,0.800274,1.635547937,0.599543366,-1.017222508,1.71993309,1.921373303,0.703582905,1.239438974,1.890749754,0.900484978,0.722352926
272,2015-Q2,2.526707853,0.115956434,0.610852777,0.464991212,-2.268216959,-0.272994458,0.598008645,0.861330685,2.0,0.903934361,2.17793434,1.212734547,0.61253434,0.655198752,0.440323,1.119751827,1.891003481,0.515997,1.432504765,0.049057362,0.81451,0.457823,0.618993236,-0.212476815,0.131727429,1.161972579,2.14174,6.176602541,0.319490352,0.393923267,0.161183524,0.430065586,1.001145885,0.69986401,1.314015103,0.910355589,0.425228843,0.341177459,0.79745676,0.549453508,0.618258,0.570595577,0.070577611,-0.669807617,2.691569435,1.228166045,0.662791957,1.753806644,1.523769405,0.619405087,-0.844263371
273,2015-Q3,-0.201827561,0.970386387,0.320346217,0.13664185,-1.565859661,0.358097519,0.54607794,-0.333041021,1.7,0.904266459,1.232944904,1.155405183,0.464348079,0.160097384,0.406651,0.917190225,0.808419568,0.444577,-0.089216226,0.266593003,0.79091,0.332354,0.377702458,-2.055439351,0.761044855,1.234344244,1.84623,-0.654800995,0.081439359,0.038518803,0.120772072,1.48357306,1.067036795,-0.557972348,1.626419358,1.163807217,0.475261908,0.755672432,0.942606155,0.515080737,0.53821,1.337360288,0.165405326,0.193525875,0.322791385,1.154121806,0.544846249,0.344730433,1.401513902,0.400245061,0.450424009
274,2015-Q4,-1.119143185,0.626430371,0.541536981,0.351601241,-0.969892626,0.066272079,0.484098566,0.878152519,1.6,-0.381912073,-0.449817036,0.531350888,0.462205427,0.26970094,0.488858,0.893238249,-0.15198289,0.515502,0.581373257,0.225239568,0.65868,0.211806,0.562247319,2.463997276,1.050050261,1.276277913,2.03254,1.761665889,1.049918022,0.530413248,-0.170881198,0.772851603,0.111180282,0.636283054,-0.216125857,-0.291470672,0.235225899,-0.56857836,1.046778464,0.331133522,0.60013,0.848861333,0.473923452,-0.257791317,0.095275174,0.731060423,0.123531462,1.042766127,1.166866867,0.184479126,0.433466201
275,2016-Q1,-0.801531684,0.918621328,0.982916024,0.113810895,-1.360337913,0.591683798,0.351794858,0.990863475,1.6,1.329914997,2.466677011,0.285682698,0.968728208,1.233740421,0.499142,0.694437279,1.577325334,0.492469,1.150358897,0.401370282,0.88056,0.588949,0.353245639,-1.019712046,-0.194777006,1.205695333,2.90244,-3.231809408,0.220230655,0.176640753,0.734849742,0.382722823,-0.119123592,3.108941702,1.037225358,-0.055905663,0.648074943,0.494143899,1.193158989,0.514572021,0.414545,-0.178179716,0.347819623,0.190057524,0.005430826,-0.001477588,0.822330076,0.08430912,0.361537968,0.579519406,0.238864308
276,2016-Q2,-1.698982349,0.642169366,0.085889466,0.591248886,0.29541978,-0.498133929,0.721556122,-0.552377936,1.8,0.043221484,-0.367904191,0.288617151,0.324015883,1.091020138,0.234931,0.330990101,-0.221515851,0.318442,-0.001867449,-0.245798822,0.73819,0.192357,0.564203341,-0.046663111,1.206072778,1.268313541,1.78095,7.056006509,2.914736402,0.274136934,-0.156342818,1.253891524,1.02267458,1.267829262,0.324239301,0.372441315,0.772512732,-0.031776122,0.928771191,0.372587571,0.494828,1.474290023,0.486027376,0.053848741,1.005054154,0.249365935,1.343116532,0.51662158,1.430886402,0.321124068,0.096214305
277,2016-Q3,0.273622438,-0.005283862,0.546151454,0.182004521,-0.50428301,1.03778381,0.740952984,0.67885094,1.7,0.411955567,1.73581029,0.937303278,0.302792673,0.815694956,0.471211,0.790529982,1.069310494,0.482318,1.081272877,0.1213872,0.78128,0.544969,0.423906765,0.296780808,0.525799026,1.232331328,2.29156,1.739657259,1.01424582,0.710010184,0.213256385,0.38946753,1.428128883,0.732392948,0.046839957,0.888648234,0.893373871,-0.306981855,0.942460317,0.434243566,0.175285,0.582825703,1.109985178,0.100716464,-0.644696591,0.357172773,0.992692189,0.380268552,-2.867673426,0.709390255,-0.012183122
278,2016-Q4,0.70279042,1.153400436,0.460324655,0.36803721,-0.090366641,0.561022275,0.146059581,0.042616635,1.6,0.482182594,1.044433578,0.91502262,0.402489252,0.52907489,0.748715,0.568149192,1.208114699,0.760357,0.456334177,0.517743722,1.0539,0.470928,0.617899279,0.529867339,0.907068638,1.210619736,1.36378,3.598565949,1.28226994,0.378398227,0.135523772,0.772594568,1.439980715,0.498427237,1.192760038,1.119215123,0.806309065,1.339366107,0.311785139,0.814573896,1.182086,1.934300532,1.052830122,0.825105938,1.57843477,0.586372678,0.80300241,0.12872516,5.509611596,0.554299113,0.084913574
279,2017-Q1,0.905928357,0.309290236,1.022530464,0.614751262,0.958961301,1.258206055,0.014165901,-0.782348515,1.7,-0.023719272,0.530922993,1.605386109,1.197648729,0.967348189,0.73907,0.708021671,1.986887779,0.826015,0.96185677,0.686375971,0.94118,0.677309,0.839219917,0.230777518,1.201909647,1.254882267,0.79957,-4.331574184,0.374526305,0.447504993,0.7640615,1.119285085,1.180577017,-1.281052858,0.96173146,0.556798159,0.587682144,1.133195687,1.037179682,0.699370514,0.844481,1.170330891,0.968311516,0.201684982,-0.987236069,0.747324206,2.165042355,0.846824785,1.368865306,0.48689021,0.472126567
280,2017-Q2,0.980554885,0.610567487,0.397350586,0.224791182,0.796382634,1.052553159,0.298214901,1.308737243,1.8,0.651478604,2.143417422,2.435174826,0.871543747,1.206374353,0.738592,1.04589463,1.708877057,0.800651,1.315190265,0.895068352,1.03246,0.617897,0.631368571,0.515079949,1.225045312,1.243491891,2.0585,3.665389108,1.108888702,0.388067474,0.424438442,0.737799969,0.792761508,1.30740276,0.509609559,0.150541947,0.50979168,0.963426164,0.957985722,0.71148829,0.908686,0.984996911,0.372045206,0.690456285,0.63637571,0.931040866,1.212885509,0.427953748,2.28031882,0.559872562,0.54530205
281,2017-Q3,1.334486361,0.931533451,0.569515738,-0.060147357,0.32940987,0.031402141,0.533093324,1.84646007,1.6,0.542362541,-0.014027941,0.802197627,0.697110967,-0.223431499,0.726588,0.631405231,0.399907441,0.742303,0.474657941,0.744820469,1.02392,0.69608,0.632756914,0.90542782,0.925625085,1.256326242,1.64821,-0.425670115,1.685426217,0.170494376,0.833785647,1.379736918,0.876834015,1.085193353,0.983506686,-0.610935062,0.761141217,0.685275689,0.728645713,0.747986477,0.797464,1.499794433,0.71247121,0.679484492,0.976870366,0.82769456,0.874453468,0.639798947,1.515918521,0.788524131,0.183895972
282,2017-Q4,0.980467671,0.418760765,0.535723792,0.798698455,0.589410886,0.507360861,1.048227578,0.976374431,1.6,0.154729159,1.660510701,0.723398361,0.95553187,0.76070515,0.803811,0.60907612,1.441096246,0.814029,0.787359304,0.616997978,1.0545,0.837185,0.736758694,-0.751285019,1.486744436,1.27580899,1.87876,3.663339009,1.30589085,0.59662997,0.077602276,-0.227556473,1.461556008,0.160215124,0.823274022,1.399080412,0.6411864,-0.569720415,0.953539605,0.859589162,0.911834,1.421514075,0.834357268,0.020994643,-0.188358031,1.201359847,2.022400865,0.710548401,1.882761165,1.127046627,0.393361099
283,2018-Q1,-0.622872246,1.034259289,0.42647453,0.412495646,0.461814234,1.162519794,0.970901253,0.872240616,1.8,0.664957714,0.510278552,0.408018764,-0.48533748,0.812658,0.020647,0.42739083,0.635620536,0.169849,0.200628518,-0.082708004,0.99368,0.395654,0.0641495,1.517025897,1.947439218,1.276668021,2.14703,-0.085579161,1.051801848,-0.176736899,0.055861337,1.453027881,1.286122403,0.129282749,1.190537406,1.266795007,0.701021878,0.490054793,0.825652216,0.591843047,0.295922,1.981497052,0.580585596,1.356032191,1.834891038,0.968310583,0.317837365,0.266389134,1.267288048,0.813409802,0.529024513
284,2018-Q2,-4.125205274,0.739734957,0.87219907,0.506397402,-0.023920231,0.780038215,1.163095147,1.352455738,1.7,1.099344608,0.961043051,0.308652439,0.727874071,-0.034955974,0.496626,0.652154154,0.987910294,0.557141,-0.186051457,0.214075374,0.75488,0.480424,0.163154989,0.181933214,0.895748242,1.260051488,1.30989,2.457932016,0.521374169,0.206634986,0.444135419,0.784767624,1.565388317,-0.629168191,1.392023572,-0.338185656,0.455055549,0.3007467,1.166152504,0.525530376,0.536984,1.46236174,1.056434844,0.55794654,0.105956645,1.181331793,1.451469629,0.723931106,0.588498793,0.530825141,-0.248655701
285,2018-Q3,-0.280266277,0.372169153,0.487549315,0.435062951,0.9067706,0.504422861,-0.355943368,-0.490443865,1.4,0.980295823,-0.439146343,0.667522899,-0.722615466,0.537193737,0.050871,0.55827004,0.711446554,0.162643,-0.092311516,0.492426595,0.68027,0.236777,0.308995928,0.273297173,1.51841794,1.282739882,1.39717,-1.647961979,0.865688212,-0.00398916,-0.571483029,0.520126796,0.192172519,0.907666011,0.652746763,0.414013622,0.26184846,0.63000286,0.142093079,0.265276962,0.084849,1.263906221,0.675493293,0.241368821,1.017277164,0.973363346,1.156983122,-0.107771034,-0.961150162,0.623697425,1.22982101
286,2018-Q4,-1.522139363,0.232195741,0.977113113,0.918875904,-0.207698866,0.235568646,0.172468527,1.469696706,1.4,0.041580909,-0.721514509,1.095603418,0.630823827,0.148505442,0.63481,0.585318606,1.031585284,0.650903,0.095950532,0.790505669,0.58685,0.21304,0.135814964,0.621017653,1.084061777,1.270530855,1.47371,2.043825191,0.935935944,0.297511147,-0.203971966,0.568468536,1.842747545,0.615312073,0.841829514,-0.180881361,0.303111237,0.033684598,1.474714623,0.159294843,0.197339,0.976875318,0.514172677,0.663966548,0.987556263,0.458740223,0.684674742,1.160361662,-3.448987929,0.141644219,0.277494927
287,2019-Q1,0.222149573,0.720942591,0.804695085,0.410832523,0.287008281,0.240663338,0.070596205,-0.764471535,1.6,1.076240558,1.70954543,1.30723773,0.559355265,0.397379309,0.643196,0.613160471,1.923539954,0.693543,0.862726998,0.840114257,0.81389,0.54831,0.729752441,1.137346541,2.109182284,1.246817801,1.04249,0.38410819,1.830502651,0.215527274,0.220993196,0.057965864,1.173625807,0.450310781,-0.086965683,0.006911015,1.208706319,-0.44316674,0.707002467,0.606822882,0.785236,1.450975135,0.875191686,-0.038077851,-0.768616472,0.65201154,1.503911454,0.6107125,1.563174382,0.624318082,-0.873434491
288,2019-Q2,0.663775448,0.297445757,-0.316763359,0.59316201,0.594951238,1.094764819,0.651770411,1.386984817,1.4,1.142873218,1.322828099,0.496911269,0.067140801,0.908929024,0.355141,0.288390842,0.04380155,0.443395,0.698709939,0.593735576,0.99613,0.624813,0.311739758,0.9294171,0.310793317,1.24344245,1.36376,0.508833622,-0.273669228,0.276146045,0.504232619,1.329332707,1.568204006,1.801102187,-0.313042398,-0.251201493,0.446980055,0.860031767,0.371300644,0.670829909,0.579347,0.929747481,0.6232086,2.261719554,0.662221901,0.206915522,-0.2172707,0.940029118,2.271247249,0.835145841,0.452210814
289,2019-Q3,-0.074369077,0.562653751,0.205710274,0.789076907,-0.036520123,0.279623055,0.430053576,0.171360711,1.4,0.881484931,0.184274468,0.734994301,0.26834856,0.324491239,0.180952,0.191497026,0.173472989,0.217371,0.04893736,0.031183705,0.56173,0.674375,0.709083039,-0.517025257,1.390299974,1.152112957,0.61609,-1.691637829,1.236073753,-0.370073158,0.097327376,0.214926827,0.116802449,0.290438645,0.476128301,-0.027496796,0.476215334,0.568170067,0.828450192,0.585716505,0.323057,0.786517771,0.384047199,-0.978355601,-0.267444174,0.35152386,0.999866937,-0.04801083,0.530768617,1.170001857,0.105108482
290,2019-Q4,-1.329520201,0.603859827,-0.349945166,0.550532252,0.821129727,0.285513174,0.541969851,-3.937466039,1.3,-0.065279392,0.341740937,0.742001481,-0.038226736,0.352717779,0.011805,0.570554469,0.676400222,0.127232,-0.178184613,-0.520875913,0.3247,-0.072133,0.000321944,-0.088036877,0.638951258,1.058521097,0.17597,2.600432405,0.846068975,-0.371906175,-2.852166406,1.005187243,1.492380234,0.768939192,-0.593623077,-0.716056284,0.105369754,0.828931365,0.753815323,0.091061471,0.233583,0.71418442,0.791443558,-0.452487734,0.952446819,0.613063474,0.342054504,1.034555311,1.335277559,0.68187787,-0.036211972
291,2020-Q1,-4.687223781,-0.144379547,-2.135879888,-2.599795342,-2.206888789,-1.949937792,-1.502239748,1.898686572,-10.4,-1.494745957,-0.085214996,-3.468027494,,-0.83092717,-3.345283,-5.177361236,-1.320635659,-2.980646,-0.250253754,-5.099523626,-3.24218,-1.951341,-2.657635107,-1.952409668,-0.24400824,-0.599459893,0.19705,-5.192783397,-1.714538632,-5.816474867,0.542447861,-1.286403134,-0.459290664,-1.177174369,-0.400921154,-1.154655101,-1.136978089,-0.953964094,-1.276029315,-1.710293479,-2.631328,0.599330299,-4.151958431,-0.196323318,-2.701582932,-2.285819745,-3.369049752,0.216416736,0.177106334,-1.392441086,-0.040208865
292,2020-Q2,-13.899970641,-6.732118994,-11.981808593,-10.904497643,-8.828635474,-10.9999385,-6.504036149,-12.668396776,11.4,-16.213563839,-8.001572814,-8.735876525,,-5.928689155,-11.139358,-17.790382326,-5.854742653,-10.810737,-6.486078703,-12.304347687,-6.00944,-9.672558,-20.331757395,-13.758538201,-14.508329526,-6.864132545,-22.66706,-7.438858023,-8.197030255,-12.327728911,-7.588910345,-2.740164769,-5.291128867,-6.190563214,-10.231363352,-18.926766597,-8.334756157,-5.186651193,-10.025571484,-10.021346923,-11.894804,-8.995564102,-15.042208837,-4.485002074,-3.978961733,-7.726423974,-9.004437972,-8.162245339,-10.71333831,-7.908965238,-16.842584475
293,2020-Q3,10.690390802,3.471253568,11.526114401,11.48379223,7.878184319,9.083513962,6.87716095,5.076132907,3.4,10.319991556,1.081358799,7.375645978,,6.033111138,11.659611,15.902224332,4.47067094,10.974914,4.928520506,15.622571566,7.89009,9.240518,16.787921182,6.108029573,11.735011788,3.247350488,22.37629,4.418124643,9.007247437,14.407969624,5.346070012,2.20884611,5.959131869,8.374893726,11.233339226,15.474471885,6.578962678,3.611523303,14.031280143,9.314199189,11.92375,6.568736991,14.369722655,2.7780786,2.044342692,9.95172399,11.389558362,4.884877049,16.411679445,7.83022506,13.756385404
294,2020-Q4,4.977856582,3.445078509,-1.329793192,-0.456132651,3.701405613,1.87838191,0.369310855,6.91334541,2.7,6.186070628,2.681242315,1.021557917,,0.037892182,0.344204,0.725797214,1.860064752,0.499248,1.026301203,-0.105076854,1.88557,1.061717,1.366751504,2.584107635,1.728944047,2.228937814,6.77703,2.173221151,2.778452355,-0.06134302,1.747270697,1.574175806,0.431198154,-0.55349964,0.556606003,4.33353833,0.419914931,0.781590402,0.092142231,1.272891185,0.62086,0.147350665,0.234580966,0.739743224,1.512127875,0.853956697,-2.316788435,2.076470437,1.465309314,1.084725512,2.755571402
295,2021-Q1,3.0523446,2.211677563,-1.48662298,1.578820226,0.982370316,1.703571827,0.441868353,3.587538249,0.5,3.340390465,4.187633151,-0.22771458,,0.873312222,0.587884,1.201634802,3.027807271,0.698126,-0.748632816,0.37479242,0.91269,0.731913,-1.039208329,4.197356545,1.137813202,1.065710701,1.34224,-1.309415079,0.421888082,1.620333734,0.317705136,1.542834929,2.19164959,3.570241365,-0.242789278,,0.85991487,1.788247914,1.764182123,1.033004689,0.646224,2.327990269,-2.818632157,0.680789326,0.41443597,1.079577424,4.644112465,2.517525571,2.033946063,1.380186139,0.597578456
296,2021-Q2,0.665319004,0.823282461,4.62259476,1.538648311,-0.62000364,-0.117195455,2.466137066,1.065199129,1.4,-1.948088448,2.044787811,1.399747155,,4.08183787,2.234098,1.370903209,2.574921485,2.203459,1.594151213,1.288125381,1.64422,1.940715,7.253933747,1.380549576,2.271223394,0.452983335,-6.96351,3.321436591,3.537449894,2.393333451,0.629423948,1.343837296,1.201907003,0.662955843,0.939517997,,3.917777404,-1.344133301,1.429588326,1.843584012,2.726855,2.558760022,4.576455916,3.190933741,1.64383492,1.059249318,1.234607028,0.704687955,1.712232685,1.570044874,1.435287824
297,2021-Q3,2.093383232,-1.733203601,3.625175235,1.950425757,0.117610244,2.014508421,2.335050722,4.121972542,0.6,5.437742736,3.123962606,1.733111242,,2.209658392,1.88599,1.971105236,-0.570819064,1.811897,1.16895426,2.820514708,0.89628,1.012334,1.669439154,2.895005359,1.244321134,0.245257646,9.19196,4.313441286,2.010330935,3.14806567,-0.466842192,0.033816456,1.847396874,0.379918352,7.145974983,,1.900770631,4.694514781,-3.963682087,1.193684996,2.025862,2.05566227,3.593333507,-0.794505895,3.068412358,0.648043408,2.445229018,0.478198997,3.647502808,0.852849396,-1.702143024
298,2021-Q4,2.331800113,3.559551731,0.037202002,0.927919932,1.161041502,1.790401837,0.410744831,2.392830653,1.8,4.005123893,0.493134452,0.952972942,,2.875692573,0.774606,2.031498605,1.127096573,0.930044,0.848369188,0.588754193,1.54399,1.418478,1.48393313,1.441241237,2.588004969,2.70610052,1.8779,0.111768804,4.670024958,0.938798526,1.195056785,1.593891085,1.398686476,3.045367476,-0.678263144,,0.171043047,-0.458208359,3.46197762,1.505079122,1.08257,2.023351588,1.863841682,,1.989245846,0.364569968,1.285012361,2.28220375,1.566958247,1.803158911,1.605762737
299,2022-Q1,1.907770117,0.984771296,0.280217484,0.703469276,0.853392284,0.85284307,0.105403721,-1.468808918,0.4,0.469205558,0.627915351,0.675545749,,-2.565924811,0.549079,,0.524229123,0.559307,-0.172031172,-0.151080436,0.4015,-0.064572,0.72959628,,1.10846187,1.182098619,0.49162,1.587965698,-0.731840806,0.497475245,-0.600319499,0.483205168,0.970864126,-0.420154547,-0.281457944,,,-0.232465698,-0.185405907,0.221037315,0.56634,3.232878144,1.665170559,,2.233809519,-0.192889511,0.067363579,-1.223368314,0.212733956,-0.257454468,1.303409272
300,2022-Q2,1.35104923,0.980587492,2.824342655,1.302747276,1.165890783,0.937556003,1.031982352,-0.363654343,-2.1,1.781823947,0.448469748,0.243671393,,-0.069800992,0.873619,,-1.679631115,0.756267,0.398076824,0.468042521,-0.0017,0.370168,0.335214711,,1.007965305,1.17295391,0.81448,4.5461483,1.435223659,1.559852647,1.107755555,0.797573364,-1.614193088,-0.816560746,-0.657301391,,,1.316509372,1.272242124,0.599230481,0.771874,-1.063349514,0.366583862,,1.216538978,-0.394111314,0.614987293,0.976045295,1.414398999,0.070179443,-0.9377195
301,2022-Q3,-0.225182528,0.377724216,-0.064314954,0.764855946,0.988769048,0.60526662,0.254640176,-0.424502629,4.0,0.932932477,1.224285452,0.166286876,,0.348750633,0.600844,,-0.440688479,0.543854,-0.118434604,0.463496826,1.51562,0.464893,0.113899547,,-1.118180927,1.143773505,1.87025,-0.186078106,0.124462079,0.567098705,-0.420428736,0.389517646,1.037640526,0.350407798,-0.604406402,,,2.501897771,1.727902644,0.496568812,0.50845,0.521549216,1.012292805,,1.196137189,0.086176428,-0.095185649,0.226096885,0.542206625,0.673208201,1.947702063
302,2022-Q4,-2.229691333,0.809845202,-0.021571853,0.254952331,0.406664313,-0.143296488,0.102036585,0.098884716,0.8,-1.05707306,2.032186054,-0.135652361,,-0.635171536,-0.101878,,-1.061313607,-0.169182,-0.905638329,0.091270305,0.54757,0.415404,0.327068865,,-0.719928397,1.267366111,1.16448,3.239787809,1.891454407,-0.224654618,0.367701792,-0.452035337,-0.079524197,-1.353699152,0.696991639,,,-1.536651853,-0.573816236,0.328274952,-0.035983,-1.532694682,0.488092249,,1.474123182,0.153982376,0.448013245,-0.639664586,1.14854317,0.827827925,-1.396765877
303,2023-Q1,1.522758895,0.484811426,-0.635118588,,1.376710468,0.966626221,0.267256182,0.698864024,1.8,0.78970853,0.721750251,0.007760261,,1.818307832,-0.006897,,-1.216536985,0.072147,0.055493896,0.053630234,0.98356,0.590154,0.089583688,,,1.217942688,2.26171,1.446765078,1.039685129,0.342436313,1.224789172,,-0.839808902,0.481219657,0.899770015,,,0.019829715,-0.453354826,0.483345101,0.112391,0.868219402,,,-1.450145062,0.198678071,0.811012254,0.544932598,0.101158115,0.692043793,0.630384977
304,2023-Q2,-2.863543395,0.333601374,-0.412674494,,0.800524077,0.206728216,-0.164982327,-0.62062085,0.7,-0.443958754,1.748431942,0.136980416,,0.055969241,0.051991,,-0.205453503,0.032983,0.362243483,0.678576019,0.74979,0.401327,0.001890919,,,1.305039069,2.39784,1.405072743,0.670983734,-0.194292458,0.512580728,,1.464243646,-0.041146641,-0.0365552,,,-0.782109769,0.795176891,0.475482082,0.383541,-0.677086607,,,0.031466031,0.881990756,1.198593579,-0.516390525,3.998077144,0.606973886,0.689908273
305,2023-Q3,2.217703466,0.479785126,-0.790178768,,0.196443455,-0.138274522,0.143876054,0.499787407,1.5,0.053814645,0.982496776,-0.375284265,,0.907242021,0.048263,,-0.431290221,0.160119,-1.486918228,0.050173451,0.8051,0.451741,-0.105259177,,,1.254798067,1.9595,-2.364893974,-0.028065385,0.213801506,-1.03568982,,0.399543518,-1.074526385,0.712424558,,,-0.771798505,-0.400189337,0.402295854,0.132687,1.767921624,,,-2.286455846,0.661072229,0.016158295,0.092249198,0.239143633,1.071522787,-0.412096489
306,2023-Q4,-2.327779875,0.16937878,-0.533776838,,0.150297578,0.175253222,0.269699688,0.195714224,1.3,0.098089875,1.080366054,0.279759299,,1.953710792,0.056177,,-0.498327953,0.101361,-0.438258187,0.44721134,0.7412,0.399069,-0.336143202,,,1.257241128,1.83367,1.00502484,-5.667651371,-0.036679482,0.165595334,,-0.278044496,0.11199247,-0.448235909,,,2.719196536,0.037443475,0.364318666,0.20714,0.013332174,,,-0.609088614,0.480795385,0.796084001,-0.181301299,1.166981421,0.788672703,0.346995921
307,2024-Q1,-2.163156937,0.157102187,0.211236887,,1.054322729,0.50658311,0.34671085,2.041586624,1.5,1.223722272,0.810738209,0.367121268,,-0.719856452,0.305287,,-0.249531224,0.306844,0.404972356,0.208684413,0.81666,0.27973,0.695920548,,,1.238636372,1.54434,-0.958686271,3.917745959,0.32379435,-0.556376203,,1.140745527,,-0.052542409,,,0.200240068,0.09069446,0.421686858,0.467119,0.616180448,,,1.359954652,0.6516874,-0.160987468,0.589928438,1.172371544,0.404802139,0.028815003
308,2024-Q2,-1.749061416,0.18110548,-0.040377347,,1.384626962,0.547650146,0.634194207,-0.59271676,0.5,0.490436454,1.156500951,0.217665942,,1.342620292,0.189295,,0.084561785,0.256263,0.068392256,0.1843518,0.58414,0.494442,0.451571936,,,1.204845569,1.12667,1.708437831,0.07009474,0.163670951,0.539070287,,0.265435932,,-0.251258548,,,2.040687433,-0.207113783,0.439054656,0.278305,1.216870503,,,1.380871301,0.245739589,0.060456258,-0.034317046,-0.21458572,0.738979623,0.34404254
309,2024-Q3,,0.333673441,0.263682067,,0.913177856,0.255738792,0.41112142,0.661936338,0.9,0.200709349,0.647259631,0.417752739,,1.247172339,0.374386,,0.028345065,0.252103,0.304926134,0.386725729,,0.460336,0.141919433,,,1.20013477,1.13706,,0.929102416,-0.003423258,0.308456482,,1.223487964,,-0.218639595,,,-1.825359663,,0.5,,-0.137893411,,,0.855370664,0.297076904,0.331200651,0.274630612,-0.203678984,0.701118063,-0.346933951
