,TIME_PERIOD,ABW,AFG,AGO,AIA,ALB,AND,ARE,ARG,ARM,ASM,ATG,AUS,AUT,AZE,BDI,BEL,BEN,BFA,BGD,BGR,BHR,BHS,BIH,BLR,BLZ,BMU,BOL,BRA,BRB,BRN,BTN,BWA,CAF,CAN,CHE,CHL,CHN,CIV,CMR,COD,COG,COK,COL,COM,CPV,CRI,CUB,CYM,CYP,CZE,DEU,DJI,DMA,DNK,DOM,DZA,EA19,ECU,EGY,ERI,ESP,EST,ETH,EU27_2020,FIN,FLK,FRA,FRO,FSM,GAB,GBR,GEO,GHA,GIB,GIN,GLP,GMB,GNB,GNQ,GRC,GRD,GRL,GTM,GUF,GUM,GUY,HKG,HND,HRV,HTI,HUN,IDN,IND,IRL,IRN,IRQ,ISL,ISR,ITA,JAM,JOR,JPN,KAZ,KEN,KGZ,KHM,KIR,KNA,KOR,KWT,LAO,LBN,LBR,LBY,LCA,LIE,LKA,LSO,LTU,LUX,LVA,MAC,MAR,MDA,MDG,MDV,MEX,MHL,MKD,MLI,MLT,MMR,MNG,MNP,MOZ,MRT,MSR,MTQ,MUS,MWI,MYS,MYT,NAM,NCL,NER,NFK,NGA,NIC,NIU,NLD,NOR,NPL,NRU,NZL,OECD,OECDA,OECDE,OECDSO,OMN,PAK,PAN,PER,PHL,PLW,PNG,POL,PRK,PRT,PRY,PYF,QAT,REU,ROU,RUS,RWA,SAU,SDN,SEN,SGP,SHN,SLB,SLE,SLV,SMR,SOM,SPM,SRB,SSD,STP,SUR,SVK,SVN,SWE,SWZ,SYC,SYR,TCA,TCD,TGO,THA,TJK,TKL,TKM,TLS,TON,TTO,TUN,TUR,TUV,TWN,TZA,UGA,UKR,URY,USA,UZB,VEN,VGB,VNM,VUT,WLF,WSM,YEM,ZAF,ZMB,ZWE
0,1970,0.000933,1.20402,1.74406,0.0,,0.0,0.000673,5.320164,,0.0,0.0,10.56028,,,2.689241,,3.465024,4.806,14.54956,,0.014931,0.038135,,,0.06584,0.0,1.1749,77.67005,0.027645,0.072054,2.247582,0.441932,1.5709,39.13922,,4.498235,205.9308,5.431204,4.963367,17.49212,0.805288,0.0,5.858238,0.043058,0.059309,3.002686,1.588344,0.0,,,,0.028702,0.007328,,0.338952,2.452898,,2.597091,7.714191,0.0,,,0.0,,,0.000334,,0.0,0.0,0.400601,15.74242,,6.112788,0.0,6.088371,0.046452,0.183622,0.680544,0.3604,,0.0,0.0,4.312495,0.030344,0.0,0.712892,0.7018,5.355665,,1.027694,,139.192,135.204,,4.186073,0.173384,,0.555724,,0.42719,0.069128,59.08598,,7.379897,,9.14072,0.000772,0.0,4.688208,0.052752,3.587522,0.243837,1.16192,0.355316,0.005037,0.0,4.289022,1.066526,,,,0.058178,4.302061,,2.862222,0.005869,19.88731,0.0,,2.049669,,9.502208,1.05956,0.0,6.186552,0.530535,0.0,0.038476,0.03032,2.88216,8.381525,0.0,0.283634,0.023609,2.042904,2e-05,28.5392,3.31782,7.3e-05,,,7.342463,0.0,3.139632,,,,,0.003796,10.23994,1.156375,3.765658,14.31075,0.0,3.07184,,2.475452,,2.366037,0.017283,0.01068,0.054216,,,2.954736,0.12729,0.0,2.589249,1.132595,0.0,0.056032,3.68955,2.098917,0.0,2.432564,0.0,,0.0,0.042053,0.16835,,,,0.319316,0.0,0.171604,0.000125,2.467659,2.530736,17.98592,,0.0,,0.0,0.001312,0.177872,1.069126,,0.0,2.47736,10.8963,13.5004,,1.761939,197.8541,,1.936754,0.000341,14.70148,0.021308,0.0,0.055292,0.097424,10.35469,3.236018,3.830022
1,1971,0.000923,1.244451,1.906199,0.0,,0.0,0.000729,5.585856,,0.0,0.0,10.81293,,,2.639369,,3.494688,4.908231,14.99431,,0.015647,0.03875,,,0.067164,0.0,1.189756,78.67046,0.028881,0.075376,2.268329,0.441205,1.6423,38.16757,,5.365404,209.1554,5.39809,5.006045,17.83952,0.822237,0.0,5.90814,0.043228,0.061128,3.037932,1.772413,0.0,,,,0.031148,0.007324,,0.361312,2.541998,,2.613574,7.798576,0.0,,,0.0,,,0.000334,,0.0,0.0,0.739168,14.54312,,6.093316,0.0,6.089373,0.04668,0.18549,0.705521,0.2822,,0.0,0.0,4.401125,0.032743,0.0,0.697593,0.855928,5.446682,,1.032611,,137.5289,139.0334,,4.291595,0.193968,,0.565928,,0.437141,0.064458,54.99353,,7.367409,,9.305278,0.0008,0.0,5.27392,0.070744,3.602244,0.299462,1.229666,0.402268,0.005154,0.0,4.330852,1.074479,,,,0.043538,4.327444,,2.951525,0.005913,19.82613,0.0,,2.080895,,9.692464,1.111516,0.0,6.292008,0.539505,0.0,0.028984,0.032668,2.979495,8.167843,0.0,0.291879,0.027629,2.076639,2e-05,28.28056,3.461883,7.3e-05,,,7.911361,0.0,2.96596,,,,,0.003949,10.56215,1.154259,3.986155,15.07681,0.0,3.122056,,2.505193,,2.462492,0.01428,0.010132,0.05084,,,3.037016,0.144994,0.0,2.642464,1.081131,0.0,0.058448,3.639689,2.142797,0.0,2.486405,0.0,,0.0,0.043458,0.212021,,,,0.480256,0.0,0.136724,0.000125,2.521879,2.586652,18.22176,,0.0,,0.0,0.001325,0.183199,1.073261,,0.0,3.10764,11.0529,13.84507,,1.783345,205.0863,,1.861041,0.000355,15.28334,0.02182,0.0,0.06724,0.113558,10.48026,3.304076,3.953782
2,1972,0.000932,1.305495,1.690776,0.0,,0.0,0.000872,5.379485,,0.0,0.0,10.06658,,,2.704748,,3.475652,4.966609,15.39292,,0.017978,0.016911,,,0.06816,0.0,1.193486,78.56322,0.028849,0.064237,2.280812,0.432402,1.69534,39.5157,,5.434656,214.1041,5.449862,5.058464,18.35253,0.849716,0.0,6.379065,0.044683,0.063009,3.066034,1.705036,0.0,,,,0.033447,0.007088,,0.4751,2.429804,,2.801523,8.087291,0.0,,,0.0,,,0.000334,,0.0,0.0,0.723904,15.46908,,6.243456,0.0,6.115235,0.04518,0.18936,0.725451,0.278596,,0.0,0.0,4.550689,0.031723,0.0,0.703772,0.711667,5.516238,,1.043608,,136.5592,143.8377,,4.080873,0.172752,,0.581388,,0.395999,0.080797,56.92847,,7.415324,,9.443598,0.000794,0.0,5.656937,0.058686,3.648895,0.329914,1.314751,0.447224,0.005273,0.0,4.404671,1.07572,,,,0.041271,4.404178,,2.523968,0.005998,20.09685,0.0,,2.108222,,9.84638,1.101068,0.0,6.429044,0.548154,0.0,0.03648,0.034152,3.068179,9.279751,0.0,0.299771,0.026957,2.166548,4.9e-05,28.75799,3.537846,7.3e-05,,,7.925038,0.0,3.1109,,,,,0.004034,10.70212,1.166004,4.107758,15.96584,0.0,3.30084,,2.525851,,2.387804,0.016213,0.003112,0.050008,,,3.122016,0.170211,0.0,2.667688,0.766197,0.0,0.057496,3.634436,2.187331,0.0,2.500092,0.0,,0.0,0.041867,0.168983,,,,0.5502,0.0,0.138076,0.000118,2.55961,2.594727,19.22734,,0.0,,0.0,0.001366,0.16146,1.050109,,0.0,4.310516,11.08481,14.1439,,1.777256,203.7849,,1.989894,0.000357,15.85586,0.02182,0.0,0.07724,0.087028,10.2918,3.285464,2.699862
3,1973,0.000923,1.32602,1.570504,0.0,,0.0,0.001021,5.161157,,0.0,0.0,9.786462,,,2.685191,,3.471389,5.078019,16.08917,,0.022663,0.02378,,,0.07214,0.0,1.221257,78.69656,0.03232,0.06249,2.332007,0.429843,1.77082,49.17657,,4.964884,216.8342,5.942375,4.974003,18.58915,0.929345,0.0,6.422192,0.046324,0.065155,3.254084,1.812872,0.0,,,,0.034953,0.007062,,0.473492,2.553213,,2.876101,7.942638,0.0,,,0.0,,,0.000334,,0.0,0.0,0.658487,16.54214,,6.65202,0.0,6.115748,0.025872,0.194649,0.753786,0.274652,,0.0,0.0,4.573516,0.031451,0.0,0.696784,0.657804,5.476768,,1.056216,,137.0068,147.2345,,3.559655,0.126936,,0.586912,,0.434814,0.077103,62.70065,,7.659563,,9.777417,0.000774,0.0,6.164444,0.083258,3.733321,0.317033,1.349968,0.641348,0.005464,0.0,4.386713,1.043391,,,,0.041627,4.453772,,2.447316,0.006048,20.64614,0.0,,2.169563,,10.07726,1.108608,0.0,6.59926,0.566696,0.0,0.033084,0.034184,2.537645,10.38123,0.0,0.308154,0.027195,2.3472,6.2e-05,28.82321,3.574809,6e-05,,,8.07483,0.0,4.033336,,,,,0.004413,10.81943,1.1444,4.19643,15.28103,0.0,3.3067,,2.548158,,2.590237,0.017187,0.003512,0.057184,,,3.211096,0.143553,0.0,2.76357,0.9502,0.0,0.063616,3.599556,2.219307,0.0,2.600265,0.0,,0.0,0.040406,0.146261,,,,0.518856,0.0,0.159388,0.000135,2.646121,2.606876,19.24118,,0.0,,0.0,0.00141,0.138884,1.089737,,0.0,4.358612,10.98112,14.46212,,1.82142,205.6665,,2.005983,0.000371,16.11735,0.0223,0.0,0.080876,0.08958,10.40906,3.307314,2.811382
4,1974,0.000913,1.355034,1.648092,0.0,,0.0,0.001233,5.569761,,0.0,0.0,10.09565,,,2.719361,,3.472527,5.102172,16.15268,,0.02221,0.030234,,,0.071632,0.0,1.289942,80.72565,0.032364,0.063307,2.375419,0.426667,1.69398,45.97449,,4.958424,224.6171,5.911488,5.047023,19.02109,0.822176,0.0,6.079158,0.046488,0.065218,3.213935,1.848352,0.0,,,,0.037802,0.007354,,0.4689,2.833387,,2.912988,8.16891,0.0,,,0.0,,,0.000334,,0.0,0.0,0.723955,15.99863,,6.77686,0.0,6.064368,0.025872,0.193627,0.787888,0.278732,,0.0,0.0,4.660514,0.027061,0.0,0.715524,0.604754,5.381293,,1.059374,,133.8548,151.5963,,3.448494,0.320709,,0.695225,,0.464053,0.076302,59.42725,,7.918546,,9.771581,0.000717,0.0,6.062215,0.089107,3.800947,0.306893,1.187552,0.64252,0.005659,0.0,4.413505,1.043924,,,,0.031263,4.611768,,2.187113,0.006102,21.59453,0.0,,2.234273,,10.50832,1.06758,0.0,6.738868,0.564866,0.0,0.030781,0.034256,2.548632,9.081297,0.0,0.314066,0.028287,2.368398,4.9e-05,28.29041,3.612092,6e-05,,,7.950039,0.0,3.1542,,,,,0.004519,10.98417,1.146999,4.458316,15.50514,0.0,3.31202,,2.5693,,2.769754,0.014938,0.003612,0.048868,,,3.304256,0.166356,0.0,2.810068,0.913842,0.0,0.068036,3.538573,2.243686,0.0,2.844034,0.0,,0.0,0.041294,0.171517,,,,0.482616,0.0,0.184652,0.000135,2.665557,2.610674,19.55601,,0.0,,0.0,0.001399,0.154638,1.164096,,0.0,4.158652,11.08443,14.80682,,1.848503,203.0296,,2.323767,0.000369,16.28598,0.022824,0.0,0.080028,0.095485,10.89475,3.360651,2.927662
5,1975,0.000904,1.326881,1.877356,0.0,,0.0,0.00152,5.495531,,0.0,0.0,10.80538,,,2.759311,,3.539675,5.195244,16.47609,,0.02234,0.03513,,,0.071828,0.0,1.267546,84.82381,0.032366,0.086905,2.338738,0.439927,1.766876,40.82522,,4.905144,235.3367,5.924279,5.133767,19.60621,0.837163,0.0,6.124633,0.050472,0.066425,3.312988,1.872252,0.0,,,,0.040697,0.00725,,0.47418,2.752146,,2.857276,8.239699,0.0,,,0.0,,,0.000334,,0.0,0.0,0.483974,11.78687,,6.81408,0.0,6.043187,0.025872,0.202164,0.822829,0.282812,,0.0,0.0,4.803941,0.130225,0.0,0.650255,0.583558,5.348242,,1.076633,,129.5325,152.7039,,3.853137,0.326991,,0.70878,,0.472614,0.099132,48.1827,,8.184476,,9.611398,0.000726,0.0,6.245889,0.065311,3.779431,0.297529,1.171232,0.5651,0.005632,0.0,4.424005,1.095738,,,,0.02842,4.504417,,2.404324,0.006159,21.87641,0.0,,2.206142,,10.59699,1.112156,0.0,6.892704,0.584859,0.0,0.031798,0.038657,3.356827,8.471597,0.0,0.31703,0.019641,2.48195,4.9e-05,29.98384,3.694432,6e-05,,,8.125103,0.0,3.376932,,,,,0.004521,11.14081,1.13121,4.611864,16.10728,0.0,3.660608,,2.58002,,3.011873,0.013162,0.003612,0.044432,,,3.401496,0.219786,0.0,2.845149,0.834567,0.0,0.069808,3.505866,2.279424,0.0,2.757535,0.0,,0.0,0.041731,0.225047,,,,0.79664,0.0,0.158864,0.000135,2.669839,2.632757,19.29279,,0.0,,0.0,0.001629,0.127787,1.138347,,0.0,3.83542,11.17718,15.22506,,1.90139,180.4877,,2.268823,0.000368,16.49645,0.023048,0.0,0.081036,0.094135,10.65422,3.517312,3.049382
6,1976,0.00089,1.344118,1.905173,0.0,,0.0,0.001803,5.488623,,0.0,0.0,9.962362,,,2.773349,,3.558792,5.198178,16.88214,,0.060214,0.040796,,,0.070356,0.0,1.273069,87.32684,0.031895,0.108977,2.339524,0.4375,1.77872,47.2035,,5.21598,243.4839,6.042727,5.284493,20.3836,0.883639,0.0,6.145933,0.057073,0.06712,3.400434,1.767172,0.0,,,,0.043722,0.007112,,0.54622,2.708508,,2.939885,8.168108,0.0,,,0.0,,,0.000334,,0.0,0.0,0.204844,14.09676,,7.15088,0.0,5.962932,0.030744,0.20479,0.867535,0.276012,,0.0,0.0,4.825737,0.123214,0.0,0.654858,0.81305,5.503691,,1.077117,,128.4933,156.6387,,3.838114,0.310467,,0.671329,,0.473386,0.13267,53.73498,,8.509614,,9.245549,0.000809,0.0,7.276747,0.140043,3.802154,0.301467,1.011976,0.49842,0.005655,0.0,4.45207,1.10151,,,,0.024893,4.603857,,2.371159,0.006279,22.35877,0.0,,2.181753,,10.88063,1.140908,0.0,7.050192,0.587494,0.0,0.032624,0.042804,3.463464,9.626445,0.0,0.325605,0.019799,2.571062,4.9e-05,30.00976,3.709613,6e-05,,,8.203345,0.0,3.725776,,,,,0.004583,11.35954,1.188676,5.04013,17.81327,0.0,3.793828,,2.592352,,3.03875,0.011383,0.003562,0.058952,,,3.502136,0.533781,0.0,2.87979,1.165972,0.0,0.06054,3.546449,2.309381,0.0,2.880951,0.0,,0.0,0.042034,0.206594,,,,0.557136,0.0,0.139012,0.000135,2.703798,2.67175,19.48045,,0.0,,0.0,0.001417,0.122563,1.157863,,0.0,4.334436,11.2749,15.68461,,1.922661,198.931,,2.530199,0.000368,16.92364,0.019424,0.0,0.058232,0.09916,10.52324,3.55175,3.1184
7,1977,0.000858,1.352762,1.899925,0.0,,0.0,0.002117,5.552329,,0.0,0.0,10.3196,,,2.783387,,3.545933,5.297416,17.26771,,0.090718,0.067181,,,0.067176,0.0,1.227448,90.30248,0.034128,0.10646,2.385127,0.449999,1.811348,46.85001,,5.032646,243.7148,6.172852,5.545421,21.03386,0.901285,0.0,6.185047,0.05941,0.067795,3.427164,1.624372,0.0,,,,0.048603,0.00704,,0.550044,2.996021,,3.047336,8.645584,0.0,,,0.0,,,0.000334,,0.0,0.0,0.031439,13.79195,,7.250188,0.0,6.01385,0.022358,0.210401,0.939487,0.266152,,0.0,0.0,5.017764,0.0906,0.0,0.636731,0.850043,5.527736,,1.090627,,124.6746,158.3706,,4.01821,0.320567,,0.651665,,0.492569,0.142749,55.30333,,8.727578,,9.069264,0.00084,0.0,8.20669,0.140827,3.801899,0.135902,1.77764,0.5628,0.004747,0.0,4.486937,1.090283,,,,0.014833,4.750029,,2.735541,0.006295,22.7288,0.0,,2.183152,,11.18378,1.36864,0.0,7.838976,0.601598,0.0,0.031452,0.043176,2.643037,9.895665,0.0,0.328919,0.024013,2.609283,4.9e-05,30.18497,3.696642,6e-05,,,8.219287,0.0,3.294015,,,,,0.00488,11.53559,1.147951,4.901895,17.63087,0.0,3.780288,,2.607589,,3.154915,0.01344,0.003644,0.110476,,,3.608216,0.614208,0.0,2.946162,1.114236,0.0,0.085916,3.541975,2.343508,0.0,2.876924,0.0,,0.0,0.042468,0.230256,,,,0.681236,0.0,0.235652,0.000135,2.752106,2.667585,19.82869,,0.0,,0.0,0.001416,0.132308,1.197561,,0.0,5.345988,11.50399,16.16578,,1.976231,207.0654,,2.56541,0.000373,17.42169,0.019696,0.0,0.077932,0.10896,9.636397,3.686381,3.35763
8,1978,0.000845,1.355579,1.887268,0.0,,0.0,0.002585,5.363474,,0.0,0.0,10.19475,,,2.871466,,3.560457,5.357486,17.27808,,0.055493,0.098648,,,0.073804,0.0,1.328876,95.57657,0.034886,0.094365,2.571248,0.449609,1.88574,50.14398,,4.97784,240.8072,6.090363,5.420422,21.98116,0.928873,0.0,6.190046,0.061795,0.066634,3.37134,1.924324,0.0,,,,0.05216,0.006973,,0.655764,2.908026,,3.019345,8.562193,0.0,,,0.0,,,0.000334,,0.0,0.0,-0.164832,13.848,,7.090752,0.0,5.979282,0.022652,0.22023,0.975646,0.2771,,0.0,0.0,5.166216,0.084557,0.0,0.652728,1.009531,5.562148,,1.095038,,124.3032,160.6532,,3.964392,0.322099,,0.744426,,0.460876,0.150309,55.96571,,9.127972,,8.62673,0.000873,0.0,9.413656,0.135248,3.853783,0.137302,1.677944,0.595704,0.005641,0.0,4.570816,1.085451,,,,0.036415,4.717468,,2.802632,0.006278,21.74965,0.0,,2.241294,,11.78494,1.42044,0.0,8.042484,0.615507,0.0,0.029228,0.045065,2.650303,10.27802,0.0,0.338741,0.019641,2.630017,4.9e-05,32.2547,3.758751,4.2e-05,,,8.214475,0.0,2.916067,,,,,0.005282,11.73931,1.166176,4.783695,17.02389,0.0,3.99304,,2.608265,,3.465357,0.015036,0.003664,0.108346,,,3.718376,0.550495,0.0,3.03209,1.246505,0.0,0.047264,3.599884,2.360024,0.0,2.98704,0.0,,0.0,0.043549,0.225447,,,,0.63988,0.0,0.228608,0.000135,2.809512,2.639707,19.56149,,0.0,,0.0,0.001429,0.170671,1.238141,,0.0,6.182472,11.65201,16.87323,,2.002215,233.8307,,2.63869,0.000387,17.68343,0.020684,0.0,0.082016,0.119873,10.04192,3.795404,3.488536
9,1979,0.000815,1.361169,1.88613,0.0,,0.0,0.002885,6.247131,,0.0,0.0,9.901536,,,2.951248,,3.544261,5.388532,17.60528,,0.03021,0.103525,,,0.074988,0.0,1.416002,101.3409,0.030728,0.102045,2.59219,0.458374,1.884576,53.20331,,5.763308,241.774,6.105934,5.329569,22.68265,0.93408,0.0,6.506133,0.063626,0.065936,3.441029,2.480348,0.0,,,,0.056526,0.00721,,0.43552,3.042761,,4.195106,8.444561,0.0,,,0.0,,,0.000334,,0.0,0.0,0.302473,14.85645,,7.11406,0.0,6.017867,0.022364,0.219446,1.029321,0.289068,,0.0,0.0,4.873652,0.102179,0.0,0.672379,0.979666,5.486514,,1.094783,,121.1675,167.8658,,3.921957,0.280496,,0.788987,,0.478917,0.173674,59.4493,,9.381105,,8.461988,0.000925,0.0,9.186667,0.143756,3.780633,0.137853,1.844396,0.596204,0.004595,0.0,4.623407,1.108188,,,,0.038675,4.736446,,2.897538,0.006337,22.5686,0.0,,2.222084,,12.00782,1.56216,0.0,8.20042,0.622669,0.0,0.033072,0.049612,2.692392,10.07421,0.0,0.348399,0.021156,2.693424,4.9e-05,32.64782,4.000313,4.2e-05,,,8.295319,0.0,2.503209,,,,,0.005656,11.96258,1.120863,4.980961,17.00924,0.0,4.03232,,2.61259,,3.742001,0.020575,0.004222,0.103959,,,3.139016,0.662763,0.0,3.06651,1.123097,0.0,0.07078,3.520231,2.384286,0.0,3.169641,0.0,,0.0,0.043528,0.261313,,,,0.253964,0.0,0.257716,0.000158,3.012157,2.698124,20.50006,,0.0,,0.0,0.001442,0.190759,1.265418,,0.0,6.512317,11.79045,17.84069,,2.096866,237.8907,,2.679972,0.000392,18.07118,0.017488,0.0,0.087536,0.121222,10.7303,3.926507,3.635128
10,1980,0.000802,1.359443,1.877387,0.0,,0.0,0.003155,6.189127,,0.0,0.0,10.26037,,,3.040275,,3.533607,5.533373,17.96995,,0.053251,0.100914,,,0.079976,0.0,1.39335,106.2888,0.047427,0.098875,2.641948,0.461749,1.929796,49.01032,,5.723392,241.8337,6.356332,5.353288,23.36429,0.931659,0.0,6.440295,0.065566,0.062492,3.283748,2.6036,0.0,,,,0.06104,0.006882,,0.53196,3.188819,,4.290894,9.027811,0.0,,,0.0,,,0.000334,,0.0,0.0,0.435197,12.64472,,7.109316,0.0,6.032163,0.022364,0.232111,1.121688,0.291516,,0.0,0.0,5.073024,0.116491,0.0,0.696407,0.921067,5.627378,,1.091197,,122.2261,170.0232,,3.864943,0.357052,,0.568305,,0.51717,0.155553,57.50174,,9.558165,,8.291094,0.001112,0.0,7.349287,0.14953,3.778868,0.146004,1.892236,0.596884,0.005761,0.0,4.671426,1.141926,,,,0.039138,4.671339,,3.068543,0.006249,23.80298,0.0,,2.282254,,12.16499,1.51192,0.0,8.72272,0.63102,0.0,0.033772,0.0408,2.806194,10.56349,0.0,0.359379,0.031316,2.767222,4.9e-05,33.80085,4.021709,4.2e-05,,,8.487524,0.0,3.168945,,,,,0.086888,12.12754,1.237964,5.328441,16.95582,0.0,4.329168,,2.620888,,4.047242,0.016916,0.009332,0.103477,,,3.262096,0.867128,0.0,3.129726,1.020845,0.0,0.068156,3.469459,2.452045,0.0,3.360655,0.0,,0.0,0.045691,0.257116,,,,0.430848,0.0,0.294168,0.000158,3.117902,2.640177,19.66006,,0.0,,0.0,0.001423,0.357867,1.281455,,0.0,5.64778,11.99567,18.48018,,2.011369,224.3777,,2.769683,0.000399,18.47965,0.01754,0.0,0.08808,0.149353,12.24381,3.987414,3.81172
11,1981,0.000792,1.350193,1.869928,0.0,,0.0,0.003605,5.379617,,0.0,0.0,10.64736,,,3.07387,,3.526466,5.612464,18.05223,,0.057054,0.100866,,,0.077816,0.0,1.363978,106.88,0.047752,0.14461,2.639746,0.466289,1.992288,45.27544,,6.494296,240.3172,6.323822,5.589694,24.03081,0.943897,0.0,6.559635,0.067859,0.061194,3.330519,2.53126,0.0,,,,0.066762,0.008328,,0.500656,3.450541,,4.339098,9.266228,0.0,,,0.0,,,0.000334,,0.0,0.0,0.278596,12.72981,,7.40072,0.0,6.113361,0.050112,0.234292,1.133135,0.295732,,0.0,0.0,5.11852,0.123238,0.0,0.688945,0.941772,5.605416,,1.109155,,122.4667,173.042,,3.807435,0.280047,,0.613159,,0.554371,0.124881,47.60586,,9.736682,,8.03454,0.001151,0.0,7.415889,0.128751,3.707045,0.145672,1.654,0.638468,0.005864,0.0,4.688157,1.167602,,,,0.039502,4.806885,,3.293296,0.006369,23.55825,0.0,,2.337199,,12.36878,1.585616,0.0,8.994776,0.640758,0.0,0.036868,0.037576,2.888309,12.13671,0.0,0.369232,0.0319,2.870773,4.9e-05,36.19422,4.009459,4.3e-05,,,8.410353,0.0,3.45892,,,,,0.123696,12.4126,1.198303,5.155556,15.44446,0.0,4.231368,,2.667336,,4.36038,0.014913,0.009922,0.116131,,,3.383056,0.855214,0.0,3.200366,0.922091,0.0,0.089848,3.37689,2.522293,0.0,3.452349,0.0,,0.0,0.048953,0.200305,,,,0.823479,0.0,0.279284,0.000158,3.19103,2.713078,19.30301,,0.0,,0.0,0.001405,0.347837,1.364096,,0.0,5.982562,12.22591,18.77947,,2.091905,225.5495,,2.766079,0.000406,18.69283,0.019964,0.0,0.096788,0.116281,13.10733,4.015168,4.095572
12,1982,0.000804,1.326534,1.818507,0.0,,0.0,0.00422,5.599383,,0.0,0.0,9.539236,,,3.191167,,3.56095,5.585932,18.36127,,0.075629,0.097644,,,0.08196,0.0,1.306733,109.2409,0.036548,0.152044,2.661928,0.471135,2.029084,37.84777,,5.501316,240.9789,6.294969,5.694424,24.93507,0.921665,0.0,6.404038,0.069624,0.060604,3.219302,2.654876,0.0,,,,0.072286,0.008757,,0.49566,3.544329,,4.346778,9.403945,0.0,,,0.0,,,0.000334,,0.0,0.0,0.252622,12.60932,,7.920716,0.0,6.042376,0.049812,0.240058,1.161991,0.297024,,0.0,0.0,5.237844,0.120848,0.0,0.70984,1.004967,5.610336,,1.127396,,123.6914,177.6066,,3.636762,0.36921,,0.67696,,0.559543,0.164379,48.62471,,10.04093,,7.979661,0.001151,0.0,7.434232,0.180922,3.731202,0.141607,1.678792,0.580316,0.005893,0.0,4.702679,1.189238,,,,0.030845,4.902325,,3.476454,0.006461,23.84539,0.0,,2.37756,,12.65845,1.924464,0.0,9.414122,0.660125,0.0,0.038636,0.031408,2.898171,10.89478,0.0,0.38109,0.033212,2.998111,4.9e-05,36.3704,4.051543,4.4e-05,,,8.454735,0.0,3.548501,,,,,0.121984,12.73938,1.193525,5.10231,14.6948,0.0,4.466388,,2.682181,,4.263382,0.021452,0.0092,0.115742,,,3.508376,0.997534,0.0,3.209455,0.776142,0.0,0.132376,3.310508,2.529242,0.0,3.566806,0.0,,0.0,0.04482,0.179782,,,,0.903402,0.0,0.241928,0.000184,3.240575,2.786375,19.10555,,0.0,,0.0,0.013903,0.310304,1.424841,,0.0,5.189806,12.48015,18.88623,,2.079336,226.6756,,2.731485,0.000479,19.01076,0.01902,0.0,0.093384,0.117789,13.00923,4.113845,4.225822
13,1983,0.000804,1.303062,1.846527,0.0,,0.0,0.004855,6.358761,,0.0,0.0,8.82478,,,3.284075,,3.652917,5.714296,18.53607,,0.083863,0.097992,,,0.095644,0.0,1.343185,110.8275,0.036799,0.152508,2.668987,0.468539,2.07032,48.37597,,6.066592,241.8055,6.298344,5.848213,25.72738,0.938464,0.0,6.457153,0.071635,0.060396,3.110566,2.526432,0.0,,,,0.077022,0.007663,,0.496724,3.935279,,4.43441,9.791067,0.0,,,0.0,,,0.000334,,0.0,0.0,0.389827,13.55842,,8.950324,0.0,6.311974,0.053652,0.251495,1.199295,0.325856,,0.0,0.0,5.360616,0.138304,0.0,0.723582,1.062208,5.49789,,1.139448,,122.0081,180.3786,,3.793015,0.203434,,0.690008,,0.475276,0.168944,48.32726,,10.40939,,8.0112,0.001204,0.0,8.048519,0.125525,3.794644,0.150253,1.433636,0.5719,0.005956,0.0,4.759813,1.248192,,,,0.030899,4.933763,,3.65731,0.006561,24.38569,0.0,,2.487728,,12.59038,1.193544,0.0,9.684656,0.669646,0.0,0.043652,0.03088,2.912988,10.76456,0.0,0.393376,0.033362,3.113483,4.9e-05,37.33625,4.047255,4.5e-05,,,8.687981,0.0,3.240268,,,,,0.107385,13.09364,1.131969,4.95479,14.84354,0.0,4.414208,,2.69146,,4.298563,0.024654,0.009423,0.118825,,,3.582896,1.263507,0.0,3.259334,0.757042,0.0,0.139344,3.351507,2.505498,0.0,3.794312,0.0,,0.0,0.049297,0.158365,,,,0.913108,0.0,0.2274,0.000196,3.221418,2.871848,19.29087,,0.0,,0.0,0.008216,0.42951,1.410051,,0.0,6.630277,12.75139,19.01356,,2.109675,248.2909,,3.000554,0.000445,19.3973,0.022652,0.0,0.096488,0.1207,14.47134,4.20231,4.007148
14,1984,0.000821,1.277951,1.927601,0.0,,0.0,0.005328,6.365143,,0.0,0.0,9.693868,,,3.407893,,3.658752,5.888071,18.8042,,0.078488,0.098747,,,0.109944,0.0,1.351299,112.265,0.032767,0.153925,2.682295,0.471798,2.1901,53.17865,,6.8902,243.5147,6.246589,5.91764,26.33759,0.947317,0.0,6.5895,0.073792,0.061641,3.189401,2.696749,0.0,,,,0.084254,0.007025,,0.500552,3.87658,,4.525875,10.17945,0.0,,,0.0,,,0.000334,,0.0,0.0,0.244569,13.43756,,9.009308,0.0,6.425092,0.053652,0.257809,1.209481,0.316376,,0.0,0.0,5.45998,0.13979,0.0,0.729215,1.209222,5.591989,,1.152851,,120.8081,185.1596,,3.731556,0.335609,,0.684296,,0.515248,0.213696,48.87084,,10.76934,,8.054246,0.001208,0.0,7.963636,0.143222,3.747575,0.163063,1.504224,0.52058,0.006063,0.0,4.74631,1.253071,,,,0.036599,5.06021,,3.841281,0.006416,24.76117,0.0,,2.625292,,12.38959,1.136904,0.0,9.812596,0.696034,0.0,0.04428,0.019192,2.9369,12.02837,0.0,0.404501,0.03345,3.374649,4.9e-05,38.15963,3.733443,4.2e-05,,,8.580928,0.0,2.852488,,,,,0.152064,13.54483,1.18336,5.02173,14.46221,0.0,4.210072,,2.700896,,4.510918,0.029762,0.00959,0.121159,,,3.833336,1.072543,0.0,3.345306,0.466087,0.0,0.171984,3.30259,2.483656,0.0,3.897787,0.0,,0.0,0.051951,0.152667,,,,0.815485,0.0,0.291984,0.000196,3.28354,2.896113,19.26613,,0.0,,0.0,0.009025,0.479563,1.535404,,0.0,6.096613,12.90891,19.40867,,2.257442,269.5011,,2.774946,0.000509,19.72724,0.022652,0.0,0.09608,0.124282,13.54071,4.282636,4.184336
15,1985,0.000838,1.245818,1.993927,0.0,,0.0,0.005977,6.065964,,0.0,0.0,10.62514,,,3.778133,,3.670444,5.9125,19.00065,,0.058532,0.097683,,,0.113628,0.0,1.367281,114.26,0.039003,0.15387,2.65545,0.480517,2.24548,53.50577,,7.143024,242.5806,6.322949,5.87766,27.23125,0.943073,0.0,6.733885,0.076331,0.062876,3.210097,2.752806,0.0,,,,0.093868,0.006909,,0.49146,3.746766,,4.190327,10.60441,0.0,,,0.0,,,0.000334,,0.0,0.0,0.481988,13.601,,9.016704,0.0,6.660872,0.047582,0.265617,1.231503,0.356804,,0.0,0.0,5.598364,0.140234,0.0,0.750652,1.153199,5.904237,,1.170746,,117.83,189.1047,,3.374212,0.338979,,0.621972,,0.70032,0.190676,49.57005,,11.0795,,8.1219,0.00126,0.0,8.15992,0.08987,3.833723,0.15408,1.588704,0.49684,0.006112,0.0,4.79498,1.270779,,,,0.03381,5.17806,,4.035291,0.006644,25.20789,0.0,,2.705668,,12.83629,1.20166,0.0,9.945264,0.715941,0.0,0.04638,0.02584,3.030661,7.975916,0.0,0.41522,0.031313,3.477489,4.9e-05,38.11264,3.786067,4.3e-05,,,8.648519,0.0,3.48426,,,,,0.120834,13.95247,1.179031,5.1176,14.76191,0.0,4.338844,,2.662464,,4.594237,0.022961,0.0098,0.12782,,,3.974776,0.781525,0.0,3.395119,0.211519,0.0,0.114456,3.360387,2.487077,0.0,3.94524,0.0,,0.0,0.051876,0.168753,,,,0.829948,0.0,0.290584,0.000221,3.236084,2.922834,19.08575,,0.0,,0.0,0.009958,0.225006,1.544826,,0.0,6.26447,13.1372,19.87535,,2.370329,264.2509,,2.872571,0.000515,20.14848,0.016604,0.0,0.09608,0.126908,14.62594,4.346139,4.25482
16,1986,0.000856,1.226904,2.027536,0.0,,0.0,0.006892,5.796657,,0.0,0.0,10.87306,,,3.891999,,3.726389,5.989295,19.17348,,0.069249,0.119834,,,0.105216,0.0,1.457859,116.2344,0.039427,0.154027,2.660501,0.483304,2.261808,56.8787,,7.451604,241.9454,6.39281,6.17983,27.82847,1.05471,0.0,7.085783,0.079306,0.066613,3.179131,2.742408,0.0,,,,0.103692,0.007661,,0.489264,3.969953,,4.290207,10.28183,0.0,,,0.0,,,0.000334,,0.0,0.0,0.501431,14.79288,,8.99294,0.0,6.684226,0.048568,0.279795,1.248199,0.322736,,0.0,0.0,5.731364,0.146273,0.0,0.743866,1.158477,5.714067,,1.184399,,117.5217,193.2479,,3.465672,0.248966,,0.752766,,0.68042,0.171067,49.7791,,11.30948,,8.199088,0.001278,0.0,8.387691,0.077538,3.83371,0.123735,2.042851,0.522173,0.006034,0.0,4.792674,1.296838,,,,0.036708,5.045796,,4.225388,0.006721,26.20554,0.0,,2.676731,,13.05531,1.209401,0.0,10.18875,0.723755,0.0,0.0472,0.027216,3.202863,9.289352,0.0,0.421892,0.022309,3.555046,4.9e-05,38.87397,3.84673,4.4e-05,,,8.677512,0.0,3.760068,,,,,0.103699,14.24065,1.186296,5.82508,14.83552,0.0,4.426032,,2.698167,,5.061599,0.021699,0.014812,0.133119,,,3.974776,0.605118,0.0,3.458216,0.314986,0.0,0.139264,3.386817,2.474529,0.0,4.028983,0.0,,0.0,0.053304,0.14806,,,,0.400119,0.0,0.28932,0.000232,3.342288,2.985062,19.08832,,0.0,,0.0,0.010102,0.203909,1.570401,,0.0,7.607692,13.35608,20.23886,,2.635656,284.406,,2.870285,0.000524,20.67908,0.025112,0.0,0.11724,0.130551,14.76428,4.433237,4.3167
17,1987,0.000861,1.232164,2.09112,0.0,,0.0,0.00725,6.204439,,0.0,0.0,10.16037,,,3.992853,,3.809154,6.155975,19.19469,,0.073393,0.111159,,,0.120084,0.0,1.600017,118.2002,0.038923,0.157674,2.642808,0.473797,2.294356,61.01436,,7.277412,241.7179,6.55083,6.366956,28.61337,1.039296,0.0,7.087402,0.082515,0.066877,3.219752,2.628548,0.0,,,,0.112953,0.008344,,0.485528,3.84618,,4.609967,10.27655,0.0,,,0.0,,,0.000334,,0.0,0.0,0.302594,16.32886,,8.91866,0.0,6.735969,0.055676,0.298458,1.268844,0.368976,,0.0,0.0,5.880324,0.14464,0.0,0.746487,1.581175,5.788116,,1.208999,,117.4754,197.1192,,3.539499,0.249782,,0.827194,,0.739176,0.178555,53.93036,,11.605,,8.253761,0.001311,0.0,9.210541,0.084487,3.93221,0.118948,2.314776,0.516079,0.006105,0.0,4.88252,1.311851,,,,0.053363,5.080179,,4.422604,0.006936,26.70735,0.0,,2.749511,,13.10779,1.152451,0.0,10.4341,0.736391,0.0,0.054304,0.037535,3.397749,9.763363,0.0,0.429218,0.02242,3.706674,4.9e-05,39.93383,3.826286,4.5e-05,,,8.78905,0.0,3.527004,,,,,0.087003,14.60799,1.132456,6.031376,15.16955,0.0,4.570832,,2.720984,,5.209048,0.023767,0.017095,0.139144,,,3.97396,0.619719,0.0,3.509298,0.332412,0.0,0.112404,3.358003,2.485479,0.0,4.065273,0.0,,0.0,0.055865,0.113287,,,,0.289267,0.0,0.159184,0.000232,3.433507,3.062163,19.5214,,0.0,,0.0,0.010118,0.200464,1.595928,,0.0,8.15764,13.6463,20.46652,,2.772339,283.3013,,3.170254,0.000556,21.13302,0.024612,0.0,0.091656,0.13262,16.29172,4.509053,4.46122
18,1988,0.000825,1.240789,2.087285,0.0,,0.0,0.00776,6.263925,,0.0,0.0,10.95681,,,4.099973,,3.846669,6.244866,19.36941,,0.065733,0.13381,,,0.121392,0.0,1.4529,118.9077,0.0224,0.159677,2.646762,0.46921,2.291636,61.31208,,7.15696,239.2331,6.24091,6.414325,29.55945,1.09327,0.0,7.223451,0.085282,0.066505,3.250983,2.58568,0.0,,,,0.123278,0.009061,,0.534144,4.097747,,4.653315,10.35404,0.0,,,0.0,,,0.000484,,0.0,0.0,0.418347,16.99513,,8.99594,0.0,6.773979,0.061186,0.315323,1.297965,0.336,,0.0,0.0,5.990272,0.145776,0.0,0.759729,1.464865,5.947443,,1.207299,,116.4776,198.3559,,1.03641,0.251007,,0.821073,,0.80116,0.143282,54.75991,,11.8507,,8.075064,0.001302,0.0,10.11964,0.092108,4.001963,0.115546,2.59112,0.550376,0.006034,0.0,4.963622,1.307377,,,,0.046643,5.190953,,4.624613,0.007028,27.11806,0.0,,2.832932,,13.23912,1.004697,0.0,10.43174,0.750105,0.0,0.064428,0.054763,3.578806,13.95125,0.0,0.440015,0.02416,3.800757,4.9e-05,39.81207,3.899035,2.8e-05,,,8.730252,0.0,3.165252,,,,,0.099691,14.82557,1.117954,6.100128,14.80503,0.0,4.576724,,2.773066,,5.246663,0.022887,0.024868,0.141734,,,3.97396,0.598299,0.0,3.561778,0.345731,0.0,0.103768,3.356497,2.521988,0.0,4.161846,0.0,,0.0,0.057819,0.165015,,,,0.746056,0.0,0.154047,0.00027,3.399421,3.104389,19.57956,,0.0,,0.0,0.006279,0.108648,1.596143,,0.0,7.696162,13.71321,20.55104,,2.614301,271.6591,,3.308164,0.000565,21.07367,0.039155,0.0,0.09102,0.132795,16.19075,4.566444,4.629629
19,1989,0.000821,1.254845,2.115984,0.0,,0.0,0.00789,6.515974,,0.0,0.00682,10.48664,,,4.225164,,3.933636,6.375881,19.50353,,0.051416,0.152223,,,0.124028,0.0,1.412509,124.2765,0.032891,0.157979,2.650852,0.46562,2.326024,61.95996,,6.981952,237.8462,6.324206,6.687123,30.67558,1.120522,0.0,7.275297,0.089766,0.068627,3.37105,2.468536,0.0,,,,0.131479,0.010672,,0.548588,4.277603,,4.674019,10.58465,0.0,,,0.0,,,0.000484,,0.0,0.0,0.349952,17.39912,,9.1396,0.0,6.901095,0.058316,0.333008,1.322554,0.339428,,0.0,0.0,6.194944,0.149304,0.0,0.757751,1.221197,5.86378,,1.237325,,115.5112,200.8408,,1.098745,0.251376,,0.812484,,0.822304,0.156846,54.36575,,12.12242,,8.022426,0.001335,0.0,10.43754,0.06924,3.935191,0.116777,2.844028,0.523746,0.006039,0.0,4.906187,1.30597,,,,0.044825,5.199874,,4.814411,0.013497,27.78263,0.0,,2.842387,,13.43924,0.984812,0.0,10.57678,0.762542,0.0,0.063746,0.096332,4.07158,14.39302,0.0,0.449731,0.023306,3.968905,4.9e-05,39.90697,3.915913,2.8e-05,,,8.763697,0.0,3.080204,,,,,0.052167,15.46448,1.117936,5.997308,14.7283,0.0,4.874992,,2.775776,,5.346611,0.022239,0.018463,0.133344,,,4.501928,0.482061,0.0,3.623077,0.577106,0.0,0.124916,3.337709,2.567866,0.0,4.23758,0.0,,0.0,0.058333,0.102401,,,,0.645419,0.0,0.153719,0.00027,3.437789,3.159746,20.08764,,0.0,,0.0,0.007862,0.1182,1.678312,,0.0,7.656432,13.78583,20.77182,,2.53965,276.0502,,3.074278,0.0006,21.03505,0.038076,0.0,0.091101,0.135282,17.54667,4.688113,4.628538
20,1990,0.001616,1.283967,2.179891,0.0,,0.001028,-0.044289,6.046122,,0.0,0.007011,12.01739,10.06584,,4.364492,4.267673,3.980817,6.5725,19.31934,,0.022476,0.160535,,,0.125891,0.0,1.503704,122.6083,0.034932,0.108189,2.631703,0.467247,2.321324,49.21532,3.715302,8.086759,232.4398,6.918654,6.750622,32.04001,1.216198,0.0,7.279995,0.098267,0.071157,3.336516,2.765349,0.001633,,,,0.145049,0.012919,,0.522497,4.09453,,5.193355,10.91885,0.0,,,0.0,,,0.00054,25.72697,0.000333,0.0,0.62815,17.24216,,9.507268,7.6e-05,7.081855,0.065842,0.35444,1.349616,0.343966,,0.0,8.7e-05,6.382021,0.149462,0.0,0.724757,1.19416,5.817334,,1.25074,,111.4754,211.2509,,1.270468,0.279733,0.084525,0.957347,,0.830898,0.143616,50.94492,,12.38726,,7.992388,0.001468,7.7e-05,11.95275,0.070626,4.037189,0.110467,2.665246,0.509992,0.006246,0.0,4.857676,0.891508,,,,0.045764,4.979614,,5.569455,0.010811,27.68665,0.0,,2.926496,,23.44282,0.805377,0.0,10.71268,0.787649,0.0,0.056018,0.071804,4.111371,15.4853,0.02482,0.461201,0.023285,4.072399,4.9e-05,40.25047,3.927312,2.9e-05,,6.2249,8.810044,0.0,4.201808,,375.517547607422,,80.07421875,0.06245,16.34672,1.23563,5.570317,14.52027,0.0,4.788265,,2.864403,,5.541281,0.022683,0.018789,0.133919,,,4.350599,0.521516,0.0,3.673477,0.396364,0.0,0.172974,3.28249,2.587026,0.0,4.330122,0.0,,0.0,0.060056,0.100471,,,,0.645626,0.009217,0.129831,0.000494,3.519859,3.244846,20.11407,,0.0,,0.0,0.003572,0.124739,1.750876,7.959569,0.0,5.751984,13.89456,21.08093,,2.653695,279.9123,,3.313378,0.000803,20.81148,0.037781,0.0,0.091806,0.13721,17.2817,4.833087,4.609142
21,1991,0.001171,1.316902,2.248086,0.0,,0.001154,-0.029628,6.359338,,0.0,0.005128,10.94125,9.46905,,4.413939,3.85902,4.032705,6.658146,19.42431,,0.022365,0.139901,,,0.121627,0.0,1.556927,124.1655,0.066501,0.10479,2.651145,0.468609,2.310575,46.82185,2.534882,9.533814,230.213,6.819886,6.818572,33.73194,1.067889,-1.8e-05,7.335077,0.10233,0.073277,3.367494,2.833538,0.004231,,,,0.150402,0.015422,,0.519882,4.507633,,4.975986,11.37125,0.0,,,0.0,,,0.000427,25.38977,0.000319,0.001183,0.318857,15.21125,,8.173278,4.2e-05,7.379546,0.062055,0.373711,1.365639,0.315415,,0.0,0.000103,7.025634,0.152976,0.0,0.711218,1.014232,5.799691,,1.274083,,110.1738,215.4576,,1.44692,0.258033,0.08014701,1.027349,16.398,0.755282,0.148603,50.22488,,12.71535,,8.042627,0.001404,0.000153,11.83187,0.07153,4.063904,0.110053,2.490548,0.517795,0.006845,0.0,6.818427,0.922552,,,,0.04838,5.474364,,5.79729,0.019328,27.9495,0.0,,3.022206,,23.5705,0.538901,0.0,10.90578,0.805069,0.0,0.053949,0.068728,4.082681,15.0885,0.02482,0.466277,0.023249,4.206048,4.3e-05,40.7939,3.924371,-5.8e-05,,5.7323,8.810386,0.0,3.279222,,364.621246337891,,77.304573059082,0.062983,16.44115,1.158472,5.636804,13.58837,0.0,4.640281,,2.901062,,5.679246,0.024377,0.019169,0.130329,,,4.348649,0.885022,0.0,3.698245,0.446062,0.0,0.119256,3.205473,3.229203,0.0,4.475169,1.2e-05,,0.0,0.061524,0.094922,,,,0.656872,0.007456,0.150359,0.000376,3.583254,3.335956,19.72542,,0.0,,0.0,0.006203,0.104538,1.761831,7.698288,3e-05,6.957305,14.17119,21.53955,,2.758045,269.6135,,3.381202,0.00085,20.95626,0.041703,0.0,0.091828,0.146588,17.44773,4.964202,4.636791
22,1992,0.008113,1.373105,2.314484,-2.1e-05,,0.007946,0.153831,7.706595,6e-06,0.000814,0.007107,11.33867,9.698777,-0.000158,4.46895,4.052379,4.066954,6.83281,19.50591,,0.02992,0.144463,,6.671333,0.122384,0.0,1.667819,125.8261,0.033973,0.080972,2.684482,0.470444,2.485394,52.19222,2.528456,10.70732,228.2527,6.925661,6.923148,35.89562,1.170126,0.000916,6.893786,0.10733,0.076521,3.53956,2.304885,0.009832,,,,0.151445,0.010404,,0.615101,4.077528,,5.102747,11.67369,0.0,,,0.0,,,0.000791,24.7913,0.008108,0.005316,0.503258,15.79749,-0.002668,10.83282,0.002506,5.568577,0.083551,0.404635,1.372572,0.319377,,0.006384,0.00643,7.200238,0.156541,0.0,0.716445,0.917046,5.691338,,1.310914,,108.3342,217.0054,,1.348636,0.07201,0.073961,1.258366,16.513,0.602105,0.244333,47.70065,0.249099,13.06094,-2.4e-05,7.651888,0.002057,0.000759,11.89524,0.099137,3.941408,0.155477,2.404481,0.567817,0.041875,0.0064,6.680166,0.92888,,,,0.058179,5.583087,0.161364,6.076418,0.0249,27.9702,0.001951,,3.057233,,23.7497,0.505717,7.3e-05,11.1188,0.824189,0.000685,0.057532,0.068002,4.154794,18.20932,0.02482,0.470694,0.023164,4.429575,0.000466,41.6017,3.821855,0.000193,,5.8351,8.836665,0.000992,3.39571,,366.250579833984,,75.5886383056641,0.084346,16.66867,1.131558,5.424591,13.36346,0.0018,4.154977,,2.980017,,5.706603,0.031324,0.017809,0.139747,,120.7751,4.371633,0.892263,0.0,3.731814,0.352211,7.8e-05,0.173756,3.185315,2.715071,0.0,4.80167,-0.001634,,0.0,0.063072,0.102115,,,,0.721694,0.013704,0.268825,0.002104,3.688462,3.443817,20.22701,0.0,0.000109,6.8e-05,0.0,0.006744,0.145243,1.829475,7.656219,0.000294,6.143472,14.64766,22.20881,-0.00858,2.760184,264.9475,6.2e-05,4.035536,0.003045,21.02012,0.04114,0.000691,0.096286,0.266623,16.77561,5.085494,4.656307
23,1993,0.011625,1.435661,2.500326,0.0,,0.007884,0.272581,7.002213,7e-06,0.000605,0.00541,11.54618,9.512119,-0.000783,4.59572,4.1893,4.108062,7.033422,19.52411,,0.021039,0.14556,,5.80184,0.125504,0.0,1.791428,127.1371,0.031741,0.072556,2.673481,0.479311,2.467548,53.94881,2.546612,11.46549,225.6525,7.065856,7.074445,38.67641,1.319025,0.002845,6.871754,0.115986,0.081043,3.568448,2.40823,0.008541,,4.288648,,0.157705,0.012002,3.46616,0.652116,4.423838,,3.410679,11.57218,1.175621,,,52.5374,,,0.00082,23.90319,0.003665,0.004004,0.664845,15.71168,-0.000818,13.05923,0.007262,5.653796,0.069561,0.422865,1.386168,0.319741,,0.003598,0.004918,7.590768,0.07271,0.0,0.785619,1.463105,5.706361,,1.338415,,106.1961,218.8692,,1.226053,0.067474,0.068786,1.220772,15.083,0.715692,0.251103,48.18883,0.154581,13.397,0.001329,7.648859,0.002082,0.003373,12.04509,0.132295,4.094873,0.200656,2.47098,0.657178,0.035056,0.00588,6.784769,0.95336,,,,0.035281,5.331609,0.180146,6.207127,0.052415,28.16807,0.002903,,3.156697,,23.3796,0.467953,4.7e-05,11.41644,0.837162,0.000723,0.055,0.074627,4.013279,18.6077,0.02482,0.483971,0.02146,4.588845,0.000397,42.43706,3.847511,0.000593,,5.5564,8.897434,0.00086,3.335522,,372.833160400391,,76.3363952636719,0.126251,16.67706,1.192495,5.735161,13.30474,0.001916,4.696171,,3.141182,,5.853107,0.025004,0.009501,0.131068,,84.75891,4.369647,1.332451,0.0,3.820612,0.244885,7.3e-05,0.221129,3.133302,2.742295,0.0,4.896811,0.001743,,0.0,0.063695,0.087844,,,,0.631369,0.007056,0.181547,0.002112,3.830147,3.631478,19.77111,0.000125,2e-06,0.00016,0.151326,0.005165,0.137779,1.730722,8.821849,0.00016,5.112376,14.86969,22.70905,-0.015868,2.919036,268.8106,0.000198,3.668373,0.002929,20.90696,0.038887,0.000585,0.09199,0.227753,16.24692,5.210222,4.64194
24,1994,0.011578,1.510315,2.555032,0.0,,0.007506,0.347649,6.976002,1.2e-05,0.000481,0.005987,12.02728,10.99608,-0.00068,4.795874,4.614787,4.142989,7.233933,19.52048,,0.034901,0.163812,,5.80408,0.119711,0.0,1.859794,128.5968,0.039012,0.072675,2.683508,0.517136,2.350044,55.79528,2.891284,11.56995,220.2347,7.434368,7.096521,40.71851,1.383343,0.002043,6.860855,0.11655,0.089266,3.900988,2.41544,0.008887,,3.82758,,0.164795,0.011739,4.20433,0.671157,4.569172,,6.515496,12.21872,1.22011,,,54.0499,,,0.000763,26.12395,0.003395,0.00528,0.875418,16.9216,-8.9e-05,14.72223,0.000487,5.800554,0.072635,0.41033,1.395332,0.330353,,0.006772,0.004834,7.771818,0.074022,0.0,0.865872,1.731438,5.825562,,1.380938,,101.5189,220.1948,0.835619,1.452661,0.067071,0.057075,1.013192,17.083,0.64578,0.290493,48.35039,0.174687,13.64722,3.5e-05,7.765525,0.002644,0.003202,12.27692,0.139258,4.058972,0.254362,2.272076,0.661008,0.035244,0.01124,7.124764,0.9792,,,,0.026699,5.791426,0.242636,6.325444,0.01988,28.93862,0.002903,,3.233496,,23.2487,0.439873,6.8e-05,11.75532,0.853584,0.002155,0.050152,0.075643,4.087497,19.29466,0.02482,0.489912,0.021942,4.732969,0.000337,43.45146,3.819247,0.000721,,7.6191,8.851041,0.00025,3.709053,,376.196990966797,,77.376838684082,0.096702,16.90909,1.256553,6.295136,13.29863,0.001949,4.16595,,3.230919,,5.951836,0.026242,0.008511,0.131021,7.816068,52.00051,4.404673,1.758514,0.0,3.897988,0.590406,0.000227,0.110252,3.078559,2.784472,0.0,5.023634,0.001009,,0.0,0.064973,0.09477,,,,0.641176,0.007351,0.221069,0.002439,3.925157,3.671374,20.10785,0.000125,2e-06,0.00091,0.144668,0.006513,0.170164,1.898385,7.729796,0.000474,6.518127,15.06722,23.35339,-0.015868,3.010386,269.1313,0.003999,3.537862,0.002883,21.17791,0.038861,0.000585,0.091502,0.203363,17.37409,5.458362,5.340623
25,1995,0.011583,1.577807,2.575724,0.0,,0.007506,0.363818,7.127768,0.042314,0.000481,0.005987,12.5684,11.38356,0.000768,4.988581,4.069532,4.16657,7.357468,19.51128,,0.053516,0.161821,,5.632416,0.125013,0.0,1.958419,130.7961,0.037613,0.085194,2.684185,0.521991,2.385744,59.12099,2.913393,12.40002,217.2844,7.534935,7.408974,42.13678,1.509918,0.002043,6.887161,0.132668,0.089389,3.947298,2.435855,0.008887,,4.201491,,0.171062,0.012802,4.455022,0.696221,4.575122,,7.492712,12.73501,1.259265,14.14492,,55.22317,,,0.000763,27.39603,0.003395,0.005306,0.817122,15.40865,0.000453,15.69035,0.000487,8.562081,0.066569,0.414033,1.410391,0.361606,,0.008112,0.004834,8.063066,0.075817,0.0,0.920562,1.536456,5.792213,,1.442321,1.796416,97.12824,221.0621,0.777669,1.410069,0.067575,0.06445099,1.115777,17.814,0.521441,0.338567,48.65081,0.178432,13.88068,3.5e-05,7.744158,0.002663,0.003202,12.84891,0.107111,4.217008,0.233251,1.99622,0.68017,0.035246,0.01,7.175812,1.00504,,,0.154329,0.028917,5.915019,0.332948,6.637968,0.008625,30.03279,0.002903,,3.271457,,22.63955,0.37921,6.8e-05,12.14351,0.869876,0.002155,0.033856,0.068805,4.26319,19.56693,0.025186,0.496945,0.022444,4.885985,0.000337,44.30661,3.790718,0.000721,,7.8743,8.896752,0.00025,3.860016,,377.044769287109,,79.0439147949219,0.125473,16.81513,1.176349,5.660828,13.2087,0.001949,4.001765,,3.301327,10.37242,6.045911,0.023825,0.011558,0.138682,7.956328,47.55319,3.656686,1.827968,0.0,3.875439,1.377417,0.000227,0.076568,3.22051,3.340213,0.0,5.192752,0.001009,,0.0,0.066455,0.093563,,1.00064,,0.824967,0.007351,0.1818,0.002439,4.010912,3.713945,19.59194,0.000125,2e-06,0.000912,0.137284,0.006204,0.192666,1.928596,8.743844,0.000474,7.219932,15.28198,23.68967,3.882581,2.831961,264.6565,0.000635,3.661605,0.002926,21.40529,0.038861,0.000585,0.092105,0.246166,17.38916,5.53711,5.529131
26,1996,0.011585,1.642425,2.614185,0.0,,0.007506,0.28546,7.48743,0.042292,0.000481,0.005987,12.45088,12.27164,0.049856,5.216617,3.857836,4.190553,7.467,19.54042,,0.057858,0.147454,,8.750976,0.126879,0.0,1.905777,132.1782,0.034986,0.098291,2.706098,0.526601,2.127956,58.86749,2.464784,11.01146,223.8291,7.439646,7.455882,43.17471,1.30992,0.002043,7.004333,0.138843,0.091574,4.005555,2.40331,0.008887,,4.233942,,0.18055,0.019265,4.166645,0.655664,4.544534,,7.734704,12.6612,1.329966,13.84317,,55.98695,,,0.000763,24.46217,0.003395,0.005345,0.371581,15.4224,0.00015,16.37206,0.000487,8.602536,0.066532,0.413913,1.426115,0.339778,,0.008112,0.004834,8.025522,0.080843,0.0,0.905179,1.588181,5.958245,,1.447257,1.653466,95.23877,214.6516,0.674631,1.415879,0.068115,0.06632701,1.109884,16.777,0.633939,0.295207,48.6758,0.405315,14.07276,0.032431,7.768828,0.002704,0.003202,12.84044,0.114973,4.054984,0.261038,2.084495,0.690502,0.035323,0.0074,7.179244,1.03156,,,1.947985,0.022373,5.728452,0.30636,6.866456,0.008852,29.49562,0.002903,,3.337338,,23.33046,0.345686,6.8e-05,12.1654,0.890168,0.002155,0.033856,0.084669,4.194204,18.05172,0.025186,0.507879,0.02305,5.043212,0.000337,45.02691,3.842528,0.000721,3.301318,7.189,8.909684,0.00025,3.517604,,371.530242919922,,78.5946044921875,0.117258,20.29124,1.137764,5.540756,13.41252,0.001949,4.270239,,3.385371,9.712617,5.979308,0.022071,0.0146,0.139375,7.902678,41.60486,3.942014,1.311751,0.0,3.922847,1.307017,0.000227,0.1071,3.214706,3.055425,0.0,5.410918,0.001009,,0.0,0.067296,0.154361,,1.188085,,0.628549,0.007351,0.20682,0.002462,4.106951,3.734359,19.19559,0.002446,2e-06,0.002855,0.131266,0.004122,0.146758,1.879403,9.937607,0.000474,6.923516,15.41601,24.06069,3.871924,2.948212,261.1458,0.005005,3.529483,0.002895,21.43272,0.035737,0.000585,0.090373,0.281213,17.8219,5.524771,5.656915
27,1997,0.011575,1.703642,2.679777,0.0,,0.007506,0.348665,7.966294,0.044164,0.000481,0.005987,13.15051,11.96441,0.084744,5.337551,4.174848,4.228452,7.578129,19.55754,,0.068149,0.16582,,9.852129,0.126879,0.0,1.955196,132.8148,0.062136,0.095598,2.741988,0.521129,2.235396,59.96232,2.465352,11.04501,223.6684,7.499754,6.899257,44.04712,1.496793,0.002043,6.972254,0.141903,0.093875,3.995507,2.405847,0.008887,,4.691556,,0.186227,0.021898,4.677192,0.720785,4.645244,,8.377348,12.99075,1.371983,13.51016,,57.23896,,,0.000763,25.36727,0.003395,0.005425,0.355246,15.97944,-0.025199,16.96081,0.000487,5.856788,0.066532,0.416836,1.450314,0.46381,,0.013719,0.004834,8.17297,0.081888,0.0,0.931639,1.284902,5.839535,,1.458603,1.708048,95.26392,215.2974,0.869238,1.467568,0.109831,0.068273,1.168584,17.846,0.656102,0.290204,46.75146,0.373274,14.27614,0.057354,7.797528,0.002712,0.003202,12.81549,0.115223,4.221444,0.381041,2.380309,0.714645,0.035391,0.0074,4.713648,1.05808,,,0.963691,0.018601,5.499465,0.318748,6.239424,0.009097,30.4434,0.002903,,3.383852,,23.22037,0.312582,6.8e-05,12.18717,0.90431,0.002155,0.033856,0.029565,4.211841,18.85746,0.025186,0.518558,0.012196,5.20485,0.000337,46.10724,3.794477,0.000721,3.62252,7.6671,8.95902,0.00025,3.651284,,376.874389648438,,77.5373306274414,0.041871,21.55679,1.095741,5.917176,13.18401,0.001949,3.878484,,3.574634,10.06901,6.096241,0.030186,0.01382,0.140248,8.493095,61.27512,5.044764,1.217612,0.0,3.972348,0.472328,0.000227,0.10754,3.456151,3.639355,0.0,5.674951,0.001009,,0.0,0.068674,0.127468,,1.336861,,0.638319,0.007351,0.322748,0.002458,4.203037,3.786233,18.00176,0.002446,2e-06,0.006853,0.128069,0.004253,0.193476,1.992045,9.141644,0.000474,7.038506,15.50811,24.4245,3.450488,3.04163,264.4559,0.005005,3.589589,0.002949,21.27381,0.039734,0.000585,0.090443,0.290527,19.04523,5.612096,5.83547
28,1998,0.011955,1.746318,2.755947,0.0,,0.007502,0.519002,7.99343,0.043699,0.000481,0.006006,10.19534,11.32351,0.160058,5.463426,4.318297,4.227711,7.691824,19.52376,,0.066527,0.087689,,3.036661,0.126444,0.0,1.965744,131.0464,0.059425,0.086303,2.80557,0.515442,2.264,53.16373,2.819262,12.04376,222.0652,7.57241,6.277242,44.86016,1.321016,0.002117,7.260109,0.145076,0.09888,3.414248,2.394019,0.008908,,5.645505,,0.197107,0.018308,4.631277,0.67604,4.820442,,8.157149,13.22847,1.425059,14.32465,,57.9258,,,0.000768,25.84103,0.00348,0.005424,0.966178,14.57298,0.170863,17.55881,0.000505,5.864661,0.051079,0.417504,1.496124,0.410784,,0.005486,0.004878,8.310867,0.094604,0.0,0.827991,1.515433,5.976431,,1.455103,1.622698,96.2578,216.4873,1.003315,1.300836,0.123534,0.070749,1.077288,18.728,0.686236,0.408379,47.51531,0.12359,14.31256,0.057656,7.724721,0.002745,0.003202,9.626784,0.11514,4.271493,0.458931,2.70322,0.680371,0.035396,0.0074,4.653308,1.08392,,,0.430115,0.013667,5.602968,0.328568,6.168412,0.009129,31.22912,0.002903,,3.417532,,22.65431,0.260813,9.7e-05,12.20908,0.930936,0.002155,0.033856,0.09484,4.248925,13.49989,0.024978,0.517732,0.028835,5.324079,0.000337,46.22353,3.86502,0.000722,4.178668,8.2572,9.413663,0.00025,3.58342,,377.344360351563,,71.9981384277344,0.050249,22.14011,0.976526,6.447761,12.56087,0.001949,4.636611,,3.823815,10.08254,6.228359,0.033176,0.021905,0.14086,6.889631,53.75636,5.118127,1.27645,0.0,4.01376,0.262839,0.000227,0.11104,3.53965,3.604327,0.0,5.876431,0.001021,,0.0,0.071823,0.111173,4.318015,1.246291,40.19947,0.652408,0.007484,0.39123,0.002499,4.317538,3.839,16.41206,0.02204,2e-06,0.014373,0.125889,0.00589,0.179403,1.967904,9.328282,0.000474,6.814272,15.5464,24.72492,4.946678,3.092521,270.2334,0.051597,3.570745,0.002978,23.40847,0.035435,0.000585,0.0909,0.313193,15.58591,5.718724,5.944946
29,1999,0.011973,1.802256,2.840865,0.0,,0.007502,0.5794,6.389417,0.044269,0.000481,0.006006,9.795272,12.68554,0.177656,4.01031,4.376558,4.272185,5.324957,19.57558,,0.054832,0.089391,,3.32498,0.123059,0.0,1.812624,140.9186,0.059749,0.087109,2.916084,0.519322,1.79744,58.2464,2.683248,12.42562,222.3414,7.621655,6.407751,45.61669,1.430491,0.002117,7.522773,0.149451,0.1027,3.346025,1.109004,0.008908,,5.321355,,0.202097,0.014687,4.484011,0.692304,4.995117,,4.114558,13.94856,1.478572,14.84947,,59.07557,,,0.000762,26.17073,0.00348,0.005444,0.257833,14.83604,0.185331,18.08893,0.000505,8.298005,0.051079,0.421383,1.552697,0.535724,,0.005486,0.004878,8.653304,0.094966,0.0,0.867021,1.393868,5.908173,,1.467638,2.164486,95.58993,217.2596,1.082528,1.497828,0.124396,0.074482,1.211596,19.141,0.712511,0.395076,48.47358,0.398252,14.41667,0.069928,7.605647,0.002771,0.003202,13.05205,0.15983,4.44403,0.336052,3.064771,0.693184,0.035425,0.004567,4.615124,1.36274,,,2.98812,0.009915,5.406054,0.326012,6.345896,0.009269,31.49811,0.002903,,3.466889,,24.77635,0.384244,9.7e-05,12.25715,0.966019,0.002155,0.033856,0.10393,4.277486,12.85673,0.02495,0.522018,0.031292,5.461428,0.000336,46.56399,3.903107,0.000722,4.119641,7.5454,9.472435,0.00025,3.9923,,385.732330322266,,76.5247955322266,0.051723,22.79735,1.009194,6.368476,12.85885,0.001949,4.426392,,3.865979,10.73858,6.365488,0.034471,0.034493,0.140931,6.924993,59.79618,5.326523,1.277101,0.0,4.076527,0.336265,0.000227,0.11104,3.629454,3.671497,0.0,6.107312,0.001021,,0.0,0.073403,0.083254,4.035824,1.296722,40.38537,0.665277,0.007484,0.442403,0.002519,4.428201,3.910841,16.96236,0.02204,2e-06,0.014373,0.123872,0.006017,0.172629,1.885427,8.874552,0.000474,7.342758,15.59728,25.07946,4.419086,3.295819,272.6934,0.045871,3.935443,0.002994,23.02158,0.08032,0.000585,0.089594,0.295891,14.61603,5.824687,6.132034
30,2000,0.012031,1.846094,2.895012,0.0,,0.007502,0.458482,6.725181,0.04712,0.000481,0.006006,9.955876,,0.151518,4.174458,4.890298,4.280089,5.456117,19.55955,1.72493,0.042656,0.057264,,3.044571,0.130392,0.0,1.821193,143.2439,0.060324,0.089506,2.96592,0.522421,1.794788,64.92931,3.252472,13.89823,217.288,7.746838,6.346311,46.49839,1.468842,0.001244,9.505458,0.153761,0.101829,3.38533,1.271198,0.008908,,6.175578,33.38147,0.210835,0.015762,5.323974,0.66666,4.84018,186.094573974609,4.000362,12.83716,1.537819,15.04315,0.989976,60.22555,271.074951171875,35.50051,0.000756,31.16354,0.00348,0.005612,0.242922,14.96108,0.193724,18.65918,0.000505,8.20857,0.051079,0.488707,1.60337,0.42162,,0.005486,0.003545,8.883503,0.089799,0.0,0.737954,0.149205,5.870037,,1.473815,2.943602,90.88183,217.6577,1.26164,1.56898,0.127508,0.081423,1.039267,20.06729,0.710276,0.416493,48.74631,0.15795,14.46741,0.067179,6.987036,0.00288,0.003202,13.99155,0.16309,4.190893,0.24951,3.388925,0.702925,0.035632,0.013394,4.613737,1.374972,2.146349,1.050185,2.137058,0.006443,5.438281,0.333243,6.574179,0.009659,33.13144,0.002903,,3.507529,0.009585,25.04413,0.367168,9.7e-05,12.21212,0.980788,0.002155,0.033856,0.079433,4.304265,13.61937,0.01992,0.633941,0.031739,5.703879,0.000335,46.8854,3.9275,0.000722,4.209116,7.8755,9.52962,0.00025,4.518764,769.252319335938,395.572174072266,295.428375244141,78.2517700195313,0.057563,22.87875,0.991721,6.419596,12.73137,0.001949,3.888408,14.65079,3.908522,12.57093,6.386492,0.024302,0.020516,0.141003,7.169262,63.18848,3.664928,1.392614,0.0,4.09715,0.135066,0.000227,0.111584,3.728732,3.707878,0.0,6.287961,0.001021,,0.0,0.074443,0.142096,4.408925,1.343742,45.00903,0.67851,0.008463,0.376858,0.002501,4.528555,3.937359,19.26033,0.02204,2e-06,0.014373,0.12191,0.006302,0.181953,1.980253,9.132697,0.000474,7.020112,15.62529,25.32698,5.704659,1.552448,270.7224,0.165088,3.707725,0.003011,23.47413,0.082765,0.000585,0.064115,0.300177,14.49947,11.90828,6.041616
31,2001,0.012065,1.868237,2.951724,0.0,,0.007502,0.505918,5.866199,0.09356,0.000481,0.006006,10.17024,13.03255,0.112696,5.893658,5.044293,4.315377,5.455625,19.6443,1.526871,0.048916,0.062639,,3.235383,0.128332,0.0,1.872491,135.5581,0.038757,0.093266,2.997481,0.525386,1.77432,57.17959,1.560814,13.71167,220.4788,7.268943,6.550037,47.3829,1.503553,0.003849,8.849982,0.157721,0.141539,3.499022,1.183118,0.008908,,5.95615,30.18759,0.223306,0.016474,4.385107,0.689389,5.015313,174.651214599609,4.17649,13.58534,1.567319,14.5627,2.591139,61.12837,255.643173217773,36.8845,0.000749,26.91033,0.00348,0.005632,0.328883,15.18694,0.145672,19.48424,0.000505,8.239429,0.051079,0.494526,1.630159,0.375276,,0.005486,0.00361,9.084941,0.097046,0.0,0.767326,0.115529,5.913101,1.694199,1.475854,2.979557,84.39444,218.638,0.976534,1.6411,0.161,0.070467,0.89867,18.54315,0.691794,0.47689,43.15778,0.253731,14.52931,0.05846,6.851845,0.002912,0.003202,14.29121,0.150272,4.20226,0.263167,3.592632,0.708625,0.035665,0.012354,4.649805,1.379131,2.258837,0.766182,1.384455,0.008029,5.606232,0.331195,6.748621,0.009812,32.24097,0.002903,,3.54625,0.008831,25.9373,0.405768,9.7e-05,12.21933,1.005526,0.002155,0.035535,0.083844,4.325736,12.49367,0.019757,0.643962,0.032034,5.837095,0.000334,47.15876,3.844766,0.000722,3.81407,7.9934,9.51758,0.00025,4.181446,730.643615722656,380.305145263672,277.63916015625,72.699348449707,0.174576,23.99372,0.978077,6.009944,12.43582,0.001949,3.839232,14.65943,4.122804,10.05448,6.498674,0.032201,0.047436,0.141173,7.193829,66.425,3.721848,1.693118,0.0,4.143665,-0.052561,0.000227,0.104784,3.732934,3.783183,0.0,6.563033,0.001021,2.077998,0.0,0.075278,0.135702,4.10755,1.290496,42.59681,0.690757,0.008463,0.42738,0.002518,4.607276,3.924328,20.10631,0.02204,2e-06,0.014369,0.117441,0.006582,0.191893,1.925659,7.679932,0.000474,6.591225,15.73669,25.68133,5.285086,1.510352,264.8239,0.17598,3.665968,0.003037,22.2859,0.080258,0.000585,0.066225,0.320524,14.29725,12.00811,6.095588
32,2002,0.012099,1.919031,3.006292,0.0,,0.007502,0.285151,6.640723,0.048886,0.000481,0.006006,8.210259,12.95293,0.159732,5.98949,5.365619,4.359345,4.910125,19.38541,2.082041,0.027794,0.060029,,3.241364,0.125754,0.0,1.88345,139.4849,0.032094,0.08821,3.040359,0.528586,1.87084,59.24767,1.843018,14.04657,225.3098,6.958574,6.824341,48.24839,1.652573,0.003849,8.341106,0.161804,0.127922,3.339977,1.91888,0.008908,,6.304516,26.76357,0.218878,0.008279,4.34709,0.673767,5.059626,166.628540039063,4.619943,13.23227,0.862515,14.296,1.350345,62.0334,253.912536621094,37.87902,0.000743,23.83625,0.00348,0.005653,0.708261,14.53572,0.181341,20.12445,0.000505,8.268733,0.051079,0.499074,1.655319,0.38944,,0.005486,0.00752,9.362823,0.09933,0.0,0.744022,0.157128,5.957009,1.795388,1.483226,3.211802,85.65594,234.6401,1.123975,1.498763,0.158192,0.069897,0.851069,18.35292,0.601171,0.404835,41.36074,0.47842,14.64217,0.063887,6.678434,0.002944,0.003202,13.91186,0.155093,4.236577,0.273821,3.842627,0.731179,0.035697,0.012354,4.538193,1.383303,2.313084,0.959698,1.398981,0.010251,5.435965,0.359182,6.961155,0.009968,32.33631,0.002903,,3.584057,0.007801,25.51314,0.419968,9.7e-05,12.21743,1.027247,0.002155,0.035699,0.078391,4.349178,11.76338,0.019887,0.619198,0.024009,5.978768,0.000334,47.42293,3.898389,0.000723,3.276601,7.6257,9.504754,0.00025,4.675772,726.102661132813,383.520538330078,273.572418212891,69.0096969604492,0.170246,23.96386,0.955326,6.1724,12.24473,0.001949,3.904159,15.5531,4.156627,9.264133,6.520454,0.024618,0.024434,0.141347,8.740664,63.32914,3.721848,1.765183,0.0,4.166828,0.208157,0.000227,0.112808,3.736915,3.73259,0.0,6.774959,0.001021,4.881874,0.0,0.075436,0.118595,4.34885,1.266116,45.2494,0.727918,0.008218,0.371541,0.002535,4.686963,3.947665,19.36186,0.02204,2e-06,0.014974,0.11314,0.008217,0.184249,1.930853,8.282221,0.000474,6.158235,15.85699,26.03206,6.333358,1.634778,266.2089,0.201656,3.869825,0.003064,23.097,0.078678,0.000585,0.067106,0.33819,13.31992,12.41522,6.098604
33,2003,0.012135,1.961129,3.073618,0.0,,0.007502,0.386728,7.573226,0.05908,0.000481,0.006006,9.497868,13.63311,0.160604,6.137515,4.884522,4.371141,4.998648,19.62287,2.638204,0.069923,0.056518,,3.020412,0.128919,0.0,1.966122,151.6818,0.029969,0.093688,3.074627,0.532024,1.76833,50.57031,2.398066,13.00097,229.4303,6.740218,7.120286,49.17289,1.605324,0.003849,8.15089,0.166014,0.127536,3.341862,1.822867,0.008908,,5.494128,31.79382,0.230657,0.008059,5.473692,0.650741,5.246129,175.292984008789,4.607555,13.85362,0.86355,15.36332,1.628874,63.30358,265.393402099609,38.99493,0.000737,22.55414,0.00348,0.005675,1.353462,13.95343,0.169435,21.05715,0.000505,8.302735,0.051283,0.506121,1.666527,0.1728,,0.005486,0.006965,9.496241,0.109864,0.0,0.764609,0.115908,5.908502,1.971232,1.488087,3.509953,84.25227,237.2916,1.235348,1.842964,0.161728,0.079114,0.884354,19.51681,0.581901,0.432965,40.94366,0.46361,14.78229,0.066972,6.566927,0.002977,0.003202,14.45629,0.170862,4.179378,0.267783,3.973864,0.754704,0.035731,0.012354,4.571378,1.387487,2.346019,0.968304,0.614248,0.006423,5.481828,0.362238,7.196377,0.010126,32.89939,0.002903,,3.623343,0.008159,27.47218,0.426208,9.7e-05,12.22167,1.055819,0.002155,0.0344,0.080885,4.389743,13.2965,0.019737,0.619077,0.038889,6.140424,0.000333,47.73194,3.928004,0.000723,3.491483,7.6727,9.51007,0.00025,4.648052,728.706176757813,373.009124755859,285.266815185547,70.4302215576172,0.171076,24.03107,0.94821,5.961994,12.19388,0.001949,3.898374,15.81272,4.190635,9.520716,6.594284,0.038503,0.038301,0.142042,8.497157,67.82383,3.721848,1.924604,0.0,4.188937,0.115033,0.000227,0.112808,3.747833,3.534023,0.0,7.130329,0.001021,4.614415,0.0,0.076706,0.181568,5.029375,1.53603,46.70334,0.823601,0.008218,0.669438,0.002553,4.768811,4.033183,23.52509,0.02204,2e-06,0.014974,0.10921,0.006801,0.219994,1.974743,8.966821,0.000474,6.748297,15.99376,26.42011,6.963629,1.482748,265.0457,0.336121,3.59098,0.003092,19.96948,0.067404,0.000585,0.066313,0.361052,13.55082,12.8307,6.049516
34,2004,0.012173,2.007412,3.13985,0.0,,0.007502,0.689887,9.209687,0.068811,0.000481,0.006006,9.063491,13.73319,0.188837,6.240276,5.130185,4.345279,6.289619,19.91432,2.779266,0.083495,0.095264,,3.751088,0.125714,0.0,2.038669,142.6545,0.054503,0.088492,3.128662,0.535702,1.856811,64.19775,2.228229,15.10872,232.1216,6.686293,7.161464,50.1676,1.679564,0.003849,7.111082,0.170355,0.135021,3.417037,1.780699,0.008908,,4.746971,32.71912,0.239514,0.012214,5.579431,0.731887,5.563796,182.810287475586,4.496364,13.80912,0.866755,14.97094,2.250065,64.27602,275.811126708984,39.69175,0.000731,23.78174,0.00348,0.005697,1.323968,13.21399,0.216325,21.69959,0.000505,8.338713,0.051079,0.510517,1.701937,0.338195,,0.005486,0.007855,9.754105,0.113154,0.0,0.835291,0.032667,5.988124,1.845284,1.497521,3.77048,83.65743,239.8456,1.337564,1.861176,0.189298,0.088142,1.119152,20.23242,0.580929,0.616187,40.73521,0.685463,14.91356,0.082022,6.449629,0.003011,0.003202,15.04008,0.181913,4.143927,0.406875,3.846465,0.791809,0.035764,0.012354,4.521907,1.391684,2.839126,0.935906,1.070976,0.003909,6.121207,0.354908,7.375931,0.010288,34.71575,0.002903,,3.668525,0.027172,27.16573,0.432968,9.7e-05,12.23384,1.091155,0.002155,0.034658,0.108986,4.415959,15.25337,0.019791,0.72403,0.04413,6.265204,0.000332,48.00266,3.964901,0.000723,3.330262,8.3965,9.507045,0.00025,4.631272,766.118225097656,399.026550292969,296.502502441406,70.5892028808594,0.182062,20.49949,0.925525,6.303771,12.19277,0.001949,3.82472,17.38351,4.162639,10.67411,6.744633,0.052478,0.076569,0.142429,8.764055,66.64828,3.725752,2.140783,0.0,4.211287,0.461972,0.000227,0.107395,3.762598,3.673643,0.0,7.332103,0.001021,4.632168,0.0,0.077755,0.182972,6.14148,1.527952,48.13183,0.783618,0.008218,0.826702,0.002573,4.853831,3.176652,24.17387,0.106934,2e-06,0.014974,0.104831,0.005015,0.222568,2.185712,10.32229,0.000474,6.852859,16.11079,26.85338,7.140755,1.660613,274.4762,0.58937,3.958863,0.003121,20.95157,0.0786,0.000585,0.079044,0.432584,14.22577,13.30725,6.045768
35,2005,0.014641,2.035995,3.199004,0.0,,0.007502,0.788961,8.772078,0.054114,0.000481,0.006006,9.240076,13.70179,0.30677,6.367362,5.213177,4.363863,7.984859,19.68961,2.683345,0.068221,0.095813,,3.7976,0.125714,0.0,2.110514,133.5641,0.05511,0.095581,3.174895,0.539626,1.811065,61.74036,2.351206,16.69202,233.6009,6.450944,7.085058,51.10278,1.796259,0.003849,8.148873,0.174831,0.135021,3.547075,1.824307,0.008908,,5.918103,34.62214,0.243963,0.012182,5.70075,0.72983,5.583537,188.996368408203,4.553123,14.35466,0.865959,15.77881,2.987674,65.2537,298.256439208984,40.6686,0.000725,24.77957,0.00348,0.005719,1.554625,13.76272,0.245701,22.29231,0.000505,8.373956,0.051058,0.51684,1.726079,0.453515,,0.005486,0.00691,9.930956,0.111567,0.0,0.833353,0.018241,6.023317,1.932707,1.502534,3.892606,78.78125,241.787,1.471251,1.636346,0.199854,0.106362,1.130046,19.70238,0.572043,0.608867,38.50964,1.065064,17.69031,0.089932,6.365672,0.003045,0.003202,14.32988,0.186816,4.1761,0.399745,4.03544,0.821758,0.035797,0.012354,4.488859,1.395894,3.08704,0.905616,1.220396,0.005266,5.988841,0.346273,7.56961,0.010452,34.76966,0.002903,,3.708703,0.030759,26.61918,0.430888,9.7e-05,12.22208,1.117335,0.002155,0.034563,0.107249,4.442529,15.40562,0.018144,0.718405,0.044223,6.49142,0.000332,48.2672,3.992765,0.000723,3.541555,9.1407,9.497925,0.00025,4.22566,787.511474609375,399.014587402344,321.061553955078,67.435302734375,0.184453,20.96013,0.996151,6.430508,12.10491,0.001949,4.032548,18.6231,4.226113,9.619689,6.762787,0.040656,0.106435,0.141517,8.456296,62.92922,3.725752,1.968329,0.0,4.23388,0.099857,0.000227,0.107395,3.775974,3.548422,0.0,7.56198,0.001429,4.292046,0.0,0.078657,0.193431,7.997807,1.388136,62.05316,0.850378,0.009075,0.786031,0.002593,4.939248,3.095626,24.32731,0.121354,2e-06,0.014974,0.100943,0.004868,0.24279,2.190503,10.72174,0.000474,6.395358,16.25126,27.28498,7.409184,1.544785,274.1166,0.609197,3.993083,0.003151,21.18316,0.080035,0.000857,0.074456,0.447904,14.09095,13.72375,6.012304
36,2006,0.012004,2.136941,3.246057,0.0,,0.007502,0.860223,8.516914,0.095153,0.000481,0.006006,7.682476,16.71953,0.349343,6.460093,6.11891,4.470823,8.352973,19.41432,2.768825,0.052915,0.067844,,3.831812,0.110333,0.0,2.161621,131.463,0.039233,0.093458,3.212092,0.542538,1.919885,53.27047,2.445802,17.18754,237.481,6.589334,7.349329,51.84244,1.74351,0.003849,7.279091,0.179171,0.129282,3.742289,1.818394,0.008908,,6.878018,36.69548,0.24666,0.006819,5.587428,0.971167,5.346708,194.12907409668,3.96909,14.56979,0.865742,16.6491,2.428559,66.09029,283.436584472656,39.09086,0.00072,25.15691,0.00348,0.005743,1.770404,12.2094,0.39446,23.11538,0.000505,8.408733,0.051072,0.523226,1.75358,0.392695,,0.005486,0.005984,10.09134,0.109102,0.0,0.82214,-0.141189,5.98852,1.953597,1.523827,3.845418,74.19003,242.8553,1.468252,1.575182,0.19559,0.097165,1.208127,20.70803,0.582266,0.56504,37.97366,0.9681,18.34551,0.091833,6.13261,0.003083,0.003202,13.92028,0.19706,4.206239,0.39183,4.233306,0.846673,0.037816,0.00988,4.351868,1.401167,3.002101,1.21718,1.028539,0.005982,5.88755,0.348073,9.001152,0.01059,36.38085,0.002903,,3.74557,0.029112,27.28964,0.44701,9.7e-05,12.19267,1.158291,0.002155,0.03442,0.086605,4.469535,15.60617,0.018122,0.722223,0.035076,6.620991,0.000331,48.50219,3.939635,0.000723,3.810086,7.3801,9.463224,0.00025,3.79819,751.46044921875,382.353637695313,304.524078369141,64.5827331542969,0.196666,21.1364,1.012054,6.61927,11.91299,0.001949,4.10513,18.65639,4.161407,9.095831,6.777045,0.039468,0.095564,0.141964,8.234636,65.81762,3.725752,1.794318,0.0,4.253996,0.395976,0.000227,0.107395,3.79018,3.556962,0.0,7.900585,0.001429,4.56338,0.0,0.078591,0.193203,7.356554,1.277836,41.38321,0.855227,0.009075,0.645335,0.002619,5.013863,3.08612,24.15535,0.121354,2e-06,0.019489,0.096904,0.01116,0.210632,2.246085,12.06916,0.000474,5.439964,16.43927,27.69744,8.104283,1.767627,264.4934,0.735475,4.093346,0.003171,22.00611,0.082438,0.000857,0.064874,0.465658,15.72799,14.29563,6.163156
37,2007,0.012031,2.172999,3.315405,0.0,,0.007502,1.144937,8.57603,0.076655,0.000481,0.006006,7.412199,16.55713,0.434887,6.558664,6.818031,4.436116,8.683718,19.44356,2.719558,0.084771,0.066107,,3.831812,0.11953,0.0,2.129645,135.0499,0.034078,0.08805,3.351338,0.545236,1.854262,47.55633,2.629791,18.27194,250.0765,6.651807,7.787564,52.65894,1.876324,0.004516,7.335481,0.18364,0.134645,3.895,1.574799,0.008908,,7.037785,44.22172,0.255953,0.009835,5.677671,0.929825,5.662137,206.999893188477,4.042232,14.90746,0.862111,15.01116,2.418368,67.03347,307.505493164063,41.4804,0.000714,27.00893,0.00348,0.005767,1.562141,12.11394,0.55114,23.82837,0.000505,8.444609,0.050947,0.530527,1.781631,0.270535,,0.005486,0.009243,10.37979,0.11308,0.0,0.799487,-0.315594,5.932901,1.599419,1.529444,3.75372,73.13367,244.1949,1.465796,1.797806,0.16231,0.109552,1.238396,19.86844,0.578231,0.568961,37.19562,1.190072,18.37922,0.124221,6.04028,0.003122,0.003202,14.64666,0.211257,4.17434,0.437502,4.409313,0.85832,0.033617,0.00988,4.383195,1.406444,3.103499,1.189786,1.740884,0.005534,5.879803,0.36148,9.017222,0.01073,37.67685,0.002903,,3.78822,0.024739,27.30922,0.449088,9.7e-05,12.11731,1.192982,0.002155,0.033948,0.095401,4.503041,16.37344,0.018122,0.754083,0.035258,6.751277,0.00033,48.74134,3.994778,0.000723,4.453068,8.1111,9.431526,0.00025,3.966689,744.170104980469,350.913391113281,328.797180175781,64.4595642089844,0.203895,23.26229,0.972751,6.807789,11.31111,0.001949,3.823859,20.96278,4.205062,9.890862,6.811925,0.039781,0.055034,0.141997,9.197906,75.24469,3.725752,3.312939,0.0,4.287296,0.428743,0.000227,0.093161,3.815755,3.596048,0.0,7.959466,0.001429,3.844746,0.0,0.079564,0.1805,8.257872,1.077234,49.55676,0.837702,0.009075,0.72823,0.002646,5.091465,3.082313,24.21058,0.087966,2e-06,0.019489,0.09302,0.006633,0.305372,2.354204,12.02097,0.000474,6.133701,16.46762,28.33688,8.258348,2.439547,236.1778,1.002727,4.305732,0.00319,24.97221,0.082814,0.000857,0.060716,0.51817,14.35569,14.65467,6.16697
38,2008,0.012058,2.141096,3.378143,0.0,,0.007502,1.292488,8.312332,0.964198,0.000481,0.006006,7.69417,16.42692,0.456699,6.656348,3.181989,4.466259,9.249424,19.32884,,0.062622,0.058176,,4.303431,0.12078,0.0,2.159995,130.8667,0.027905,0.070742,3.361905,0.548568,1.800419,40.92276,2.597391,18.43454,265.2619,6.591316,7.458224,53.36204,1.664129,0.004516,7.685446,0.188239,0.140818,3.870689,1.399808,0.008908,0.199777,5.387176,35.06881,0.259844,0.007793,5.487778,0.951066,5.673856,185.604110717773,3.955677,16.3619,0.861538,,1.266089,67.96146,279.869659423828,41.1392,0.000709,25.55877,0.00348,0.005792,1.315894,10.54974,0.55114,24.72849,0.000505,8.472933,0.05089,0.536161,1.804724,0.462427,2.09253,0.005486,0.012796,10.6045,0.12803,0.0,0.797095,-0.020528,5.874556,1.76168,1.532775,3.199314,76.2915,245.5383,0.97955,1.776662,0.185755,0.075774,1.141912,17.72305,0.572793,0.606711,36.17473,0.744769,18.39636,0.128873,5.970149,0.003161,0.003202,14.0801,0.303122,4.221803,0.456194,4.706817,0.937473,0.033642,0.012026,4.352423,1.411748,2.955612,0.720477,-0.610129,0.001386,6.063166,0.402435,9.06787,0.010872,35.7554,0.002903,,3.8297,0.029468,27.61439,0.457319,9.7e-05,12.13541,1.217443,0.002155,0.034136,0.06608,4.525749,14.56741,0.018122,0.848798,0.040326,6.899707,0.00033,49.17118,4.026824,0.000723,4.367301,7.1266,9.430416,0.00025,2.815369,670.126037597656,309.468139648438,298.751647949219,61.9062805175781,0.227939,23.5236,0.947879,6.430489,11.49858,0.001949,4.022912,20.35238,4.332901,9.877288,6.85063,0.035373,0.09646,0.144352,7.91565,56.02585,4.221902,3.053897,0.0,4.306012,0.156266,0.000227,0.089797,3.832828,3.586312,0.0,8.448116,0.001429,,0.0,0.091403,0.188213,9.060297,1.1124,46.84153,0.901408,0.009075,0.704284,0.002674,5.162964,3.059933,23.18818,0.090482,2e-06,0.019489,0.089074,0.006839,0.293357,2.285189,11.75909,0.000474,6.768678,16.68322,28.79618,8.311225,2.353347,202.7993,1.216412,4.746448,0.00321,25.82745,0.083179,0.000857,0.060183,0.486713,14.57742,15.02481,6.139449
39,2009,0.009391,2.240665,3.450869,0.0,,0.007502,0.896337,8.405171,1.064668,0.000481,0.00463,8.055611,15.59865,0.418621,6.763233,7.063987,4.521576,9.373436,19.4818,,0.032167,0.047353,,4.00603,0.114834,0.0,2.126504,127.2135,0.022859,0.072005,3.362644,0.570031,1.704619,34.51429,2.344502,16.91009,291.4391,6.852146,7.332242,54.16213,1.54792,0.004516,8.51811,0.192972,0.143347,3.336774,1.614679,0.019091,0.145519,5.641223,33.77308,0.253119,0.0157,5.324914,0.891646,5.933903,170.039657592773,4.525246,15.58941,0.610869,10.53579,1.786274,68.86807,258.088165283203,28.3731,0.000703,25.94083,0.00348,0.005818,1.072647,9.852648,0.55114,25.61034,0.000505,8.52543,0.050983,0.54294,1.830977,0.637636,1.54251,0.005486,0.009777,10.9642,0.141583,0.0,0.82141,-0.274001,5.758508,1.514066,1.546656,3.032635,70.47971,247.5498,0.66178,1.807382,0.184009,0.047581,0.964968,15.83928,0.559374,0.509031,30.72404,0.613308,18.38379,0.170611,5.889317,0.003202,0.001892,12.52187,0.164512,4.146093,0.485826,4.810606,0.943831,0.02089,0.0106,4.368691,1.42086,2.873846,0.9369569,-0.095266,0.001038,5.682436,0.41237,9.044626,0.030734,32.74299,0.002903,,3.868847,0.024915,27.71513,0.458488,9.7e-05,12.17491,1.248454,0.002155,0.034186,0.064923,4.590878,12.40209,0.018122,0.882521,0.035207,7.045577,0.00033,49.40973,4.046906,0.000723,4.0927,5.5969,9.429455,0.00025,2.748198,595.206787109375,263.926452636719,276.265625,55.0146865844727,0.220009,23.49657,0.929659,6.228588,11.2831,0.001949,4.255392,19.99096,4.274009,11.17151,6.941361,0.028975,0.08063,0.145032,6.921523,61.79865,4.211842,3.08435,0.0,4.303898,0.031192,0.000227,0.094687,3.84675,3.566162,0.0,8.768422,0.001429,4.42355,0.0,0.084065,0.195186,8.685034,1.089163,43.42184,1.004001,0.015035,0.717106,0.002704,5.244056,3.072694,22.07946,0.087286,2e-06,0.019489,0.085326,0.008768,0.20229,2.24775,11.1432,0.000474,4.798334,16.83676,29.21088,6.334074,2.328787,167.9042,1.142243,4.692912,0.001905,25.29878,0.084884,0.000857,0.058774,0.551914,15.55441,15.40554,6.158562
40,2010,0.011438,2.269877,3.516414,0.0,0.914798,0.007502,1.016043,9.19356,1.231725,0.000481,0.003826,6.776315,16.40626,0.311855,6.860677,7.878017,4.532644,9.502266,19.30668,,0.10836,0.044839,,4.376561,0.120942,0.0,2.217673,132.7913,0.02264,0.068779,3.414387,0.580511,1.66554,43.67594,2.663611,15.85109,300.3189,7.400149,7.479005,54.70396,1.51659,0.004516,8.447324,0.197843,0.134847,3.515771,1.175058,0.057211,0.142829,6.497697,43.36667,0.26471,0.011263,6.28168,0.963771,6.161655,194.272415161133,4.666334,15.4948,0.630728,11.65335,1.587093,69.83211,292.590209960938,35.8443,0.000703,26.42926,0.00348,0.005844,1.108899,11.25,0.55114,26.835,0.000505,8.472264,0.050891,0.550845,1.848706,0.353966,1.49525,0.005486,0.010491,11.17378,0.136314,0.0,0.829326,-0.39454,5.819284,1.325663,1.596576,3.288654,71.86038,248.9604,0.539298,2.326368,0.213161,0.05479,1.140608,17.24505,0.562217,0.560845,35.03908,0.701835,18.48519,0.139334,5.879379,0.003243,0.001763,11.74184,0.208542,4.381502,0.44046,5.034857,0.991569,0.02219,0.01164,4.383272,1.437378,3.457337,1.019115,-1.15727,0.004963,5.679854,0.420626,9.076864,0.033937,33.33985,0.002903,0.572437,3.92262,0.024364,27.32628,0.467338,9.7e-05,12.1258,1.287989,0.002155,0.034146,0.097447,4.637828,11.54854,0.018122,0.847331,0.04795,7.200086,0.00033,49.68447,4.112471,0.000723,4.494366,7.1092,9.464819,0.00025,3.467493,665.380920410156,291.580474853516,315.635131835938,58.1653366088867,0.225304,23.40117,0.935242,6.349763,10.89807,0.001949,4.867187,20.38169,4.298864,12.98933,7.04119,0.034422,0.096931,0.144067,6.53518,70.57845,4.211826,2.385873,0.0,4.298544,0.06041,0.000227,0.08985,3.87201,3.597888,0.0,9.036121,0.001429,4.570648,0.0,0.090427,0.207033,9.744841,1.112955,51.58453,1.212638,0.013166,0.822513,0.002735,5.328626,3.045088,21.57564,0.087286,2e-06,0.019489,0.081488,0.018251,0.209212,2.587077,12.41806,0.000474,6.27746,17.01456,29.72356,6.944025,3.28598,186.7505,1.132694,4.340665,0.002891,26.40992,0.089635,0.000857,0.059175,0.590489,14.7486,15.79641,6.235742
41,2011,0.009995,2.316999,3.600821,0.0,0.87285,0.007502,1.266474,9.189321,1.466807,0.000481,0.0031,6.561515,16.50025,0.510754,6.953264,7.48816,4.463105,9.626491,19.46039,,0.099663,0.049224,,4.013234,0.120169,0.0,2.177611,144.3739,0.022276,0.066071,3.409562,0.601761,1.730641,43.46457,2.791469,18.75452,317.4382,7.505101,7.410811,55.51648,1.456162,0.004516,8.349567,0.202485,0.133421,3.419679,1.18422,0.045225,0.109195,5.565207,43.88765,0.269037,0.008035,6.237765,1.012956,6.278725,189.136810302734,4.563048,15.86958,0.657159,10.39184,1.75473,70.71312,289.765899658203,34.95919,0.000708,,0.00348,0.004202,1.438861,10.07189,0.569551,27.63603,0.000505,8.576262,0.050884,0.554447,1.87453,0.306191,1.44872,0.005486,0.009626,11.65322,0.141926,0.0,0.831847,-0.3646,5.910065,1.552708,1.585293,3.408759,72.88987,250.5539,0.548457,2.468388,0.232762,0.051211,1.017822,17.25591,0.5593,0.665445,35.37155,0.881607,18.52217,0.182273,5.819672,0.003277,0.002315,12.22,0.227336,4.524972,0.480993,4.99725,0.788905,0.023193,0.01292,4.339931,1.445164,2.961908,0.930255,-1.114834,0.009578,5.818313,0.36451,9.072164,0.037116,33.18684,0.002903,0.551333,3.994277,0.024642,28.11229,0.476729,9.7e-05,12.14087,1.327395,8.3e-05,0.033941,0.097683,4.683894,12.10948,0.018122,0.818038,0.045687,7.347883,0.000328,50.05448,4.118441,0.000723,4.406531,6.8781,9.437715,0.00025,3.173647,667.720397949219,296.465576171875,312.910278320313,58.3445358276367,0.234019,23.41957,0.907846,6.523798,11.32778,0.001726,4.287201,22.51681,4.323352,13.33902,7.132835,0.033499,0.082276,0.144834,5.871578,78.66409,4.223861,2.789984,0.0,4.33682,0.615951,0.000227,0.079624,3.898052,3.554294,0.0,9.280069,0.001429,4.679133,0.0,0.091012,0.256695,8.236129,1.179481,53.3982,1.180267,0.014131,0.709878,0.004175,5.404572,3.056261,19.41068,0.520263,2e-06,0.120588,0.078338,0.012962,0.203502,2.249145,12.98791,0.000474,6.416297,17.18708,31.14712,7.248769,2.444968,189.2904,1.342306,4.356879,0.005346,26.15612,0.090478,0.000857,0.060793,0.517551,13.89363,16.21156,6.276065
42,2012,0.003684,2.289975,3.657684,0.0,0.907217,0.00762,1.144987,10.20825,1.458293,0.000481,0.002788,6.548698,16.80424,0.431614,4.315493,8.412392,4.501012,9.73045,19.34542,,0.058428,0.058654,,7.677871,0.113088,0.0,2.287099,153.5001,0.016419,0.089476,3.446062,0.603501,1.724102,42.84144,2.607592,18.7688,319.9752,7.466373,7.202484,56.30797,1.759992,0.004516,9.023868,0.207255,0.132427,3.485153,1.149431,0.030192,0.08280201,5.710941,43.73289,0.278623,0.008737,6.753051,0.998066,6.480767,184.796325683594,4.714717,15.71702,0.673883,9.788012,2.565503,71.60937,283.963928222656,34.77838,0.000719,22.73903,0.00348,0.005406,1.594801,11.90612,0.303039,28.35184,0.000505,8.640475,0.050884,0.560816,1.897743,0.326335,1.70107,0.005486,0.008564,11.59561,0.145902,0.0,0.827485,-0.318788,5.707439,1.760177,1.56913,3.087081,71.86848,250.4898,0.579363,2.372656,0.222996,0.072298,0.978792,14.60952,0.544411,0.697981,33.80762,0.782637,18.32924,0.20429,5.766667,0.003311,0.002315,11.98374,0.194453,4.526062,0.477694,5.156178,0.960057,0.020182,0.013946,4.254514,1.453115,3.0703,0.840456,-0.369291,-0.00133,5.781968,0.469202,9.028191,0.033044,33.2783,0.002903,0.619996,4.034511,0.022145,28.40941,0.453152,9.7e-05,12.1182,1.350367,0.00013,0.033941,0.094879,4.716346,11.70762,0.018122,0.834301,0.029507,7.507614,0.000328,50.01097,4.092948,0.000723,3.531166,5.8846,9.328664,0.00025,3.183909,655.053039550781,291.200866699219,307.349426269531,56.502758026123,0.234477,23.32379,0.895662,6.415038,11.24872,0.001217,4.130586,21.87943,4.327046,13.196,7.237402,0.016017,0.134924,0.144737,7.597096,79.95419,4.22212,2.488481,10.78228,4.363658,0.92199,0.000227,0.094569,3.93091,3.546485,0.0,9.401133,0.001429,4.286817,3.011024,0.085891,0.289438,7.656818,1.055524,50.01595,1.278659,0.01346,0.381568,0.003996,5.484651,3.111834,19.36292,0.517396,2e-06,0.18874,0.076092,0.01118,0.224932,3.155306,14.74099,0.000474,5.984748,17.49867,31.22959,6.51843,2.85938,183.8033,1.23155,3.887551,0.006532,26.5703,0.088192,0.000857,0.063211,0.595482,16.1561,16.62882,6.324319
43,2013,0.00411,2.285325,3.765271,0.0,0.946482,0.008536,1.439962,11.27742,1.08869,0.000481,0.002537,5.026015,17.55544,0.748767,4.504232,7.824441,4.503303,9.851735,19.45577,,0.090934,0.053956,,7.873474,0.119857,0.0,2.350371,147.6302,0.018611,0.082876,3.481829,0.595678,1.685626,44.05944,3.022664,19.72903,330.4233,7.46771,7.83474,57.46118,1.771507,0.004516,9.056367,0.212154,0.130527,3.65093,1.166308,0.046324,0.072743,5.736446,45.70837,0.308629,0.008512,6.626644,0.959147,6.518435,188.496368408203,4.759145,16.18952,0.698118,9.964672,1.877967,72.59483,285.916656494141,37.88409,0.000733,22.88403,0.00348,0.004157,1.731711,16.25785,0.423498,29.41425,0.000505,8.682386,0.05092,0.574347,1.935071,0.335046,1.593324,0.00468,0.006999,11.94235,0.147773,0.0,0.860582,-0.336948,5.670844,1.187701,1.57704,3.130605,77.18968,250.8401,0.65999,1.928841,0.311878,0.078593,1.006959,15.24889,0.623045,0.678044,34.9654,0.71064,18.37567,0.232329,5.642745,0.003345,0.002315,13.94526,0.204004,4.606996,0.43608,5.509014,1.057169,0.015896,0.011372,4.13126,1.452723,2.905371,0.349626,-0.052405,-0.002359,5.86484,1.02174,9.157285,0.033147,33.36511,0.002903,0.582537,4.128295,0.022755,28.58281,0.442467,9.7e-05,12.02539,1.384124,4e-05,0.034398,0.079248,4.769603,10.35423,0.018122,0.82231,0.03241,7.665948,0.000327,50.42887,4.11382,0.000723,3.288173,4.4485,9.288728,0.00025,3.304079,670.432495117188,299.820068359375,312.364715576172,58.2477111816406,0.259756,23.33604,0.859647,6.332792,11.70258,0.002446,4.228147,21.01482,4.352094,13.83726,7.338739,0.014025,0.135726,0.144884,6.48794,76.06574,4.216989,2.404892,10.97814,4.37488,0.444167,0.000227,0.092974,3.928977,3.573338,0.0,9.62121,0.001429,4.258762,3.042301,0.087577,0.263442,5.788119,1.083512,50.741,1.263355,0.025176,0.232536,0.004016,5.562795,3.124628,19.39413,0.517582,2e-06,0.205784,0.073443,0.014008,0.210797,3.265445,12.90672,0.000474,6.10277,17.79367,31.38195,6.549784,3.328737,189.9592,1.521068,4.034633,0.010403,25.35506,0.086417,0.000857,0.06046,0.679285,15.55956,16.63467,6.463056
44,2014,0.004025,2.280402,3.82928,0.0,0.953533,0.009316,1.424441,9.40272,1.099423,0.000481,0.002945,4.469792,15.8728,0.474196,4.486818,8.346835,4.464668,9.99727,19.70338,2.16145,0.146242,0.071907,,7.322378,0.128266,0.0,2.378804,144.8599,0.017826,0.085703,3.558917,0.602027,1.636001,43.73778,2.969506,19.78227,329.2566,7.836071,8.140516,58.28925,1.742737,0.004516,8.821758,0.217188,0.131848,3.558038,1.126502,0.013315,0.08860701,5.478814,43.58273,0.204897,0.009457,6.573566,0.950532,6.709465,189.070388793945,4.771578,17.33375,0.697666,9.932483,1.951987,73.55247,288.256774902344,36.49303,0.00075,24.78215,0.003426,0.004179,1.844621,19.67732,0.426463,30.19111,0.000505,8.718592,0.050887,0.471083,1.869927,0.338211,1.50665,0.003468,0.006422,12.14586,0.151915,0.0,0.757415,-0.176914,5.655666,,1.561723,3.106856,74.77455,251.6561,0.721418,1.911414,0.354853,0.076779,1.095004,15.98719,0.5558,0.71555,36.39545,0.694646,18.47954,0.298947,5.610322,0.003381,0.002315,16.67582,0.215834,4.493743,0.529111,5.729394,0.91909,0.017532,0.012167,4.267644,1.457929,3.425728,0.485439,0.680826,-0.003587,6.002282,1.078037,9.357056,0.033158,33.66534,0.002903,0.593533,4.31036,0.02319,28.79252,0.458442,9.7e-05,12.13198,1.411814,3.9e-05,0.033462,0.089067,4.796678,10.77243,0.018122,0.868104,0.034588,7.824898,0.000327,50.94523,4.135393,0.000724,3.664623,3.6372,9.33147,0.00025,3.455204,680.617614746094,300.302795410156,318.223571777344,62.0912704467773,0.306275,23.40578,0.835969,6.476864,11.71354,0.001703,4.253708,21.83603,4.33837,14.44439,7.448386,0.013961,0.187296,0.144846,7.073848,79.08871,4.221624,2.609391,11.23526,4.420566,-0.133696,0.000227,0.103457,3.976557,3.554231,0.0,9.691398,0.001429,4.243095,3.074941,0.089018,0.293584,6.012007,1.068309,52.31482,1.246372,0.015954,0.264255,0.004036,5.650708,3.097564,19.22128,2.670513,2e-06,0.236918,0.070408,0.017857,0.324237,3.163717,13.5941,0.000474,6.121626,18.00599,31.71269,6.639135,3.572047,190.7376,1.525128,3.625537,0.010424,25.66614,0.087898,0.000857,0.05958,0.730349,14.60951,16.66038,6.521576
45,2015,0.010023,2.349863,3.894679,0.005427,0.87351,0.005195,1.332995,10.36159,1.093195,0.001987,0.014068,3.908155,15.90446,0.628825,4.486156,7.807437,4.460497,10.12288,19.54041,2.457585,0.104132,0.071891,1.839354,7.437218,0.12038,0.003733,2.413904,134.642,0.026433,0.065475,3.569036,0.587131,1.697869,45.34041,2.969947,21.28845,323.0315,7.875474,8.31242,59.09975,1.859134,0.004464,8.634519,0.223837,0.133831,3.570541,1.199426,0.014706,0.085832,5.958563,44.01242,0.226033,0.008221,6.932165,1.033197,6.810362,182.508163452148,4.841388,17.03995,0.696778,9.998012,2.21168,74.4754,282.007781982422,37.3409,0.001929,19.71609,0.014515,0.004677,1.640935,23.61617,0.445779,31.4765,0.000996,8.756346,0.050913,0.461225,1.944675,0.509068,1.730166,0.006251,0.008399,12.36714,0.169777,0.0,0.647956,-0.322609,5.710116,,1.582986,3.497307,73.71127,251.2732,,1.836541,0.288401,0.078664,0.981202,14.40154,0.540775,0.659028,37.35512,0.694494,18.49715,0.158668,5.209922,0.003867,0.014572,16.41846,0.211119,4.043318,0.424111,5.812971,0.83113,0.017959,0.004618,4.20725,1.463557,2.938471,0.371065,1.239166,0.009776,5.856528,1.030708,9.577926,0.057368,33.95066,0.002366,0.76759,4.393236,0.026578,28.72814,0.459142,0.000152,11.93916,1.425334,0.00031,0.033148,0.042854,4.850987,8.70762,0.018122,0.903375,0.036115,7.974339,0.000207,50.55171,4.108805,0.00094,2.518396,2.932,9.293151,0.001133,3.296946,677.932434082031,300.792388916016,315.18017578125,61.9598846435547,0.375433,23.42679,0.891669,6.398549,11.84474,0.001681,4.00769,22.31786,4.353177,15.12275,7.537141,0.014383,0.205013,0.144486,8.405376,79.43726,4.22369,2.896575,11.29617,4.428176,-0.056434,0.000354,0.618676,4.028796,3.600451,0.001639,9.98326,0.000854,4.757162,3.182084,0.094114,0.30248,5.438182,0.735115,49.08942,1.274928,0.022642,0.196425,0.00587,5.732275,3.057546,18.51064,2.53532,1e-06,0.217114,0.066382,0.007432,0.257185,3.107581,15.39231,0.001628,5.963233,18.12498,32.27362,6.324597,3.707178,188.0078,1.554126,4.078006,0.008834,24.47918,0.090591,0.000797,0.063193,0.481508,14.67697,16.52051,6.550882
46,2016,0.011598,2.354071,3.910011,0.006797,0.976379,0.005098,1.264474,10.73933,1.093554,0.00276,0.01124,3.916493,16.60076,0.742599,4.486697,7.98092,4.617229,10.22457,19.9802,2.876076,0.120807,0.099696,1.848219,7.608004,0.128464,0.00404,2.416272,143.4998,0.031731,0.055821,3.593937,0.607137,1.689362,42.61156,2.96556,19.62573,339.848,8.004118,8.239811,59.83512,1.796996,0.005299,7.281878,0.227091,0.13361,3.586168,1.154937,0.013632,0.114757,5.461644,42.90292,0.270287,0.009284,7.453409,1.122454,6.769608,187.360046386719,4.628003,16.6104,0.696576,9.566185,2.318047,75.2901,291.154815673828,38.23869,0.002252,21.00476,0.01294,0.005375,1.659649,24.38367,0.420413,31.88524,0.001177,8.687481,0.05093,0.472116,2.010296,0.506415,1.674612,0.0063,0.009868,12.5372,0.139132,2.5e-05,0.671437,-0.270521,5.589288,,1.594242,3.738516,73.11948,250.5111,0.9452,1.906629,0.264745,0.097277,0.957234,14.60106,0.559067,0.700141,39.6858,0.694758,18.49344,0.243062,5.293775,0.003767,0.014897,17.60471,0.208606,4.730073,0.472414,6.020817,0.823733,0.01843,0.004724,4.171436,1.465039,3.576394,0.402257,1.469072,-0.001954,5.780744,1.041156,9.761409,0.062164,35.00861,0.003065,0.812804,4.422989,0.028529,28.73392,0.467522,0.00017,12.02312,1.457857,0.000281,0.034305,0.080984,4.904388,8.302722,0.018122,0.902687,0.034041,8.117839,0.000145,51.1436,4.189293,0.001016,4.074688,3.4421,9.23561,0.000705,3.479657,711.093139648438,321.856658935547,323.592590332031,65.6438903808594,0.37471,23.71511,0.873405,6.440305,12.12968,0.002197,4.155579,24.56639,4.373615,15.77314,7.649167,0.024682,0.213087,0.14594,9.552666,81.5677,4.225928,2.458536,11.39077,4.447414,-0.257884,0.000353,0.766614,3.967291,3.596817,0.002253,10.23225,0.001134,5.076208,3.163228,0.095421,0.2613,5.426438,0.661616,49.38181,1.292237,0.030357,0.199173,0.00673,5.809597,3.122759,18.39187,2.579733,0.000103,0.217114,0.063921,0.009353,0.261205,3.175824,14.88545,0.001802,5.291673,18.31646,32.71141,6.644361,3.10663,213.7427,1.371829,3.984485,0.009146,25.633,0.088529,0.000569,0.066842,0.574277,13.88874,16.50053,6.602094
47,2017,0.003758,2.385376,4.010563,0.001681,1.057212,0.006615,1.586879,11.14857,1.127469,0.000814,0.004765,3.662674,17.19644,0.797656,4.487969,8.100649,4.692352,10.33393,19.57427,2.779931,0.109564,0.055942,1.679193,8.720414,0.134224,0.001729,2.417346,144.7289,0.022495,0.055503,3.620535,0.604129,1.700657,43.93068,3.180036,20.45181,340.6516,7.943248,8.334876,60.59513,1.738548,0.005139,6.974411,0.233145,0.139109,3.621164,1.130829,0.008483,0.116099,6.147786,41.58304,0.274196,0.006648,8.718553,1.124392,6.774611,191.708358764648,4.787203,16.3464,0.697298,10.24302,2.853588,76.08708,297.776062011719,37.65384,0.003867,,0.014288,0.003515,1.710917,25.15286,0.406013,32.9383,0.003356,8.793299,0.050894,0.482529,2.033988,0.366699,1.289215,0.004027,0.00955,12.83164,0.155393,3.2e-05,0.634081,-0.328012,5.713861,0.934286,1.618094,3.725496,69.91929,249.3658,0.99523,1.935303,0.233217,0.122692,0.9198,14.32577,0.563826,0.662749,41.507,0.692354,18.51413,0.205521,5.170083,0.007385,0.014875,18.91829,0.307642,4.660545,0.43066,6.260678,0.810697,0.018924,0.004894,4.08772,1.487066,3.607272,0.867589,1.105012,-0.005059,5.752785,1.014887,9.913568,0.070211,36.58887,0.001503,0.660055,4.437509,0.031513,28.88364,0.462528,0.000224,11.94618,1.487259,5.2e-05,0.034015,0.074792,4.945216,8.024432,0.018122,0.913763,0.031482,8.263571,0.000276,51.6674,4.205616,0.000882,7.256631,3.6417,9.144148,0.000671,4.760736,726.2294921875,326.296447753906,330.164581298828,69.7685012817383,0.350531,23.73716,0.94837,6.154567,11.81048,0.001014,4.353348,25.2038,4.414964,16.21809,7.717694,0.012336,0.18294,0.143464,9.303679,78.35503,4.221742,2.257735,11.45938,4.458396,-0.211441,0.000927,0.185502,4.042903,3.62085,0.001818,10.45856,0.000473,5.276362,3.174697,0.095562,0.315328,5.565003,0.106999,49.25417,1.245654,0.027542,0.266241,0.003059,5.87894,3.155087,18.89062,2.579733,0.000121,0.217114,0.060962,0.008217,0.242386,2.96713,13.45674,0.000634,5.58202,18.46302,33.03127,7.124541,3.770001,214.7295,1.407733,3.630175,0.002851,25.85405,0.08569,0.000665,0.064645,0.591697,13.07413,17.34433,6.618892
48,2018,0.006581,2.346537,4.094508,0.003438,0.9739439,0.007884,1.240907,10.62861,1.126967,0.00406,0.006598,3.360867,18.70342,0.913223,4.488262,10.74014,4.684298,10.44604,19.44581,3.087405,0.109194,0.066368,1.923073,10.37792,0.129753,0.001847,2.781329,148.0381,0.019717,0.068851,3.695957,0.645126,1.8092,44.54961,3.165579,20.28159,349.982,7.974702,8.309674,61.30328,1.873299,0.00609,6.244236,0.239514,0.135719,3.645979,1.128043,0.01153,0.116563,6.772613,44.20799,0.313738,0.010475,10.02225,1.092555,6.812845,203.303161621094,4.836142,16.03658,0.699315,11.53167,2.846419,76.92103,315.904724121094,42.70967,0.001377,23.42395,0.014582,0.00366,1.424148,27.71671,0.403884,34.04325,0.003304,8.835915,0.050875,0.50449,2.051053,0.334596,1.492664,0.006689,0.009695,13.14666,0.150687,-1e-06,0.685469,-0.200071,5.792078,1.420442,1.629443,4.659028,75.52879,250.3032,1.031344,1.519123,0.266481,0.146331,1.136756,15.23728,0.516233,0.702454,42.77645,0.538268,18.54908,0.145884,5.256722,0.005061,0.01296,20.19983,0.28947,4.452879,0.458739,6.425406,0.858114,0.012356,0.006799,4.007773,1.514038,3.577673,0.995169,1.102334,-0.004695,5.997995,1.01426,10.0963,0.078677,36.32384,0.001959,0.76287,4.46023,0.02714,28.90121,0.459058,0.000147,12.21577,1.519075,0.000158,0.033924,0.114524,4.988541,9.776884,0.018122,0.98391,0.033089,8.411911,0.000318,51.66721,4.193707,0.000907,3.532702,3.4524,9.037965,0.001162,4.144756,754.831420898438,334.155242919922,349.057525634766,71.6186599731445,0.279145,24.09338,0.944824,6.295608,12.12941,0.002372,3.94919,23.08271,4.448059,15.41493,7.800421,0.016281,0.199965,0.144228,10.50842,89.78861,4.222672,2.433259,11.53341,4.478277,-0.061181,0.000325,0.098287,4.15011,3.603801,0.002192,10.80619,0.000744,6.932871,3.187974,0.095318,0.423744,5.897537,0.714562,53.04869,1.314028,0.023877,0.272707,0.004026,5.945827,3.138148,18.22407,2.579733,0.000166,0.078501,0.058719,0.009122,0.258228,3.046693,13.83176,0.003099,5.146026,18.67187,33.32887,7.304671,3.322348,223.11,1.819908,3.551115,0.032967,22.81311,0.090287,0.000803,0.067577,0.573975,14.91962,17.37702,6.700833
49,2019,0.010517,2.314836,4.17361,0.009814,0.999356,0.017482,1.935611,10.70342,1.130103,0.001759,0.013996,5.198229,18.2925,0.881948,4.486424,12.09104,4.710871,10.5582,19.03575,3.004206,0.07731,0.082969,2.141197,7.435612,0.139692,0.006893,2.823808,138.4213,0.026001,0.068964,3.771711,0.686072,1.845677,39.10327,2.873154,19.53203,345.3917,7.937657,8.505888,62.00888,1.66903,0.005407,6.450144,0.241976,0.13615,3.546799,1.118168,0.03113,0.116475,6.275818,39.08358,0.334015,0.011299,8.175978,1.208595,6.459608,200.640869140625,4.744128,16.29797,0.696582,10.10154,2.229483,77.78114,310.406616210938,40.32562,0.001131,23.35226,0.015351,0.005245,1.417935,29.11857,0.427652,33.77976,0.000507,8.865672,0.050858,0.518829,2.051857,0.720289,1.465496,0.008632,0.010469,13.31009,0.152842,0.001074,0.714198,-0.098273,5.685224,1.669481,1.616518,3.631985,75.33462,250.5492,1.145371,1.624204,0.33291,0.156821,1.057312,17.70422,0.56738,0.694651,44.55006,0.640694,18.54105,0.133452,5.375501,0.00723,0.008907,18.08679,0.172534,5.331505,0.405853,6.693963,0.900191,0.016533,0.004785,3.855827,1.525456,3.726695,0.961067,2.16976,0.095659,5.940119,1.017623,10.28856,0.070136,36.33903,0.003364,0.745703,4.497166,0.030116,28.79448,0.45874,5.6e-05,12.40137,1.544217,0.000452,0.033834,0.155036,5.034907,9.907049,0.018122,1.149095,0.029382,8.558642,-3e-05,52.10951,4.162525,0.000942,6.317373,3.327,8.956506,0.000684,4.476067,745.241027832031,329.038269042969,342.834320068359,73.3684616088867,0.237737,23.81591,0.93286,6.615959,12.06776,0.001537,3.899513,24.00185,4.510758,15.27475,7.888597,0.021881,0.198484,0.144014,9.772758,80.10889,4.237498,2.573687,11.50762,4.498199,0.114984,0.000752,0.451305,4.179721,3.645887,0.022009,11.05541,0.000501,7.106688,3.220106,0.095147,0.488146,5.240223,1.013297,53.23366,1.119509,0.023052,0.298821,0.006244,6.020533,3.129183,19.22989,2.295298,-9.3e-05,0.08184,0.056433,0.007693,0.271292,3.043672,11.5452,0.003115,5.127663,18.85042,33.58864,6.404007,3.211085,224.067,1.779947,3.768843,0.015678,20.4314,0.09029,0.00076,0.064993,0.620085,16.44799,17.39537,6.703761
50,2020,0.00587,2.398343,4.297341,0.005112,0.972799,0.007433,1.971052,10.54853,1.114455,0.002059,0.007517,6.79499,18.38375,0.859667,4.484712,12.09275,4.764369,10.67036,18.82055,2.55346,0.070665,0.129801,2.134671,6.964888,0.135828,0.005197,2.86188,135.3316,0.022741,0.05857,3.786925,0.656065,1.793948,42.32744,3.18109,20.22959,350.8364,8.023086,8.955678,62.69677,1.830313,0.00555,6.230413,0.248796,0.134849,3.548623,1.117677,0.063784,0.116244,5.546289,36.7912,0.313369,0.008567,7.62639,1.127734,6.109255,192.619430541992,4.750257,15.22353,0.697835,9.039421,3.063549,78.62452,296.989288330078,39.32077,0.001449,22.61519,0.017903,0.005107,2.02795,29.45472,0.418911,35.25549,-0.000818,8.893472,0.050822,0.587791,2.104754,0.992953,1.447305,0.006953,0.01119,13.62155,0.155042,0.0012,0.728258,-0.033444,5.676834,1.615645,1.62852,3.173298,71.75127,246.1804,1.260191,1.294785,0.400702,0.143213,1.057312,14.77155,0.568715,0.732556,39.45314,0.786197,17.5557,0.046318,5.375683,0.006385,0.009073,17.54332,0.230125,4.781858,0.299405,6.889006,0.865004,0.013025,0.004055,3.817816,1.493394,3.251392,0.993875,3.373863,0.111598,5.693358,1.020666,10.44673,0.033827,35.63772,0.003224,0.755484,4.502822,0.026312,28.742,0.507474,0.000219,12.58715,1.57965,0.000331,0.032296,0.104773,5.082032,10.26666,0.018122,1.213472,0.030212,8.718684,-2.4e-05,52.23611,4.153522,0.000972,5.796224,3.0125,8.875626,0.000184,4.682385,715.449462890625,316.551574707031,329.366760253906,69.5311431884766,0.231095,23.92647,0.95894,5.780776,11.733,0.001429,4.505083,23.49138,4.486902,14.61579,7.954111,0.020562,0.18005,0.143802,11.36747,77.48209,4.221443,2.446001,11.48367,4.593688,0.052447,0.000486,0.763063,4.21669,3.625394,0.013533,11.32932,0.000376,6.937131,3.228735,0.095833,0.179447,4.457211,1.202837,48.99593,0.911146,0.02439,0.188873,0.005692,6.096986,3.128704,19.64486,2.263934,5.4e-05,0.08184,0.053644,0.009183,0.230587,2.872609,12.26507,0.001245,4.723414,18.97284,33.92737,6.85655,4.839733,208.5778,1.789861,3.797452,0.012185,20.92102,0.093071,0.000881,0.064624,0.666335,16.33297,17.3929,6.772043
51,2021,0.006596,2.374316,4.351474,0.005824,1.128395,0.007432,1.644856,10.29577,1.111307,0.005136,0.010861,6.004629,18.71723,0.859667,4.483799,10.78666,4.738645,10.80179,18.64527,2.659182,0.059424,0.120165,1.891504,6.982904,0.131482,0.005942,2.818417,134.5483,0.030724,0.058677,3.840585,0.642346,1.854638,41.04846,3.408906,22.22797,345.8282,7.980655,8.749683,63.42727,1.778368,0.00718,5.96132,0.251378,0.133669,3.56154,1.120114,0.069041,0.118787,5.091392,39.74484,0.31341,0.016258,10.00902,1.382633,6.551868,202.287322998047,4.65625,14.79887,0.698178,10.54495,1.94073,79.4511,311.778045654297,42.27194,0.00237,24.37219,0.02768,0.006623,1.933818,30.06594,0.366113,36.21658,-0.000815,8.923371,0.050851,0.585836,2.130232,1.004528,1.476747,0.00955,0.009614,13.82543,0.157345,0.0012,0.687884,-0.080465,5.693848,1.074815,1.659246,3.618232,71.69376,247.2357,1.34974,1.130468,0.358092,0.16296,1.057312,15.21891,0.540858,0.609524,46.04813,0.845535,17.59803,0.070141,5.353953,0.007269,0.006869,17.83305,0.259311,5.233662,0.273591,7.117129,0.894803,0.015734,0.004055,3.764202,1.495709,3.542564,1.237239,3.019665,0.108583,5.766364,1.015226,10.63801,0.038624,36.79559,0.003794,0.72115,4.556264,0.027594,29.11489,0.528438,0.000211,12.2707,1.609586,0.000503,0.032296,0.064345,5.12893,11.34544,0.018122,1.269898,0.033492,8.877183,0.000339,53.03822,4.184973,0.001018,6.041159,3.545,8.872646,0.00204,2.869854,748.259216308594,329.137878417969,345.308349609375,73.8129730224609,0.275145,23.89402,0.933599,6.197388,11.71913,0.001852,4.779117,24.24341,4.495214,15.87494,7.999046,0.038426,0.191629,0.143591,11.6241,77.48209,4.239591,1.825967,11.45358,4.600316,-0.106603,0.000218,0.955934,4.187202,3.645848,0.013533,11.62106,0.000459,5.547363,3.229271,0.096441,0.172502,4.856329,1.145102,51.17057,0.928058,0.03488,0.180742,0.010376,6.174618,3.13416,19.22231,2.263934,-0.000114,0.08184,0.051143,0.011664,0.200389,3.099172,11.85199,0.000746,4.849048,18.95407,34.23402,7.117576,3.669208,219.543,1.524997,3.797098,0.01482,13.72634,0.095173,0.001531,0.087354,0.597057,16.13149,17.39868,6.83286
52,2022,0.006821,2.385938,4.228208,0.006006,,0.007554,1.859769,10.69139,1.021569,0.005283,0.011204,6.181441,16.65232,0.803969,4.354531,12.36445,4.594232,10.4865,18.5237,3.352622,0.069078,0.123714,2.472775,5.713266,0.134846,0.00613,2.892774,133.4944,0.031673,0.059692,3.812378,0.623032,1.801939,42.31535,,23.05599,356.4581,7.751096,8.437071,61.54258,1.701817,0.007354,6.111432,0.244001,0.12956,3.653811,1.149111,0.0712,0.133842,5.584979,38.13882,0.303297,0.016721,9.380576,1.420033,6.342149,199.015319824219,4.778334,15.0454,0.677218,10.6848,3.711496,76.52607,309.912780761719,36.54069,0.002438,23.20527,0.028185,0.006734,1.851876,31.02227,0.33836,35.11864,-0.000828,8.660212,0.05234,0.56596,2.067109,0.975367,1.630654,0.009849,0.009915,14.12408,0.161239,0.001237,0.705406,-0.07849,5.819817,1.652962,1.696175,4.079495,75.17136,249.5329,1.052459,1.218682,0.393637,0.213463,1.076728,18.12303,0.554603,0.667199,46.7883,0.786567,17.06812,0.062236,5.326096,0.007379,0.007084,18.06984,0.287722,5.237063,0.296117,6.901871,0.867719,0.016173,0.004145,3.840823,1.45026,2.95642,1.204455,1.897874,0.111416,5.581551,0.934958,10.31539,0.039246,36.84607,0.003895,0.664975,4.425081,0.027959,28.93166,0.527787,0.000217,11.87814,1.56097,0.000519,0.033239,0.061133,4.98908,11.5787,0.017575,1.213784,0.034027,8.616003,0.000351,52.14378,4.272582,0.001043,5.350622,3.483,8.823567,0.002094,2.992599,,336.050567626953,,75.1089096069336,0.301207,23.97783,0.958218,6.348291,12.22548,0.001901,4.772295,25.51465,4.479377,19.45228,8.20389,0.039357,0.206726,0.138806,10.89308,65.97446,4.123976,2.003054,11.11796,4.467932,-0.090063,0.000206,0.977439,4.051441,3.732572,0.013778,11.2698,0.000473,,3.131232,0.093773,0.182203,4.844129,1.043743,50.43909,0.858708,0.033723,0.19641,0.010695,5.996071,3.039299,19.56593,2.079536,-0.000116,0.077761,0.050708,0.011916,0.207282,2.996817,14.33039,0.000766,4.993776,18.39581,33.25304,6.252364,3.892688,224.0679,1.437483,3.88728,0.015273,14.44597,0.095375,0.001569,0.087958,0.635011,16.2964,16.89306,6.628252
53,2023,0.006934,2.4013,4.006746,0.006122,,0.007609,2.056366,10.97908,0.891199,0.005468,0.011421,5.993276,,0.728644,4.122838,,4.338458,9.923233,18.44611,,0.077739,0.125933,,4.018421,0.136745,0.006249,2.937732,133.2179,0.032281,0.06099,3.778313,0.589662,1.706436,42.68528,,23.54836,369.5954,7.339836,7.894025,58.18841,1.570949,0.007573,6.196325,0.230858,0.122378,3.70714,1.165821,0.07258,,,,0.28596,0.016994,,1.441095,5.989033,,4.847634,15.27141,0.640052,,,74.80386,,,0.00248,,0.028513,0.006872,1.71027,31.0755,0.299402,33.17406,-0.000845,8.191249,0.053251,0.53157,1.954761,0.921604,,0.01004,0.010107,14.26955,0.163454,0.001261,0.714962,-0.07528,5.883541,,1.715263,,79.28419,249.0889,,1.309907,0.416894,,1.088935,,0.562561,0.709275,47.45952,0.708612,16.13286,0.052239,5.292986,0.007517,0.007221,18.38753,0.313194,5.243902,0.315692,6.520121,0.820573,0.016422,0.004214,3.894869,1.370115,,1.555517,,0.11498,5.271106,0.820062,9.744527,0.040025,37.0376,0.004021,,4.189851,,28.71271,0.527136,0.000224,11.18847,1.475106,0.000529,0.033813,0.056572,4.734869,11.88145,0.016605,1.120657,0.034707,8.150354,0.000366,50.98712,4.313876,0.001075,,,8.765046,0.002161,3.172896,,338.289398193359,,76.1021575927734,0.323724,22.82574,0.971767,6.431058,12.72129,0.001963,4.768138,,4.461097,,8.325557,0.04053,0.220588,0.131175,,62.10982,3.913996,2.076608,10.51972,4.232456,-0.066887,0.000189,1.00677,3.813517,3.779384,0.013945,10.64829,0.000478,,2.957754,0.088937,0.187661,,,,0.756994,0.031961,0.206128,0.010893,5.676273,2.87132,20.16354,1.810965,-0.000119,0.072671,0.05018,0.012234,0.211786,2.824783,,0.000791,5.178064,17.40036,31.49289,5.074156,4.012635,225.1147,1.326184,3.937284,0.015557,15.5648,0.095657,0.001618,0.088733,0.652714,16.36758,15.98908,6.265492
54,2024,0.006733,2.414057,3.927629,0.006057,,0.007678,2.25547,11.25632,0.919739,0.005611,0.011288,5.743472,,0.74494,4.037678,,4.240077,9.713899,18.46017,,0.086447,0.124514,,4.284009,0.134752,0.006179,2.902637,134.1784,0.031941,0.062095,3.746371,0.577299,1.672459,42.61013,,23.00099,383.0398,7.191192,7.666,56.92137,1.511604,0.007754,6.108667,0.225958,0.119604,3.656319,1.149295,0.071808,,,,0.279089,0.016758,,1.418623,5.85172,,4.773617,15.9347,0.625877,,,73.55544,,,0.002451,,0.028821,0.006981,1.647632,31.2604,0.307886,32.42806,-0.000857,8.015126,0.052592,0.517524,1.912387,0.903137,,0.009933,0.009999,14.03124,0.161212,0.001248,0.703087,-0.075729,5.789848,,1.689183,,83.41886,248.8321,,1.400431,0.439244,,1.100609,,0.555193,0.747966,47.09061,0.724666,15.77687,0.053749,5.260254,0.007625,0.007145,18.63312,0.338793,5.242505,0.335337,6.373928,0.802847,0.016165,0.004278,3.943378,1.339288,,,,0.117774,5.150647,0.844928,9.524895,0.040638,36.91376,0.004122,,4.10383,,28.50598,0.526268,0.00023,10.91535,1.442246,0.000524,0.033389,0.05439,4.646558,12.11605,0.016233,1.076269,0.035247,7.975876,0.000376,49.70117,4.240194,0.001101,,,8.709708,0.002216,3.272747,,336.696258544922,,75.8405609130859,0.346024,21.84466,0.955329,6.336001,13.24681,0.002012,4.756613,,4.443286,,8.223139,0.041451,0.234678,0.12823,,62.44355,3.841137,2.138236,10.29693,4.146915,-0.058452,0.000181,1.02798,3.717884,3.722876,0.0141,10.40979,0.000459,,2.890875,0.087236,0.17889,,,,0.709246,0.031319,0.21567,0.010762,5.558362,2.806998,20.67913,1.869792,-0.000121,0.073977,0.04969,0.012489,0.209171,2.756546,,0.000811,5.316548,17.0287,30.85,5.287197,3.784781,224.4064,1.34965,3.882547,0.015375,16.75591,0.095845,0.001658,0.089297,0.664262,16.4224,15.65523,6.127878
