,TIME_PERIOD,AUT,BEL,BGR,CHE,CHL,CZE,DEU,DNK,EA19,ESP,EST,FIN,FRA,GBR,GRC,HRV,HUN,IRL,ITA,JPN,LTU,LUX,LVA,NLD,POL,PRT,ROU,RUS,SVK,SVN,SWE,TUR
0,1985-01,-16.4,-4.8,,,,,-20.8,,-14.8,,,-48.1,-11.2,12.8,13.1,,,7.4,9.8,,,-15.0,,,,,,,,,,
1,1985-02,-18.0,5.5,,,,,-22.3,,-15.5,,,-47.0,-7.8,12.6,13.1,,,10.6,4.8,,,-16.0,,,,,,,,,,
2,1985-03,-17.9,2.6,,,,,-24.2,,-12.0,,,-47.6,-4.2,12.4,13.1,,,10.4,10.8,,,-31.0,,,,,,,,,,
3,1985-04,-10.9,7.3,,,,,-27.3,,-12.3,,,-44.8,-0.8,7.5,3.1,,,1.4,4.8,,,-23.0,,,,,,,,,,
4,1985-05,-13.6,6.4,,,,,-23.0,,-7.9,,,-44.1,-1.7,7.1,3.1,,,0.7,12.8,,,-16.0,,,,,,,,,,
5,1985-06,-11.9,5.3,,,,,-15.7,,-8.5,,,-42.9,-2.6,6.7,3.1,,,3.5,7.8,,,-11.0,,,,,,,,,,
6,1985-07,-10.0,5.7,,,,,-7.7,,-2.3,,,-37.1,-2.2,9.1,6.1,,,7.8,11.8,,,-7.0,,,,,,,,,,
7,1985-08,-11.4,6.3,,,,,-1.1,,-0.4,,,-35.5,-1.7,9.1,6.1,,,9.9,11.8,,,-4.0,,,,,,,,,,
8,1985-09,-10.5,10.1,,,,,3.0,,8.2,,,-32.6,-1.2,9.2,6.1,,,6.6,33.8,,,-9.0,,14.3,,,,,,,,
9,1985-10,-10.5,15.3,,,,,2.7,,0.5,,,-52.1,-1.0,14.2,9.1,,,24.6,3.8,,,-2.0,,13.9,,,,,,,,
10,1985-11,-10.8,21.0,,,,,8.4,,3.5,,,-51.1,-2.8,14.4,9.1,,,25.3,9.8,,,3.0,,10.2,,,,,,,,
11,1985-12,-11.5,17.7,,,,,4.3,,2.4,,,-49.8,-3.7,14.1,9.1,,,24.0,14.8,,,-10.0,,14.2,,,,,,,,
12,1986-01,-10.4,15.7,,,,,1.2,,1.8,,,-34.1,-2.3,22.1,28.1,,,21.4,12.8,,,-6.0,,11.8,,,,,,,,
13,1986-02,-12.2,14.0,,,,,-0.3,,0.5,,,-33.0,-0.9,22.9,28.1,,,24.6,6.8,,,-9.0,,16.5,,,,,,,,
14,1986-03,-12.1,11.7,,,,,-1.9,,0.4,,,-33.6,0.7,24.1,28.1,,,24.4,1.8,,,-6.0,,15.7,,,,,,,,
15,1986-04,-8.0,14.4,,,,,-1.7,,5.8,,,-13.7,2.2,18.1,45.1,,,26.4,5.8,,,9.0,,21.2,,,,,,,,
16,1986-05,-10.8,8.9,,,,,8.5,,13.5,,,-13.1,1.4,18.4,45.1,,,25.7,14.8,,,9.0,,30.5,,,,,,,,
17,1986-06,-9.0,4.7,,,,,7.3,,8.7,,,-11.9,0.2,18.6,45.1,,,28.4,6.8,,,23.0,,30.2,,,,,,,,
18,1986-07,-7.8,5.0,,,,,9.1,,8.4,,,-9.0,-1.5,19.3,28.1,,,12.8,4.8,,,30.0,,24.9,,,,,,,,
19,1986-08,-9.3,6.1,,,,,9.7,,7.6,,,-7.4,-2.9,19.6,28.1,,,14.9,9.8,,,22.0,,24.9,,,,,,,,
20,1986-09,-8.4,1.2,,,,,9.5,,7.3,,,-4.5,-4.3,19.8,28.1,,,11.6,5.8,,,27.0,,24.4,,,,,,,,
21,1986-10,-10.3,1.1,,,,,10.6,,12.8,,,0.7,-5.6,27.4,26.1,,,5.6,20.8,,,30.0,,27.9,,,,,,,,
22,1986-11,-10.7,0.4,,,,,7.4,,5.1,,,1.7,-6.8,28.0,26.1,,,6.3,5.8,,,18.0,,24.0,,,,,,,,
23,1986-12,-11.5,1.5,,,,,2.2,,1.3,,,3.0,-8.0,28.5,26.1,,,5.0,0.8,,,10.0,,23.1,,,,,,,,
24,1987-01,-12.4,2.3,,,,,-3.8,,0.0,,,-1.2,-7.6,36.2,26.1,,,23.5,9.8,,,4.0,,22.6,,,,,,,,
25,1987-02,-14.3,3.8,,,,,-4.5,,3.2,,,-0.1,-7.3,37.6,26.1,,,26.6,16.8,,,10.0,,25.5,,,,,,,,
26,1987-03,-14.3,7.6,,,,,-2.0,,7.9,,,-0.8,-7.0,38.8,26.1,,,26.4,20.8,,,-4.0,,25.6,,,,,,,,
27,1987-04,-10.4,4.1,,,,,-0.4,,12.4,,,-6.6,-6.1,47.5,28.1,,,8.4,23.8,,,14.0,,40.3,,,,,,,,
28,1987-05,-13.2,3.6,,,,,-3.9,,3.5,,,-6.0,-6.6,48.7,28.1,,,7.7,2.8,,,2.0,,41.0,,,,,,,,
29,1987-06,-11.4,3.5,,,,,0.4,,7.7,,,-4.8,-7.4,49.9,28.1,,,10.4,14.8,,,4.0,,36.5,,,,,,,,
30,1987-07,-3.6,5.9,,,,,0.1,,7.9,,,0.2,-6.3,50.8,10.1,,,15.7,16.8,,,11.0,,34.0,,,,,,,,
31,1987-08,-5.2,4.0,,,,,-4.3,,0.8,,,1.8,-7.0,51.9,10.1,,,17.8,8.8,,,-4.0,,31.9,,,,,,,,
32,1987-09,-4.2,9.5,,,,,2.3,,6.5,,,4.8,-7.5,52.7,10.1,,,14.5,13.8,,,-6.0,,30.4,,,,,,,,
33,1987-10,-4.7,6.3,,,,,-3.3,,7.7,,,5.6,-6.3,61.5,35.1,,,-4.4,28.8,,,-14.0,,27.9,,,,,,,,
34,1987-11,-5.2,11.9,,,,,-7.4,,2.5,,,6.5,-6.7,62.9,35.1,,,-3.7,21.8,,,-13.0,,23.6,,,,,,,,
35,1987-12,-6.0,18.8,,,,,-13.9,,-3.9,,,7.7,-6.8,64.2,35.1,,,-5.0,13.8,,,-12.0,,11.7,,,,,,,,
36,1988-01,-10.7,18.9,,,,,-15.2,,-1.7,,,29.8,-5.8,56.7,9.1,,,3.5,25.8,,,-13.0,,11.0,,,,,,,,
37,1988-02,-12.9,8.3,,,,,-13.0,,1.9,,,30.9,-4.4,57.6,9.1,,,6.7,27.8,,,-9.0,,10.2,,,,,,,,
38,1988-03,-12.8,20.1,,,,,-11.2,,1.2,,,30.1,-3.1,58.4,9.1,,,6.5,10.8,,,-33.0,,14.2,,,,,,,,
39,1988-04,-5.2,20.8,,,,,-8.2,,3.9,,,31.5,-2.2,69.4,1.1,,,22.4,11.8,,,6.0,,9.8,,,,,,,,
40,1988-05,-8.4,22.6,,,,,-2.4,,7.8,,,32.1,-2.0,70.8,1.1,,,21.7,16.8,,,11.0,,12.9,,,,,,,,
41,1988-06,-6.5,22.4,,,,,-0.4,,8.9,,,33.2,-1.8,72.0,1.1,,,24.4,21.8,,,-22.0,,13.2,,,,,,,,
42,1988-07,-5.0,22.1,,,,,0.3,,10.0,,,32.4,3.2,69.1,20.1,,,26.7,26.8,,,-21.0,,19.3,,,,,,,,
43,1988-08,-6.7,20.0,,,,,2.9,,12.7,,,33.9,3.3,70.0,20.1,,,28.9,32.8,,,-20.0,,23.2,,,,,,,,
44,1988-09,-5.6,22.0,,,,,7.6,,11.0,,,37.0,3.4,70.9,20.1,,,25.5,15.8,,,-15.0,,26.5,,,,,,,,
45,1988-10,10.7,20.8,,,,,6.1,,15.1,,,30.3,0.0,69.5,0.1,,,51.6,33.8,,,-12.0,,25.1,,,,,,,,
46,1988-11,10.0,22.8,,,,,6.8,,15.2,,,31.2,0.0,70.5,0.1,,,52.3,31.8,,,-20.0,,27.2,,,,,,,,
47,1988-12,9.3,23.7,,,,,6.7,,14.1,,,32.4,-0.1,71.4,0.1,,,51.0,30.8,,,-20.0,,25.0,,,,,,,,
48,1989-01,1.8,30.3,,,,,7.9,,21.6,68.8,,51.1,5.1,67.4,20.1,,,47.5,12.8,,,-28.0,,24.1,,51.5,,,,,,
49,1989-02,-0.8,26.7,,,,,9.1,,28.8,67.8,,52.1,5.7,68.1,20.1,,,50.7,40.8,,,-21.0,,26.5,,49.5,,,,,,
50,1989-03,-0.7,24.3,,,,,10.3,,31.9,67.8,,51.0,6.3,68.9,20.1,,,50.5,39.8,,,-12.0,,37.8,,49.5,,,,,,
51,1989-04,0.7,26.2,,,,,12.9,,28.9,67.8,,28.6,4.5,63.9,13.1,,,59.4,26.8,,,-21.0,,35.1,,63.5,,,,,,
52,1989-05,-3.0,24.8,,,,,13.2,,19.4,55.8,,29.1,4.6,64.6,13.1,,,58.7,-8.2,,,-9.0,,32.7,,47.5,,,,,,
53,1989-06,-0.9,29.2,,,,,18.0,,31.2,53.8,,30.2,4.7,65.4,13.1,,,61.5,44.8,,,-8.0,,36.8,,34.5,,,,,,
54,1989-07,5.3,28.8,,,,,21.6,,30.0,61.8,,28.5,2.0,51.4,1.1,,,61.7,25.8,,,-7.0,,45.8,,51.5,,,,,,
55,1989-08,3.3,31.3,,,,,21.1,,31.2,56.8,,30.0,2.1,51.5,1.1,,,63.9,38.8,,,-10.0,,41.6,,49.5,,,,,,
56,1989-09,4.4,27.1,,,,,23.1,,27.8,46.8,,33.2,2.2,51.8,1.1,,,60.5,27.8,,,-4.0,,37.9,,49.5,,,,,,
57,1989-10,3.8,27.3,,,,,24.6,,26.4,19.8,,-22.0,1.0,31.8,7.1,,,53.6,42.8,,,-1.0,,35.4,,60.5,,,,,,
58,1989-11,3.2,27.6,,,,,25.1,,26.5,25.8,,-21.2,0.9,31.3,7.1,,,54.3,38.8,,,3.0,,38.0,,41.5,,,,,,
59,1989-12,2.1,29.4,,,,,29.2,,28.3,20.8,,-20.0,0.9,31.0,7.1,,,52.9,44.8,,,7.0,,45.1,,46.5,,,,,,
60,1990-01,12.4,34.6,,,,,31.0,,32.9,28.8,,-13.5,1.4,-2.8,11.1,,,68.5,46.8,,,11.0,,51.0,,50.5,,,,,1.2,
61,1990-02,9.6,31.3,,,,,40.2,,35.8,23.8,,-12.5,1.5,-4.9,11.1,,,71.7,45.8,,,-6.0,,53.8,,50.5,,,,,1.1,
62,1990-03,9.8,31.1,,,,,37.6,,38.2,32.8,,-13.8,1.6,-6.8,11.1,,,71.5,47.8,,,-5.0,,59.6,,45.5,,,,,-0.5,
63,1990-04,16.9,29.1,,,,,39.9,,42.0,46.8,,-6.3,-4.4,-16.5,29.1,,,47.4,47.8,,,6.0,,61.4,,34.5,,,,,-5.0,
64,1990-05,12.6,17.0,,,,,35.6,,40.4,52.8,,-6.0,-4.7,-18.3,29.1,,,46.6,49.8,,,23.0,,53.4,,29.5,,,,,-5.8,
65,1990-06,15.0,16.8,,,,,26.3,,26.0,34.8,,-4.9,-4.9,-19.7,29.1,,,49.5,18.8,,,19.0,,53.4,,36.5,,,,,-6.2,
66,1990-07,14.0,15.4,,,,,22.9,,19.9,13.8,,-20.5,-5.2,-44.7,2.1,,,22.7,21.8,,,7.0,,49.5,,28.5,,,,,-23.3,
67,1990-08,11.5,17.2,,,,,26.3,,31.4,47.8,,-19.0,-5.2,-47.2,2.1,,,24.9,46.8,,,10.0,,48.1,,29.5,,,,,-23.0,
68,1990-09,12.6,17.1,,,,,25.6,,28.8,38.8,,-15.7,-5.2,-49.4,2.1,,,21.4,44.8,,,10.0,,47.2,,36.5,,,,,-20.1,
69,1990-10,11.8,15.3,,,,,22.0,,22.9,10.8,,-25.5,-5.0,-52.3,-0.9,,,17.5,34.8,,,17.0,,55.3,,41.5,,,,,-58.4,
70,1990-11,10.9,10.6,,,,,17.3,,24.5,24.8,,-24.7,-5.1,-54.3,-0.9,,,18.3,41.8,,,8.0,,58.4,,44.5,,,,,-58.0,
71,1990-12,9.7,8.4,,,,,16.7,,23.1,44.8,,-23.5,-5.2,-56.0,-0.9,,,16.9,25.8,,,3.0,,60.2,,29.5,,,,,-57.3,
72,1991-01,15.7,12.6,,,,,26.0,,31.6,47.8,,-26.9,-5.3,-49.4,22.1,,,-14.5,35.8,,,11.0,,62.0,,56.5,,,,,-65.7,
73,1991-02,12.4,10.3,,,,,25.1,,29.2,32.8,,-26.0,-5.2,-50.8,22.1,,,-11.2,40.8,,,2.0,,56.1,,52.5,,,,,-65.8,
74,1991-03,12.6,13.1,,,,,26.6,,21.8,10.8,,-27.5,-5.0,-51.9,22.1,,,-11.4,19.8,,,13.0,,39.6,,48.5,,,,,-67.4,
75,1991-04,18.6,18.2,,,,,20.0,,14.9,14.8,,-47.2,-5.9,-44.6,-3.9,,,10.4,2.8,,,21.0,,30.0,,11.5,,,,,-69.0,
76,1991-05,13.6,20.0,,,,,11.8,,15.0,14.8,,-46.9,-5.8,-45.3,-3.9,,,9.6,24.8,,,15.0,,25.0,,11.5,,,,,-69.7,
77,1991-06,16.3,17.8,,,,,14.4,,17.2,11.8,,-45.9,-5.6,-46.0,-3.9,,,12.5,41.8,,,10.0,,23.8,,8.5,,,,,-70.1,
78,1991-07,10.4,16.4,,,,,15.6,,13.6,12.8,,-43.7,-10.2,-34.9,-26.9,,,4.7,20.8,,,-5.0,,22.0,,14.5,,,,,-73.6,
79,1991-08,7.5,11.2,,,,,14.8,,10.0,10.8,,-42.1,-10.4,-29.5,-26.9,,,-2.1,13.8,,,-15.0,,24.3,,19.5,,,,,-73.2,
80,1991-09,8.6,14.1,,,,,17.0,,9.6,0.8,,-38.5,-10.6,-25.4,-26.9,,,11.4,12.8,,,-20.0,,26.1,,20.5,,,,,-70.1,
81,1991-10,0.9,17.3,,,,,18.0,,16.5,13.8,,-12.9,-22.7,-10.6,-8.9,,,3.5,18.8,,,-18.0,,32.4,,33.5,,,,,-68.4,
82,1991-11,-0.2,12.6,,,,,19.7,,16.5,16.8,,-12.2,-23.5,-15.3,-8.9,,,20.3,14.8,,,-21.0,,37.2,,32.5,,,,,-67.9,
83,1991-12,-1.6,14.4,,,,,24.4,,29.9,37.8,,-11.0,-24.3,-13.8,-8.9,,,26.8,49.8,,,-16.0,,45.9,,19.5,,,,,-67.1,
84,1991-Q1,,,,,,,,,,,,,,,,,,,,-22.0,,,,,,,,,,,,
85,1991-Q2,,,,,,,,,,,,,,,,,,,,-14.0,,,,,,,,,,,,
86,1991-Q3,,,,,,,,,,,,,,,,,,,,-9.0,,,,,,,,,,,,
87,1991-Q4,,,,,,,,,,,,,,,,,,,,-2.0,,,,,,,,,,,,
88,1992-01,8.6,12.6,,,,,25.0,,31.2,41.8,,-25.4,-32.9,-10.3,24.1,,,7.5,47.8,,,-13.0,,39.6,,41.5,,,,,-64.7,
89,1992-02,4.6,9.3,,,,,25.4,,28.9,32.8,,-24.4,-33.9,1.1,24.1,,,15.9,45.8,,,-21.0,,43.0,,36.5,,,,,-64.7,
90,1992-03,4.9,8.1,,,,,16.2,,21.9,21.8,,-26.2,-34.9,0.3,24.1,,,22.6,28.8,,,-28.0,,57.7,,26.5,,,,,-66.4,
91,1992-04,4.3,4.2,,,,,7.9,,8.7,-7.2,,-35.3,-35.9,1.2,1.1,,,14.4,13.8,,,-32.0,,37.3,,28.5,,,,,-46.9,
92,1992-05,-1.5,6.0,,,,,8.7,,9.5,18.8,,-35.1,-36.8,-4.2,1.1,,,25.7,6.8,,,-29.0,,29.1,,19.5,,,,,-47.6,
93,1992-06,1.6,-1.2,,,,,6.8,,7.0,1.8,,-34.0,-37.7,-9.9,1.1,,,29.6,13.8,,,-29.0,,22.7,,14.5,,,,,-48.0,
94,1992-07,-3.8,0.4,,,,,1.4,,3.6,-2.2,,-16.9,-42.3,-11.3,-3.9,,,21.6,14.8,,,-14.0,,21.9,,-11.5,,,,,-48.1,
95,1992-08,-7.2,0.2,,,,,-5.3,,5.1,7.8,,-15.2,-43.2,-16.9,-3.9,,,19.8,38.8,,,-28.0,,19.1,,-16.5,,,,,-47.6,
96,1992-09,-5.8,-3.9,,,,,-11.4,,-4.3,2.8,,-11.4,-44.0,-24.1,-3.9,,,23.3,2.8,,,-36.0,,17.8,,2.5,,,,,-44.3,
97,1992-10,-16.4,-1.7,,,,,-9.1,,1.0,14.8,,10.0,-52.0,-11.2,11.1,,,12.5,9.8,,,-42.0,,18.4,,-1.5,,,,,-42.4,
98,1992-11,-17.7,-3.4,,,,,-2.9,,-0.9,8.8,,10.7,-53.4,-5.0,11.1,,,14.3,-5.2,,,-50.0,,18.2,,-9.5,,,,,-41.8,
99,1992-12,-19.5,-7.6,,,,,-0.4,,-0.1,5.8,,11.9,-54.7,0.2,11.1,,,8.8,-8.2,,,-51.0,,17.0,,-3.5,,,,,-40.9,
100,1992-Q1,,,,,,,,,,,,,,,,,,,,6.0,,,,,,,,,,,,
101,1992-Q2,,,,,,,,,,,,,,,,,,,,8.0,,,,,,,,,,,,
102,1992-Q3,,,,,,,,,,,,,,,,,,,,10.0,,,,,,,,,,,,
103,1992-Q4,,,,,,,,,,,,,,,,,,,,12.0,,,,,,,,,,,,
104,1993-01,-17.6,-8.3,,,,,0.8,,-1.6,0.8,,2.3,-61.6,8.2,-20.9,,,4.5,-4.2,,,-44.0,,16.6,,-8.5,,,,,-45.7,
105,1993-02,-22.1,-9.7,,,,57.0,-4.2,,-0.6,11.8,,3.3,-63.2,6.3,-20.9,,,0.9,1.8,,,-61.0,,14.4,,-17.5,,,,,-45.6,
106,1993-03,-22.0,-8.9,,,,66.0,1.3,,1.6,-0.2,,1.1,-64.8,9.3,-20.9,,,29.7,3.8,,,-57.0,,10.2,,-18.5,,,,,-47.5,
107,1993-04,-16.5,-5.8,,,,58.5,-5.2,,-0.5,8.8,,-10.7,-59.8,5.8,-22.9,,,13.5,1.8,,,-46.0,,9.8,,-21.5,,,,,-43.6,
108,1993-05,-23.1,-8.0,,,,52.2,-13.0,,-9.4,-0.2,,-10.6,-60.7,6.1,-22.9,,,11.7,-10.2,,,-61.0,,11.1,,-15.5,,,,,-44.3,
109,1993-06,-19.6,-5.2,,,,53.6,-12.7,,-11.1,-4.2,,-9.5,-61.6,1.8,-22.9,,,30.7,-20.2,,,-55.0,,12.4,,-14.5,,,,,-44.7,
110,1993-07,-18.9,-6.6,,,,64.2,-14.5,,-5.9,3.8,,-1.3,-59.9,7.9,-18.9,,,24.6,3.8,,,-62.0,35.8,10.6,42.2,-6.5,,,,,-42.5,
111,1993-08,-22.7,-9.8,,,,57.4,-11.9,,-5.2,6.8,,0.5,-60.7,6.5,-18.9,,,19.8,5.8,,,-62.0,36.5,10.6,34.5,-18.5,,,31.0,,-42.0,
112,1993-09,-21.0,-9.9,,,,58.0,-11.6,,-1.4,14.8,,4.7,-61.5,5.9,-18.9,,,13.3,13.8,,,-60.0,35.6,11.2,32.2,-10.5,,,31.0,,-38.3,
113,1993-10,-13.0,-14.7,,,,40.1,-11.5,,-12.2,-32.2,,44.3,-54.4,9.1,-7.9,,,31.4,-9.2,,,-62.0,42.3,10.4,30.4,-18.5,94.3,,29.0,,-20.2,
114,1993-11,-14.7,-9.4,,,,54.8,-10.8,,-5.5,-8.2,,44.9,-55.0,13.9,-7.9,,,35.3,-3.2,,,-62.0,41.1,7.2,34.9,-2.5,94.3,,30.0,,-19.6,
115,1993-12,-16.5,-8.7,,,,36.2,-6.5,,-3.6,0.8,,46.2,-55.8,14.7,-7.9,,,38.8,-13.2,,,-64.0,41.7,5.3,34.0,4.5,94.3,,48.0,,-18.6,
116,1993-Q1,,,,,,,,,,,,,,,,,,,,16.0,,,,,,,,,,,,
117,1993-Q2,,,,,,,,,,,,,,,,,,,,11.0,,,,,,,,,,,,
118,1993-Q3,,,,,,,,,,,,,,,,,,,,17.0,,,,,,,,,,,,
119,1993-Q4,,,,,,,,,,,,,,,,,,,,23.0,,,,,,,,,,,,
120,1994-01,-7.4,-5.3,73.4,,,57.5,-7.5,,-2.4,-6.2,,26.0,-50.4,25.9,-13.9,,,33.4,6.8,,,-56.0,40.9,11.7,33.2,-3.5,95.3,,48.0,,-15.7,
121,1994-02,-12.7,-6.7,75.2,,,57.4,-8.2,,0.3,19.8,,27.0,-51.0,25.1,-13.9,,,36.9,-1.2,,,-54.0,40.7,12.9,31.3,-3.5,95.3,,29.0,,-15.7,
122,1994-03,-12.5,-2.9,77.1,,,44.0,-8.1,,0.2,-9.2,,24.4,-51.7,28.1,-13.9,,,36.8,13.8,,,-64.0,41.3,9.6,31.8,-0.5,95.3,,30.0,,-17.8,
123,1994-04,-4.7,2.2,79.0,,,57.4,-8.5,,0.8,-4.2,88.8,39.6,-48.4,22.9,-14.9,,,34.5,13.8,,,-56.0,36.2,6.2,31.2,4.5,97.3,,34.0,,6.8,
124,1994-05,-12.5,0.0,81.1,,,61.0,-7.0,,1.9,-0.2,87.7,39.6,-49.0,24.2,-14.9,,,32.7,16.8,,,-49.0,36.6,10.1,27.6,-10.5,97.3,,50.0,,5.9,
125,1994-06,-8.4,-0.2,83.1,,,60.5,-7.0,,3.1,5.8,87.0,40.7,-49.6,31.6,-14.9,,,36.8,15.8,,,-38.0,36.1,13.2,30.4,-10.5,97.3,,25.0,,5.4,
126,1994-07,-7.1,1.4,85.2,,,55.2,-5.3,,2.1,0.8,88.5,46.1,-41.8,35.6,15.1,,,83.6,10.8,,,-39.0,34.3,17.4,31.3,-12.5,83.3,,34.0,,-2.2,
127,1994-08,-11.6,2.2,85.7,,,62.4,-3.7,,3.6,3.8,88.6,48.0,-42.1,33.2,15.1,,,40.8,12.8,,,-34.0,33.8,21.2,36.6,-10.5,83.3,,37.0,,-1.7,
128,1994-09,-9.6,1.0,86.1,,,62.0,-3.1,,3.8,1.8,88.6,52.7,-42.5,30.0,15.1,,,49.2,13.8,,,-38.0,33.9,23.7,39.1,-8.5,83.3,,37.0,,2.4,
129,1994-10,-6.2,3.3,86.6,-14.95,,73.1,-3.9,,1.8,1.8,79.3,26.9,-35.8,31.0,33.1,,,55.4,5.8,,85.8,-39.0,30.5,18.3,39.4,-5.5,82.3,,18.0,,13.2,
130,1994-11,-8.2,3.6,87.5,-13.91998,,67.8,-2.8,,7.4,29.8,80.0,27.9,-36.0,29.0,33.1,,,68.3,2.8,,87.8,-46.0,30.8,21.0,39.5,-5.5,82.3,,38.0,,13.8,
131,1994-12,-10.4,0.3,88.5,-14.00637,,76.8,-3.3,,5.6,27.8,79.5,27.6,-36.4,28.0,33.1,,,60.8,-3.2,,87.2,-40.0,30.7,22.3,39.9,-2.5,82.3,,39.0,,14.8,
132,1994-Q1,,,,,,,,,,,,,,,,,,,,21.0,,,,,,,,,,,,
133,1994-Q2,,,,,,,,,,,,,,,,,,,,19.0,,,,,,,,,,,,
134,1994-Q3,,,,,,,,,,,,,,,,,,,,18.0,,,,,,,,,,,,
135,1994-Q4,,,,,,,,,,,,,,,,,,,,19.0,,,,,,,,,,,,
136,1995-01,-8.8,3.7,89.5,-18.45,,78.9,-3.2,,8.4,32.8,69.9,40.1,-34.4,24.5,11.1,,,49.3,9.8,,92.6,-45.0,29.5,19.9,37.0,-9.5,80.3,,60.0,,19.3,
137,1995-02,-15.2,1.3,88.7,-20.44688,,83.9,-4.6,,11.6,43.8,70.6,21.0,-34.0,19.3,11.1,,,41.9,21.8,,90.7,-38.0,30.1,21.5,35.7,-2.5,80.3,,48.0,,19.2,
138,1995-03,-15.0,-1.9,87.8,-18.83707,,81.8,-10.9,,1.3,14.8,69.6,36.0,-27.9,18.0,11.1,,,42.8,-0.2,,88.6,-56.0,29.2,20.9,35.1,4.5,80.3,,11.0,,16.7,
139,1995-04,-9.5,-5.7,86.9,-27.6,,62.5,-15.2,,8.0,35.8,72.8,20.4,-30.7,9.1,29.1,,,69.5,25.8,,73.0,-46.0,34.7,26.4,35.1,-2.5,82.3,,61.0,,2.4,
140,1995-05,-19.2,-9.0,85.6,-35.07355,,59.5,-20.0,,6.6,47.8,71.6,-1.9,-31.0,8.3,29.1,,,57.7,21.8,,72.5,-50.0,33.9,26.0,36.6,-6.5,82.3,,19.0,,1.3,
141,1995-06,-14.2,-9.2,84.4,-36.03566,,54.5,-21.9,,1.6,29.8,71.0,4.2,-31.4,6.0,29.1,,,61.9,16.8,,71.9,-48.0,35.3,23.9,34.7,-9.5,82.3,,14.0,,0.6,
142,1995-07,-25.9,-11.6,83.1,-41.6,,61.5,-24.0,,0.6,24.8,62.5,42.2,-33.1,8.4,18.1,,,63.6,24.8,,83.7,-49.0,33.3,22.2,35.1,-5.5,90.3,,9.0,,-17.1,
143,1995-08,-32.8,-9.8,83.3,-45.40283,,57.5,-26.7,,-2.3,19.8,62.7,24.0,-33.6,8.6,18.1,,,60.7,23.8,,84.7,-45.0,34.9,20.0,34.9,-13.5,90.3,,15.0,,-16.6,
144,1995-09,-29.6,-11.0,83.6,-45.38202,,50.5,-31.6,,-3.4,21.8,62.7,27.1,-34.3,2.5,18.1,,,44.2,30.8,,85.9,-35.0,33.8,18.4,34.2,-15.5,90.3,,14.0,,-12.0,
145,1995-10,-37.4,-14.7,83.8,-44.33,,57.5,-31.7,,-8.3,14.8,66.3,34.1,-41.2,5.8,23.1,,,48.3,9.8,,76.2,-36.0,41.9,14.3,36.2,-7.5,85.3,,9.0,,-11.4,
146,1995-11,-45.3,-19.5,82.1,-46.93214,,60.5,-31.3,,-11.8,2.8,67.0,3.4,-42.1,8.0,23.1,,,49.3,6.8,,78.4,-52.0,40.8,12.9,35.5,-8.5,85.3,,6.0,,-10.7,
147,1995-12,-41.2,-17.7,80.3,-46.53856,,74.5,-34.1,,-9.2,10.8,66.5,7.8,-43.1,3.9,23.1,,,49.8,18.8,,77.7,-51.0,41.5,9.4,33.7,-6.5,85.3,,28.0,,-9.7,
148,1995-Q1,,,,,,,,,,,,,,,,,,,,15.0,,,,,,,,,,,,
149,1995-Q2,,,,,,,,,,,,,,,,,,,,21.0,,,,,,,,,,,,
150,1995-Q3,,,,,,,,,,,,,,,,,,,,24.0,,,,,,,,,,,,
151,1995-Q4,,,,,,,,,,,,,,,,,,,,21.0,,,,,,,,,,,,
152,1996-01,-38.2,-19.3,78.5,-45.78,,62.5,-36.5,,-12.4,9.8,69.8,-15.1,-45.4,2.0,21.1,,,70.3,7.8,,80.7,-65.0,42.1,7.9,36.4,-5.5,89.3,,28.0,,-1.4,
153,1996-02,-64.9,-14.7,79.7,-47.93902,,57.5,-37.7,,-16.5,2.8,70.5,-1.5,-46.3,4.9,21.1,,,68.9,0.8,,78.8,-49.0,42.3,10.0,34.7,-2.5,89.3,,35.0,,-9.6,
154,1996-03,-15.7,-11.8,81.0,-46.2925,,71.5,-37.1,,-11.0,2.8,69.5,-18.9,-48.8,3.0,21.1,,,51.9,12.8,,76.7,-53.0,41.8,17.2,37.6,-6.5,89.3,,32.0,,-16.6,
155,1996-04,-44.5,-8.7,82.3,-51.51,,74.5,-32.2,,-14.3,-11.2,53.8,-16.4,-53.2,-0.4,18.1,,,75.5,2.8,,61.8,-53.0,43.2,11.7,44.3,-7.5,91.3,,42.0,,-24.0,
156,1996-05,-4.8,-13.0,82.9,-52.61675,,74.5,-28.9,,-4.8,24.8,52.6,-10.1,-54.1,5.5,18.1,,,64.7,0.8,,61.3,-56.0,42.0,17.2,37.8,-4.5,91.3,,35.0,,-19.3,
157,1996-06,-35.1,-12.2,83.4,-53.64095,,63.5,-30.1,,-11.5,-2.2,52.0,0.1,-54.9,6.1,18.1,,,46.0,3.8,,60.8,-50.0,43.0,19.7,36.9,2.5,91.3,,29.0,,-24.3,
158,1996-07,-30.9,-11.6,84.0,-48.17,,67.5,-29.5,,-7.4,6.8,56.5,-6.9,-50.8,9.1,6.1,,,46.5,10.8,,72.8,-52.0,34.8,17.1,36.4,2.5,96.3,,62.0,,-14.3,
159,1996-08,-3.9,-9.8,80.2,-48.34929,,68.5,-29.4,,-11.7,-20.2,56.7,10.9,-51.2,8.2,6.1,,,59.7,7.8,,73.8,-49.0,35.3,13.8,36.4,0.5,96.3,,74.0,,-5.8,
160,1996-09,-16.7,-11.0,76.6,-48.10881,,66.5,-30.6,,-10.5,-13.2,56.8,5.6,-51.6,17.4,6.1,,,83.1,16.8,,75.0,-47.0,35.3,11.1,36.2,-6.5,96.3,,76.0,,-19.7,
161,1996-10,-21.7,-11.7,72.8,-47.02,,67.5,-28.7,,-12.6,-24.2,43.2,-2.0,-54.3,18.8,18.1,,,58.3,6.8,,66.2,-50.0,29.3,16.1,34.7,-4.5,89.3,,67.0,,-37.0,
162,1996-11,6.5,-10.5,72.2,-46.31918,,69.5,-30.8,,-11.3,-12.2,44.1,18.0,-54.7,18.5,18.1,,,47.4,2.8,,68.4,-49.0,30.0,8.7,32.7,-1.5,89.3,,78.0,,-25.2,
163,1996-12,-13.9,-9.7,71.5,-45.16906,,66.5,-31.4,,-10.2,-2.2,43.6,21.4,-54.9,21.9,18.1,,,53.8,4.8,,67.7,-51.0,27.4,5.2,32.0,-1.5,89.3,,77.0,,-30.0,
164,1996-Q1,,,,,,,,,,,,,,,,,,,,18.0,,,,,,,,,,,,
165,1996-Q2,,,,,,,,,,,,,,,,,,,,12.0,,,,,,,,,,,,
166,1996-Q3,,,,,,,,,,,,,,,,,,,,13.0,,,,,,,,,,,,
167,1996-Q4,,,,,,,,,,,,,,,,,,,,14.0,,,,,,,,,,,,
168,1997-01,-24.9,-7.3,70.9,-49.02,,77.5,-32.1,,-8.1,2.8,-18.3,24.4,-52.1,26.0,15.1,,,53.2,7.8,,61.9,-52.0,34.5,20.8,36.0,16.5,90.3,,73.0,,-48.8,
169,1997-02,15.3,-15.7,73.9,-44.76708,,75.5,-33.9,,-6.8,2.8,-17.5,27.9,-42.4,26.4,15.1,,,78.9,8.8,,59.9,-47.0,32.0,19.4,42.0,13.5,90.3,,86.0,,-36.3,
170,1997-03,-16.1,-11.8,72.4,-43.25304,,76.5,-32.9,,-10.3,-6.2,-18.5,24.0,-40.2,32.9,15.1,,,54.9,6.8,,57.8,-47.0,32.8,16.5,39.7,3.5,90.3,,81.0,,-26.8,
171,1997-04,-28.6,-12.7,70.3,-41.58,,68.5,-32.9,,-10.4,-8.2,35.6,39.6,-39.7,31.0,3.1,,,53.6,5.8,,62.6,-32.0,27.2,22.1,37.5,5.5,95.3,,79.0,,-39.7,
172,1997-05,-7.5,-9.0,76.0,-39.61835,,57.5,-29.7,,-7.3,-7.2,34.5,47.4,-40.8,30.2,3.1,,,60.7,6.8,,62.1,-34.0,27.8,19.4,36.1,4.5,95.3,,77.0,,-23.9,
173,1997-06,-15.8,-7.2,76.1,-40.51274,,74.5,-30.4,,-8.4,-4.2,33.9,43.0,-34.6,32.5,3.1,,,65.1,3.8,,61.6,-42.0,27.0,16.8,34.7,3.5,95.3,,82.0,,-29.2,
174,1997-07,-36.6,-10.6,74.2,-39.95,,64.5,-28.9,,-8.6,-5.2,35.4,30.0,-41.6,35.8,12.1,,,72.5,4.8,,55.8,-35.0,26.8,16.2,33.5,7.5,85.3,,82.0,,-20.5,
175,1997-08,2.3,-6.8,73.1,-42.38406,,68.5,-25.1,,-5.5,-0.2,35.8,23.8,-38.7,34.1,12.1,,,87.7,3.8,,56.9,-33.0,26.3,18.6,33.7,11.5,85.3,,83.0,,-21.7,
176,1997-09,-18.8,-8.0,72.1,-41.73047,,67.5,-24.3,,-6.6,2.8,36.1,14.0,-36.4,33.2,12.1,,,86.1,-0.2,,58.2,-24.0,26.0,20.7,29.3,-0.5,85.3,,86.0,,-22.2,
177,1997-10,-23.9,-10.8,70.6,-36.27,,64.5,-24.5,,-7.9,-1.2,36.1,14.9,-33.0,34.2,3.1,,,87.2,-5.2,,42.1,-19.0,25.7,18.9,26.1,6.5,89.3,,80.0,,-24.9,
178,1997-11,-17.1,-6.5,69.3,-39.30676,,63.5,-22.6,,-7.6,3.8,37.2,23.5,-30.0,38.1,3.1,,,67.4,-9.2,,44.5,-24.0,25.6,24.2,28.3,6.5,89.3,,77.0,,-16.6,
179,1997-12,-19.3,-7.7,60.4,-37.41382,,54.5,-23.4,,-5.9,0.8,36.8,12.1,-24.4,36.8,3.1,,,62.8,-4.2,,43.8,-26.0,24.1,32.6,36.1,8.5,89.3,,79.0,,-17.5,
180,1997-Q1,,,,,,,,,,,,,,,,,,,,21.0,,,,,,,,,,,,
181,1997-Q2,,,,,,,,,,,,,,,,,,,,19.0,,,,,,,,,,,,
182,1997-Q3,,,,,,,,,,,,,,,,,,,,25.0,,,,,,,,,,,,
183,1997-Q4,,,,,,,,,,,,,,,,,,,,31.0,,,,,,,,,,,,
184,1998-01,-28.6,-7.2,57.2,-30.65,,63.5,-29.2,-8.7,-7.1,7.8,34.8,19.0,-23.9,33.3,4.7,,,89.1,-0.2,,42.0,-29.0,29.4,33.8,39.8,5.5,94.3,,79.0,,-10.6,
185,1998-02,-19.2,-4.7,54.0,-29.79793,,63.5,-27.7,-5.8,-6.9,7.8,35.4,8.3,-25.2,37.8,18.9,,,54.9,-0.2,,40.0,-24.0,27.5,30.9,36.8,4.5,94.3,,81.0,,-10.0,
186,1998-03,-18.4,-6.8,64.4,-28.19069,,70.5,-27.6,-3.8,-6.0,3.7,34.3,25.9,-26.5,32.2,7.2,,,69.0,3.8,,37.8,-21.0,28.5,23.9,32.2,2.5,94.3,,82.0,,-13.1,
187,1998-04,-21.7,-5.6,48.6,-28.16,,65.5,-28.8,-1.2,-8.0,-0.2,25.8,36.8,-26.5,34.4,18.5,,,49.6,-0.2,,38.3,-21.0,22.2,19.5,24.9,2.5,94.3,,81.0,,-9.6,
188,1998-05,-18.2,-5.0,65.3,-25.14042,,59.5,-27.1,2.9,-5.7,4.9,24.7,44.4,-18.2,33.9,32.3,,,51.7,1.8,,37.8,9.0,22.9,18.7,23.6,-0.5,94.3,,81.0,,-6.5,
189,1998-06,-9.2,-3.2,64.3,-26.34458,,62.5,-20.4,-6.2,-0.6,7.5,24.2,30.1,-16.4,26.8,28.5,,,56.2,4.8,,37.3,4.0,22.2,21.9,22.1,6.5,94.3,,79.0,,3.9,
190,1998-07,-21.2,-1.6,55.7,-24.37,,54.5,-15.2,-8.4,0.9,6.9,33.9,27.9,-13.4,24.9,24.4,,,55.5,8.8,,10.9,2.0,20.7,23.1,19.8,-7.5,89.3,,79.0,,9.6,
191,1998-08,-36.4,-3.8,49.8,-17.40312,,61.5,-17.2,-6.3,-2.7,12.2,34.5,23.8,-11.1,21.4,23.9,,,58.7,1.8,,12.0,4.0,20.3,25.8,18.3,-9.5,89.3,,77.0,,8.7,
192,1998-09,-22.1,-5.0,49.4,-16.38973,,61.5,-16.7,-12.2,-1.7,16.9,35.0,17.1,-8.7,15.0,23.3,,,51.1,-4.2,,13.4,2.0,19.9,29.3,21.2,-9.5,89.3,,79.0,,20.5,
193,1998-10,-39.1,-2.8,31.6,-14.98,,40.5,-15.1,-19.9,2.5,37.1,-4.3,4.5,-7.6,17.4,16.7,,,45.2,2.8,,21.0,-14.0,18.7,21.7,19.0,-3.5,89.3,,83.0,,15.1,
194,1998-11,-22.9,-2.5,46.8,-11.95663,,41.5,-15.1,-23.8,3.3,37.2,-2.9,7.0,-15.0,17.3,27.5,,,53.4,0.8,,23.5,-27.0,18.6,26.7,15.3,-4.5,89.3,,77.0,,5.9,
195,1998-12,-32.5,-4.8,49.1,-9.98982,,33.5,-12.4,-23.8,4.1,32.8,-3.1,3.6,-18.6,17.4,19.5,,,61.8,1.8,,22.9,-25.0,17.5,29.3,18.9,-5.5,89.3,,75.0,,7.0,
196,1998-Q1,,,,,,,,,,,,,,,,,,,,32.0,,,,,,,,30.0,,,,
197,1998-Q2,,,,,,,,,,,,,,,,,,,,35.0,,,,,,,,32.0,,,,
198,1998-Q3,,,,,,,,,,,,,,,,,,,,36.0,,,,,,,,37.0,,,,
199,1998-Q4,,,,,,,,,,,,,,,,,,,,33.0,,,,,,,,56.0,,,,
200,1999-01,-27.6,-3.2,47.3,-20.84,,26.5,-12.7,-19.8,3.6,37.1,-9.2,12.5,-8.1,20.5,25.1,,,42.1,2.8,,53.1,-30.0,20.2,27.2,17.3,-7.5,87.3,,82.0,,3.6,
201,1999-02,-53.6,0.3,40.6,-20.15215,,23.5,-17.4,-19.9,0.7,44.4,-8.7,-1.5,-11.3,15.1,20.8,,,46.2,-1.2,,51.1,-40.0,19.1,24.7,17.0,-5.5,87.3,,73.0,,-9.9,
202,1999-03,-15.5,-0.8,29.6,-18.56023,,24.5,-19.1,-18.9,-0.3,23.9,-10.0,-2.2,-16.9,18.7,11.7,,,46.3,0.8,,48.9,-17.0,19.2,23.6,15.3,-12.5,87.3,,69.0,,-9.5,
203,1999-04,-33.6,1.4,27.5,-14.56,,35.5,-16.0,-22.2,3.9,44.6,-13.0,9.3,-9.2,25.3,11.6,,,59.6,-0.2,,29.1,-22.0,17.0,25.5,14.6,-7.5,94.3,,82.0,,8.4,
204,1999-05,-25.1,1.0,23.5,-10.75869,,29.5,-12.7,-16.2,3.7,29.5,-14.2,6.6,-4.3,25.7,13.3,,,46.7,4.8,,28.6,-16.0,17.0,30.8,14.6,-12.5,94.3,,81.0,,-4.1,
205,1999-06,-15.7,1.8,35.1,-12.12798,,30.5,-12.3,-16.3,3.1,17.0,-14.6,14.5,1.8,26.4,3.8,,,60.3,3.8,,28.2,-24.0,16.6,33.8,11.8,-14.5,94.3,,73.0,,4.1,
206,1999-07,-14.1,2.4,51.0,-1.66,,41.5,-11.2,-15.5,6.8,33.0,-19.4,17.0,2.5,22.6,18.4,,,65.4,4.8,,18.0,-25.0,15.8,31.0,13.5,-4.5,90.3,,72.0,,2.0,
207,1999-08,17.0,4.2,51.2,3.379117,,34.5,-10.5,-19.4,17.6,77.0,-18.6,17.8,3.2,22.7,22.3,,,87.7,9.8,,19.2,-13.0,15.5,29.5,14.0,-6.5,90.3,,64.0,,9.3,
208,1999-09,-3.4,5.0,32.7,4.645905,,24.5,-13.1,-17.3,7.6,31.0,-17.9,18.3,-3.6,26.7,26.2,,,73.1,11.8,,20.6,-14.0,14.8,29.0,11.9,-6.5,90.3,,79.0,,-0.5,
209,1999-10,-20.2,4.2,35.3,6.56,,20.5,-13.3,-21.0,13.6,55.0,-13.6,17.9,8.5,24.1,33.1,,,67.2,22.8,,17.8,0.0,15.7,34.2,12.7,-5.5,84.3,,77.0,,-5.8,
210,1999-11,-15.6,5.4,19.9,5.157462,,23.5,-13.7,-19.9,18.0,73.0,-11.8,25.4,15.3,25.8,16.4,,,64.4,23.8,,20.5,-9.0,14.9,39.3,14.5,-2.5,84.3,,70.0,,-7.4,
211,1999-12,-2.0,7.2,35.7,6.634915,,26.5,-11.4,-20.9,16.7,56.0,-11.8,7.8,17.7,27.5,12.9,,,82.8,21.8,,19.9,1.0,14.4,43.3,13.1,-1.5,84.3,,70.0,,-0.4,
212,1999-Q1,,,,,,,,,,,,,,,,,,,,33.0,,,,,,,,61.0,,,,
213,1999-Q2,,,,,,,,,,,,,,,,,,,,29.0,,,,,,,,63.0,,,,
214,1999-Q3,,,,,,,,,,,,,,,,,,,,29.0,,,,,,,,68.0,,,,
215,1999-Q4,,,,,,,,,,,,,,,,,,,,28.0,,,,,,,,70.0,,,,
216,2000-01,-19.1,9.8,37.7,10.71,,30.5,-12.7,-9.8,17.7,75.0,-2.1,11.9,16.9,25.7,-0.5,,,79.1,22.8,,7.2,-10.0,14.1,42.8,14.9,-6.5,78.3,,80.0,,-24.4,
217,2000-02,15.9,11.3,27.7,10.97565,,42.5,-14.5,-9.9,17.6,64.0,-1.7,12.5,20.7,24.2,12.9,,,85.4,26.8,,5.2,-7.9,13.3,32.3,12.3,-2.5,78.3,,78.0,,2.8,
218,2000-03,-26.6,9.2,40.5,12.57472,,41.5,-15.6,-11.9,14.4,56.0,-3.2,21.5,23.3,26.3,6.6,,,85.3,22.8,,3.0,9.3,13.2,36.4,12.2,8.5,78.3,,71.0,,9.8,
219,2000-04,-5.5,8.5,42.4,11.95,,43.5,-18.4,-11.2,10.2,45.0,10.3,10.8,19.3,26.6,11.0,,,74.8,20.8,,4.8,13.1,10.0,33.9,9.5,3.5,92.3,,63.0,,7.4,
220,2000-05,-0.3,11.0,40.5,12.10612,,35.5,-14.3,-18.0,12.8,40.0,9.0,11.0,17.3,29.2,9.8,,,73.6,20.8,,4.4,16.2,10.1,33.9,8.3,6.5,92.3,,68.0,,17.2,
221,2000-06,-22.8,10.8,39.2,10.49533,,41.5,-15.1,-15.2,13.7,49.0,8.7,15.0,17.6,25.2,13.0,,,80.7,21.8,,4.0,19.8,9.9,37.8,10.3,1.5,92.3,,66.0,,15.4,
222,2000-07,-7.5,12.4,30.6,9.79,,24.5,-15.5,-15.4,12.8,41.0,0.3,15.2,17.1,22.9,9.4,,,70.9,21.8,,-5.0,21.1,7.6,49.8,9.7,8.5,84.3,,69.0,,15.4,
223,2000-08,-6.3,7.2,44.1,6.352744,,43.5,-15.0,-14.3,10.0,31.0,1.4,6.9,18.0,27.1,7.8,,,83.4,19.8,,-3.8,29.1,7.2,50.5,9.9,-1.5,84.3,,-40.0,,10.1,
224,2000-09,-5.2,13.0,42.5,7.609181,,37.5,-16.8,-13.3,17.8,66.0,2.4,15.6,20.2,29.3,6.3,,,67.4,25.8,,-2.2,29.5,6.7,52.5,7.4,1.5,84.3,,70.0,,17.6,
225,2000-10,-9.0,14.2,9.0,10.06,,39.5,-17.6,-12.1,12.2,41.0,12.8,-5.7,27.0,29.2,4.4,,,90.2,22.8,,8.7,18.8,4.9,58.3,8.2,-2.5,81.3,,-25.0,,18.3,
226,2000-11,-28.2,11.4,2.4,13.04156,,47.5,-18.0,-14.0,8.9,21.0,15.0,17.0,26.3,28.7,-0.8,,,76.1,23.8,,11.6,19.1,4.4,69.0,3.4,-4.5,81.3,,63.0,,16.9,
227,2000-12,-29.6,10.1,-0.6,13.50522,,45.5,-17.6,-11.0,17.2,62.0,15.1,12.0,18.2,25.1,-3.2,,,80.8,26.8,,11.0,-4.0,4.1,68.8,2.4,7.5,81.3,,69.0,,16.0,
228,2000-Q1,,,,,,,,,,,,,,,,,,,,29.0,,,,,,,,63.0,,,,
229,2000-Q2,,,,,,,,,,,,,,,,,,,,32.0,,,,,,,,69.0,,,,
230,2000-Q3,,,,,,,,,,,,,,,,,,,,28.0,,,,,,,,72.0,,,,
231,2000-Q4,,,,,,,,,,,,,,,,,,,,32.0,,,,,,,,73.0,,,,
232,2001-01,-20.3,7.8,-0.1,14.67,,47.5,-18.9,-18.8,9.6,31.0,15.5,-0.7,17.4,32.6,11.1,,27.9,39.2,21.8,,3.3,1.0,2.0,64.3,-0.4,4.5,82.0,,80.0,,27.7,
233,2001-02,-7.0,8.3,-0.6,17.51097,,45.5,-17.6,-17.9,9.1,23.0,15.8,4.4,16.3,32.0,9.8,,30.8,72.4,25.8,,1.4,-5.4,2.1,57.4,1.5,0.5,82.7,,82.0,,12.4,
234,2001-03,6.2,6.2,6.3,18.87703,,43.5,-21.5,-16.8,7.2,11.0,14.0,-2.7,11.3,28.9,9.8,,35.4,73.7,25.8,,-0.9,6.1,0.2,63.7,-0.4,3.5,83.5,,75.0,,12.1,
235,2001-04,-27.6,3.5,1.8,6.99,,29.5,-21.1,-24.2,12.4,47.0,16.2,-13.8,18.9,29.6,12.0,,22.6,47.1,26.8,,0.5,8.6,4.3,64.6,-1.3,8.5,84.3,,75.0,,6.4,
236,2001-05,-25.3,5.0,3.3,0.3629929,,39.5,-25.3,-21.0,3.3,15.0,14.8,-3.8,17.4,33.6,19.2,,25.0,34.1,18.8,,0.2,9.4,3.0,54.5,-2.4,-2.5,84.3,,75.0,,-3.5,
237,2001-06,-15.4,1.9,5.1,-0.7934289,,38.5,-23.0,-16.2,9.6,40.0,14.4,-25.6,9.8,32.8,19.7,,25.3,31.0,24.8,,-0.1,4.7,1.8,51.0,-3.8,-1.5,84.3,,72.0,,1.7,
238,2001-07,-43.8,1.4,4.5,-7.56,,46.5,-22.6,-19.4,6.9,40.0,19.6,-30.6,2.3,27.3,15.3,,15.3,-0.6,22.8,,-4.1,9.8,0.7,45.0,-6.6,5.5,82.3,,52.0,,16.0,
239,2001-08,-26.2,3.2,2.2,-13.22369,,24.5,-26.1,-22.3,5.8,39.0,21.7,-11.0,-0.6,25.7,16.0,,12.0,13.4,18.8,,-2.7,4.1,0.8,39.9,-7.7,0.5,82.3,,52.0,,-21.1,
240,2001-09,-16.6,-3.0,4.4,-12.10783,,38.5,-26.1,-21.3,6.5,46.0,23.7,-29.1,-1.3,26.2,16.6,,10.0,8.9,20.8,,-1.1,-10.2,0.8,36.3,-8.8,10.5,82.3,,62.0,,-2.3,
241,2001-10,-24.5,-1.8,1.8,-20.91,,33.5,-22.0,-20.1,0.7,3.0,25.8,-14.4,-6.4,26.4,6.2,,9.7,7.5,21.8,,7.7,-26.8,0.7,39.9,-12.0,-6.5,81.3,,63.0,,-3.6,
242,2001-11,-34.0,-3.6,2.0,-32.09886,,33.5,-20.5,-21.1,2.0,13.0,29.1,-33.3,-9.3,24.4,11.6,,18.9,-2.1,23.8,,10.9,-23.3,1.2,40.7,-11.5,-3.5,81.3,,34.0,,-18.8,
243,2001-12,6.8,-0.9,2.0,-32.34739,,36.5,-16.7,-20.1,4.2,13.0,30.1,-9.7,-9.3,31.4,9.8,,21.7,-13.7,19.8,,10.3,-33.5,1.5,40.4,-13.3,-11.5,81.3,,59.0,,-3.7,
244,2001-Q1,,,,,,,,,,,,,,,,,,,,40.0,,,,,,,,72.0,,,,
245,2001-Q2,,,,,,,,,,,,,,,,,,,,43.0,,,,,,,,70.0,,,,
246,2001-Q3,,,,,,,,,,,,,,,,,,,,43.0,,,,,,,,69.0,,,,
247,2001-Q4,,,,,,,,,,,,,,,,,,,,48.0,,,,,,,,69.0,,,,
248,2002-01,-60.4,-4.2,-0.1,-34.65,,36.5,-22.6,-20.8,-2.0,6.0,27.9,-23.3,-12.2,26.6,15.6,,23.8,-1.2,20.8,,14.4,-34.3,1.8,40.2,-20.6,-3.5,75.3,,62.0,,-7.3,
249,2002-02,-18.3,0.3,0.0,-41.21101,,29.5,-24.4,-15.9,1.0,13.0,28.7,-29.7,-11.8,28.6,25.9,,27.0,-22.0,25.8,,12.5,-27.7,1.9,36.4,-22.7,-1.5,75.3,,62.0,,-7.3,
250,2002-03,-11.3,-2.8,2.3,-40.02245,,24.5,-22.6,-12.7,5.4,29.0,27.3,-8.8,-10.3,31.1,19.5,,13.5,-22.3,23.8,,10.2,-28.8,2.5,30.5,-24.4,9.5,75.3,,62.0,-6.0,-9.2,
251,2002-04,-11.3,-2.5,1.4,-29.18,,23.5,-19.7,-17.2,6.1,27.0,23.6,-7.4,-9.8,24.9,23.7,,11.0,3.1,23.8,,4.1,-30.0,3.0,23.1,-22.6,-2.5,5.3,,52.0,-6.9,-5.8,
252,2002-05,-4.3,-4.0,1.4,-36.01738,,24.5,-21.9,-18.9,6.0,32.0,22.7,-6.4,-16.9,23.1,23.1,,8.2,-18.8,17.8,,4.6,-22.6,0.6,25.8,-21.0,-5.5,39.8,,53.0,-2.7,-26.9,
253,2002-06,-8.3,-5.1,3.1,-36.68999,,18.5,-20.8,-18.1,2.8,18.0,24.3,2.7,-17.8,22.4,9.6,,6.4,-13.4,20.8,,0.7,-22.9,1.9,22.3,-21.3,-11.5,73.3,,54.0,-0.2,-16.8,
254,2002-07,-6.9,-7.6,2.3,-36.2,,17.5,-21.4,-21.4,-0.5,3.0,24.8,6.5,-13.5,20.9,3.9,,12.6,5.9,16.8,,3.7,-42.3,5.9,20.6,-20.8,-20.5,77.3,,60.0,0.4,-1.0,
255,2002-08,-14.1,-5.8,9.0,-46.05368,,18.5,-21.9,-27.3,-6.4,-17.0,18.3,-3.9,-19.7,23.3,6.0,,6.2,-21.0,19.8,,5.5,-48.4,5.4,17.2,-20.7,-24.5,57.3,,53.0,-0.3,-15.3,
256,2002-09,-22.2,-6.0,3.6,-44.9963,,28.5,-18.9,-23.3,0.0,10.0,12.2,8.2,-23.5,29.7,8.1,,5.7,-31.1,20.8,,-0.9,-47.8,5.3,15.5,-16.6,-24.5,51.3,,57.0,0.7,-22.3,
257,2002-10,-8.9,-10.8,-1.5,-36.38,,27.5,-22.7,-27.2,0.0,5.0,10.2,6.8,-24.0,22.6,16.4,,8.5,-0.4,20.8,,10.7,-48.9,7.0,8.9,-16.5,-19.5,60.3,,58.0,-0.5,-13.0,
258,2002-11,-17.6,-7.6,0.9,-41.276,,20.5,-27.4,-29.2,-1.6,7.0,13.2,-1.7,-22.5,23.7,16.3,,4.8,7.1,25.8,,-1.4,-57.7,7.6,6.0,-16.1,-21.5,58.3,,66.0,1.2,-12.2,
259,2002-12,-36.5,-9.9,-0.5,-42.07505,,17.5,-30.3,-32.2,-6.4,-1.0,17.6,-2.3,-20.2,26.2,22.3,,12.0,-8.2,20.8,,6.3,-65.7,6.8,6.4,-20.1,-20.5,57.3,,69.0,-0.9,-21.9,
260,2002-Q1,,,,,,,,,,,,,,,,,,,,48.0,,,,,,,,69.0,,,,
261,2002-Q2,,,,,,,,,,,,,,,,,,,,45.0,,,,,,,,69.0,,,,
262,2002-Q3,,,,,,,,,,,,,,,,,,,,44.0,,,,,,,,67.0,,,,
263,2002-Q4,,,,,,,,,,,,,,,,,,,,44.0,,,,,,,,66.0,,,,
264,2003-01,-4.3,-10.1,-3.2,-40.98,,25.5,-30.8,-28.8,-5.8,9.0,27.3,0.0,-21.8,16.8,17.4,,17.1,-24.0,24.8,,14.4,-67.7,7.5,8.9,-22.1,-26.5,56.3,,71.0,6.0,-23.2,
265,2003-02,-14.7,-9.7,4.1,-47.26196,,28.7,-29.1,-28.8,-6.8,25.0,26.4,-2.9,-28.1,18.7,21.4,,9.8,1.1,22.8,,4.1,-65.4,7.5,3.6,-19.9,-29.5,67.3,,62.0,5.4,-7.4,
266,2003-03,-18.7,-9.8,4.6,-46.27124,,27.3,-26.4,-33.6,-9.9,11.0,20.0,-4.9,-26.7,24.7,15.3,,5.0,-14.4,15.8,,5.4,-62.3,11.5,4.2,-19.5,-32.5,66.3,,59.0,6.8,-12.1,
267,2003-04,-6.1,-9.4,2.0,-38.73,,22.0,-27.9,-29.1,-5.7,21.0,15.8,-4.1,-25.4,27.8,20.1,,4.4,-5.9,21.8,,12.0,-61.7,8.5,1.9,-19.1,-26.5,53.3,,58.0,7.3,-19.7,
268,2003-05,-6.4,-8.0,1.7,-45.87903,,24.3,-27.2,-29.8,-7.7,7.0,13.7,-7.0,-24.4,33.2,14.6,,2.2,-24.4,22.8,,4.8,-53.4,10.8,1.5,-19.3,-42.5,49.3,,57.0,2.1,-15.3,
269,2003-06,-7.1,-12.1,1.4,-45.68829,,16.9,-25.6,-25.0,-8.1,7.0,10.8,-7.9,-23.0,32.9,4.0,,9.9,-23.9,16.8,,8.9,-41.5,13.1,0.3,-16.6,-38.5,47.3,,50.0,7.4,-13.3,
270,2003-07,6.7,-10.6,0.3,-35.01,,12.3,-23.9,-22.3,-8.0,5.0,15.3,-12.4,-28.7,28.7,0.2,,2.1,-44.3,19.8,,16.9,-44.2,12.2,0.8,-14.1,-33.5,35.3,,50.0,4.0,-21.7,
271,2003-08,3.1,-8.7,-1.0,-36.78091,,11.5,-20.7,-21.3,-6.7,9.0,5.9,-5.7,-27.2,29.2,-1.7,,7.9,-27.0,21.8,,15.5,-45.1,15.0,0.8,-12.0,-31.5,30.3,,55.0,3.9,-11.4,
272,2003-09,-4.5,-3.0,7.6,-35.83115,,16.6,-21.0,-22.3,-5.8,1.0,10.1,-1.5,-23.8,31.6,-3.6,,4.4,-4.1,21.8,,14.4,-44.2,18.1,2.7,-11.9,-27.5,29.3,,48.0,2.7,-24.8,
273,2003-10,-1.8,-7.9,0.3,-33.07,,14.1,-20.8,-20.3,-4.8,5.0,23.8,10.3,-25.7,30.2,-6.1,,5.3,21.9,18.8,,16.0,-44.2,18.3,-1.6,-11.1,-35.5,17.3,,45.0,7.3,-11.3,
274,2003-11,29.4,-6.7,-0.7,-38.12812,7.352943,19.2,-22.3,-22.3,-2.4,6.0,7.4,8.8,-11.6,34.8,-1.0,,6.6,-7.6,17.8,,16.0,-49.0,18.1,2.7,-10.5,-35.5,19.3,,39.0,1.3,-16.8,
275,2003-12,7.1,-6.0,16.0,-38.79775,14.44444,18.7,-23.3,-20.4,-5.0,5.0,12.2,9.2,-12.3,32.2,0.5,,9.0,14.6,7.8,,15.6,-53.0,23.3,1.9,-9.5,-41.5,22.3,,34.0,7.9,-18.5,
276,2003-Q1,,,,,,,,,,,,,,,,,,,,48.0,,,,,,,,64.0,,,,
277,2003-Q2,,,,,,,,,,,,,,,,,,,,42.0,,,,,,,,68.0,,,,
278,2003-Q3,,,,,,,,,,,,,,,,,,,,40.0,,,,,,,,70.0,,,,
279,2003-Q4,,,,,,,,,,,,,,,,,,,,50.0,,,,,,,,69.0,,,,
280,2004-01,11.6,-5.1,10.5,-27.61,21.70543,34.6,-22.1,-18.8,-3.3,10.0,13.0,13.3,-24.8,34.5,2.2,,17.1,30.6,25.8,,20.7,-57.0,27.2,0.5,-9.5,-31.5,58.3,,38.0,9.1,-19.2,
281,2004-02,-1.2,-3.7,30.7,-28.36964,17.29324,28.4,-21.8,-19.8,-3.4,10.0,18.5,6.7,-13.6,33.2,1.3,,11.2,28.8,21.8,,22.8,-52.3,33.2,1.6,-7.7,-26.5,46.3,,54.0,9.8,-19.5,
282,2004-03,6.2,-2.7,-3.9,-27.61404,21.9697,34.1,-20.6,-16.6,-2.1,11.0,31.5,1.9,-11.4,35.7,-1.9,,12.2,54.5,16.8,,32.5,-59.1,39.3,0.0,-1.6,-36.5,51.3,,51.0,14.9,-22.9,
283,2004-04,-10.9,-1.4,16.9,-21.12,19.6,48.9,-22.4,-13.1,0.7,22.0,41.0,4.3,-9.1,37.9,-2.7,,12.9,50.8,22.8,,40.3,-57.3,43.2,-0.8,7.8,-16.5,53.3,,49.0,10.5,-23.6,
284,2004-05,9.8,2.0,13.3,-22.82376,27.19299,37.3,-22.9,-8.7,-1.5,18.0,49.0,5.4,-10.8,41.4,-4.0,,10.9,58.7,7.8,,45.6,-46.6,51.2,5.7,12.9,-16.5,51.3,,51.0,14.5,-21.3,
285,2004-06,-6.8,2.9,22.1,-22.17785,11.11111,29.9,-21.4,-10.9,-0.4,16.0,37.8,-8.7,-14.4,42.7,-0.8,,11.2,38.0,19.8,,47.5,-48.5,51.8,3.2,10.8,-21.5,46.3,,51.0,13.8,-17.6,
286,2004-07,-10.2,1.4,25.2,-17.98,9.166664,24.2,-23.1,-9.3,2.0,22.0,20.5,6.7,-4.0,43.5,-10.4,,8.4,77.4,16.8,,36.5,-46.4,51.0,5.3,9.9,-18.5,52.3,,49.0,11.2,-4.2,
287,2004-08,3.0,1.3,8.1,-15.04869,18.11024,20.6,-23.8,-10.3,5.1,45.0,30.9,-0.6,-5.6,40.2,-21.1,,7.3,55.4,16.8,,43.8,-39.9,51.0,4.8,6.8,-17.5,40.3,,54.0,13.1,-5.4,
288,2004-09,-28.0,2.0,29.4,-14.23969,24.36975,18.5,-20.1,-10.3,0.8,25.0,34.5,-2.1,-6.3,34.4,-31.8,,5.3,32.0,13.8,,37.1,-42.9,50.7,6.7,4.8,-17.5,45.3,,40.0,11.8,7.4,
289,2004-10,0.6,5.1,40.0,-16.26,19.84127,18.7,-22.3,-12.4,1.7,20.0,35.3,-9.1,-8.3,42.5,-44.0,,8.6,41.4,19.8,,47.8,-38.6,53.7,9.8,9.2,-15.5,38.3,,31.0,-15.6,5.0,
290,2004-11,-11.6,1.3,34.1,-14.7698,21.42857,24.9,-21.1,-4.5,4.5,38.0,36.8,2.5,-4.8,37.2,-33.7,,7.0,31.7,13.8,,47.2,-48.2,57.2,8.9,7.3,-15.5,35.3,,30.0,10.0,9.3,
291,2004-12,7.4,2.0,11.6,-15.09106,21.0084,17.9,-21.7,-6.5,5.3,26.0,47.2,1.8,-2.3,38.3,-32.3,,7.0,30.4,25.8,,48.5,-48.5,57.4,6.4,5.9,-19.5,30.3,,11.0,7.6,8.9,
292,2004-Q1,,,,,,,,,,,,,,,,,,,,47.0,,,,,,,,70.0,,,,
293,2004-Q2,,,,,,,,,,,,,,,,,,,,44.0,,,,,,,,60.0,,,,
294,2004-Q3,,,,,,,,,,,,,,,,,,,,41.0,,,,,,,,69.0,,,,
295,2004-Q4,,,,,,,,,,,,,,,,,,,,40.0,,,,,,,,71.0,,,,
296,2005-01,2.9,2.9,26.4,-13.48,26.77165,23.9,-22.9,-4.9,0.4,21.0,42.2,1.7,-5.4,32.7,-20.2,,3.8,34.0,14.8,,42.1,-49.7,60.8,0.8,6.8,-15.6,40.4,,28.0,6.2,3.0,
297,2005-02,-7.4,2.3,15.6,-12.7902,20.19231,25.3,-24.9,-7.7,-1.6,18.0,44.4,10.5,-3.4,24.7,-21.5,,7.0,17.8,11.8,,44.0,-47.1,58.8,12.5,5.2,-14.1,40.3,,32.0,8.4,5.3,
298,2005-03,4.8,1.3,25.6,-12.2633,26.78571,27.4,-26.9,-6.5,0.1,20.0,49.7,7.8,-4.4,26.3,-22.7,,7.7,33.8,13.8,,40.7,-44.5,53.9,13.2,4.9,-9.3,37.3,,29.0,8.0,-0.3,
299,2005-04,-2.8,0.6,15.9,-16.76,23.93163,22.9,-23.8,-5.1,0.6,25.0,42.9,18.6,-5.4,22.5,-32.0,,3.2,48.7,12.8,,41.3,-34.2,62.4,16.2,3.6,-24.2,52.7,,33.0,5.6,9.9,
300,2005-05,-16.9,3.0,22.1,-14.25128,36.52174,19.2,-24.4,-5.6,0.4,24.0,45.6,22.8,-4.6,16.6,-32.4,,3.8,34.7,9.8,,48.4,-44.5,57.3,16.8,1.0,-13.9,43.2,,31.0,5.1,15.3,
301,2005-06,-11.1,1.9,23.0,-13.41446,23.33334,21.2,-24.9,-5.8,-0.6,20.0,60.6,19.4,-4.0,25.2,-37.5,,-0.1,38.6,5.8,,36.5,-47.3,57.9,19.1,0.2,-30.3,39.4,,35.0,2.1,15.9,
302,2005-07,-2.9,5.4,27.5,-11.69,25.89286,11.0,-23.8,-6.2,0.6,28.0,52.2,10.7,-4.7,20.4,-17.5,,-1.2,43.6,3.8,,51.2,-40.2,58.9,18.5,2.6,-26.2,41.3,,33.0,3.1,5.8,
303,2005-08,-1.7,4.3,10.8,-12.85696,28.31859,19.9,-19.1,-7.3,5.0,33.0,53.8,12.4,-3.7,24.5,-17.8,,0.4,24.9,11.8,,40.6,-41.1,61.4,24.3,4.2,-12.9,47.8,,32.0,1.0,23.3,
304,2005-09,-6.4,9.0,13.4,-12.4542,28.44037,23.1,-14.1,-3.3,3.8,26.0,63.6,17.2,-2.8,26.6,-18.1,,4.4,34.6,0.5,,71.5,-30.0,66.9,26.3,8.0,-19.0,39.0,,34.0,4.8,15.0,
305,2005-10,2.2,7.1,24.1,-8.0,18.34863,22.4,-13.4,6.5,6.5,31.0,63.7,13.3,-5.1,35.8,-1.1,,6.9,30.0,9.2,,55.2,-24.4,65.6,24.2,9.5,-21.3,25.3,,30.0,2.3,25.7,
306,2005-11,12.1,7.3,9.3,-5.768723,18.18182,18.1,-13.9,3.4,3.6,11.0,61.1,10.1,0.7,30.9,-9.7,,5.9,43.6,4.9,,50.4,-32.9,64.3,20.9,9.6,-30.3,24.2,,20.0,2.7,31.0,
307,2005-12,-4.3,7.0,8.3,-5.308038,11.32076,19.7,-13.6,3.4,4.9,18.0,66.1,10.3,2.7,35.3,-12.3,,2.5,54.0,8.1,,49.3,-23.9,68.3,28.5,8.9,-29.9,22.8,,26.0,1.4,23.5,
308,2005-Q1,,,,,,,,,,,,,,,,,,,,42.0,,,,,,,,64.0,,,,
309,2005-Q2,,,,,,,,,,,,,,,,,,,,39.0,,,,,,,,66.0,,,,
310,2005-Q3,,,,,,,,,,,,,,,,,,,,33.0,,,,,,,,65.0,,,,
311,2005-Q4,,,,,,,,,,,,,,,,,,,,34.0,,,,,,,,62.0,,,,
312,2006-01,2.7,9.9,10.6,-6.04,15.53398,29.4,-11.5,6.1,4.3,9.0,66.9,13.1,5.0,30.7,-12.6,,-2.0,37.9,4.8,,43.2,-25.0,63.9,36.2,7.8,-23.8,33.1,,29.0,4.6,38.2,
313,2006-02,1.0,7.3,17.6,-6.256753,22.22222,31.2,-13.3,8.3,2.1,9.0,65.3,18.3,2.7,33.0,-14.2,,2.5,40.6,8.2,,40.8,-28.8,65.6,29.7,7.9,-30.7,46.3,,35.0,2.8,42.8,
314,2006-03,-5.0,4.3,42.6,-6.127375,25.89286,30.5,-10.6,3.6,4.5,10.0,60.0,13.6,2.9,27.6,4.0,,2.2,47.2,10.7,,50.7,-25.8,68.9,32.9,8.3,-21.7,46.0,,37.0,10.3,57.6,
315,2006-04,0.0,5.7,14.3,-0.1,21.2963,22.4,-6.8,4.9,1.8,8.0,71.1,21.2,-4.6,37.4,2.8,,8.4,34.4,4.9,,50.1,-37.9,65.8,35.5,8.8,-35.4,45.1,,36.0,7.4,47.3,
316,2006-05,-3.2,7.0,21.5,1.276468,34.51328,22.9,-4.4,6.5,6.8,22.0,66.6,9.3,0.7,33.4,5.9,,11.1,26.7,4.3,,54.9,-31.2,67.4,36.5,11.3,-35.8,34.6,,37.0,10.0,39.3,
317,2006-06,5.9,7.9,39.6,1.618987,20.72072,18.9,-2.9,4.3,6.4,6.0,65.9,16.6,4.4,36.0,1.0,,7.2,36.0,6.0,,51.0,-32.8,68.2,36.2,15.5,-29.3,40.9,,38.0,10.2,39.8,
318,2006-07,4.7,10.4,3.1,3.94,13.27434,19.7,-0.9,1.9,7.7,11.0,65.5,16.7,6.9,36.2,-4.9,,21.0,31.6,7.3,,51.4,-40.5,71.0,41.2,18.6,-33.7,34.6,,39.0,10.5,34.6,
319,2006-08,2.1,8.3,10.3,7.069774,13.44538,11.4,-0.2,3.6,9.2,11.0,63.0,18.4,8.0,36.3,-11.3,,28.3,35.9,10.5,,50.7,-29.7,70.4,47.6,22.6,-38.3,28.9,,37.0,10.1,24.5,
320,2006-09,13.6,9.0,19.4,7.242898,7.920792,12.7,-3.6,3.7,7.9,2.0,60.9,29.5,8.5,35.0,-5.0,,24.4,58.3,6.8,,55.5,-22.5,67.2,49.6,25.6,-34.7,28.4,,32.0,12.6,21.8,
321,2006-10,18.2,18.1,20.7,0.64,10.43478,15.2,-2.7,5.5,10.7,6.0,66.8,25.7,9.2,36.8,-3.8,,17.6,30.4,9.0,,49.8,-27.0,68.4,55.9,27.7,-37.6,23.4,,33.0,12.0,22.5,
322,2006-11,13.6,14.3,0.4,0.280204,14.91228,14.9,-2.5,9.3,10.7,5.0,72.7,23.7,8.6,42.4,1.9,,18.6,38.4,11.7,,45.3,-17.8,70.7,55.4,30.1,-32.1,26.1,,25.0,9.9,36.5,
323,2006-12,16.3,12.9,5.2,1.30696,4.672897,14.3,-3.2,7.3,8.6,7.0,67.7,30.7,6.7,36.0,6.6,,17.0,11.9,8.8,,45.8,-17.7,68.4,53.4,31.5,-23.1,31.2,,30.0,12.2,35.9,
324,2006-Q1,,,,,,,,,,,,,,,,,,,,34.0,,,,,,,,63.0,,,,
325,2006-Q2,,,,,,,,,,,,,,,,,,,,32.0,,,,,,,,67.0,,,,
326,2006-Q3,,,,,,,,,,,,,,,,,,,,32.0,,,,,,,,70.0,,,,
327,2006-Q4,,,,,,,,,,,,,,,,,,,,33.0,,,,,,,,66.0,,,,
328,2007-01,3.5,13.9,6.8,4.07,9.70874,15.1,4.3,6.1,10.8,9.0,58.0,36.5,10.0,36.6,-1.5,,14.9,18.6,5.0,,60.3,-34.5,71.9,53.4,37.1,-18.3,33.0,,37.0,18.5,33.7,
329,2007-02,20.5,9.3,48.1,4.973625,16.66666,29.6,1.9,2.3,9.9,10.0,57.1,40.2,9.8,37.7,5.8,,13.7,9.5,5.2,,67.3,-37.8,71.6,60.9,37.9,-13.8,34.6,,33.0,19.3,39.3,
330,2007-03,13.7,13.3,18.4,4.833823,22.77228,31.4,-0.5,-3.4,9.0,11.0,59.5,28.3,7.9,30.4,5.8,,9.4,4.1,4.8,,57.4,-36.0,71.5,60.0,40.7,-15.8,34.2,,41.0,15.3,31.0,
331,2007-04,14.7,11.7,17.3,3.76,24.29906,32.2,-1.9,-1.0,9.2,5.0,52.0,41.8,11.5,32.2,-2.4,,11.4,-1.4,7.5,,58.1,-32.9,69.9,58.6,44.8,-18.8,39.5,,40.0,23.4,26.9,
332,2007-05,16.4,9.0,15.7,2.524516,23.76237,17.5,-1.6,-9.5,9.4,7.0,40.4,32.8,8.8,33.2,3.5,,7.3,22.7,5.1,,56.5,-33.2,69.5,52.8,46.0,-18.4,36.0,,37.0,15.9,26.3,
333,2007-06,18.6,7.9,14.4,2.367278,22.42991,16.8,-3.8,-3.6,10.5,7.0,39.6,29.7,9.5,35.0,2.7,,3.2,1.9,13.6,,56.7,-24.9,65.9,58.2,45.7,-22.4,27.5,,41.0,17.2,27.0,
334,2007-07,14.9,11.4,15.0,-4.22,33.33333,16.7,-7.2,-6.1,7.7,6.0,29.2,28.6,11.4,36.3,10.4,,-1.0,-11.7,2.9,,47.0,-30.3,62.3,55.2,42.3,-16.3,28.2,,39.0,17.4,27.8,
335,2007-08,10.4,7.3,19.9,-5.898658,29.24529,14.6,-11.1,-10.5,5.6,2.0,30.6,29.3,9.1,32.0,9.1,,-1.1,4.2,3.0,,46.2,-19.7,60.5,47.6,38.8,-4.2,26.2,,35.0,15.3,32.0,
336,2007-09,16.7,6.0,46.5,-5.90458,21.2963,23.1,-12.7,-5.3,6.4,17.0,17.6,26.9,6.4,37.7,-3.7,,6.0,5.3,2.5,,50.2,-21.6,60.2,44.9,34.8,-12.0,25.4,,32.0,13.3,30.7,
337,2007-10,9.9,7.1,45.6,-7.49,32.07547,29.1,-11.5,-6.6,7.1,6.0,8.5,49.1,7.4,33.5,6.5,,-0.9,-21.8,4.3,,47.5,-32.0,56.6,46.3,34.7,-17.1,27.4,,31.0,17.6,22.4,
338,2007-11,24.2,11.2,46.8,-4.936771,23.76237,29.3,-11.4,-3.8,10.9,28.0,12.7,22.1,7.6,30.7,-1.3,,4.4,-9.9,4.6,,42.2,-22.6,49.9,50.7,34.8,-14.3,28.4,,35.0,16.0,15.8,
339,2007-12,12.6,13.9,51.4,-3.419175,30.20833,34.6,-11.2,-4.8,8.6,15.0,0.8,21.2,13.4,24.1,-1.6,,0.9,-17.1,4.5,,44.1,-23.7,49.1,56.6,35.2,-8.5,31.4,,33.0,16.7,2.2,
340,2007-Q1,,,,,,,,,,,,,,,,,,,,34.0,,,,,,,,68.0,,,,
341,2007-Q2,,,,,,,,,,,,,,,,,,,,32.0,,,,,,,,69.0,,,,
342,2007-Q3,,,,,,,,,,,,,,,,,,,,33.0,,,,,,,,67.0,,,,
343,2007-Q4,,,,,,,,,,,,,,,,,,,,32.0,,,,,,,,68.0,,,,
344,2008-01,20.1,10.9,51.3,-4.51,22.11539,51.6,-8.3,-10.9,9.1,13.0,-2.7,30.0,12.9,34.2,-2.2,,10.0,-16.2,3.6,,43.5,-25.5,44.3,50.1,36.8,-11.6,23.6,,36.0,20.5,-0.3,
345,2008-02,14.4,7.3,50.6,-1.636105,22.34042,47.3,-12.4,-11.6,2.4,4.0,-18.4,13.2,7.4,35.5,-5.8,,7.8,-5.0,0.1,,39.4,-19.9,37.5,42.4,40.9,-12.8,49.2,,43.0,23.7,-5.2,
346,2008-03,19.1,10.3,51.5,-2.230544,22.44898,48.2,-10.2,-14.4,-0.1,-8.0,-19.2,15.0,5.7,30.5,3.0,,9.8,-38.7,-1.2,,21.9,-16.0,32.9,39.5,38.5,-8.9,49.2,,41.0,19.5,2.1,
347,2008-04,23.8,9.7,52.5,-8.69,21.0,34.2,-11.0,-20.0,0.4,-10.0,-30.5,32.7,1.6,21.6,-9.3,,9.8,-51.8,3.3,,19.4,-17.8,26.1,40.6,33.6,-4.5,48.6,,45.0,15.4,-4.4,
348,2008-05,18.9,12.0,53.4,-11.12394,30.30302,33.0,-8.8,-20.4,6.1,10.0,-25.0,14.2,2.6,14.5,-13.5,29.5,7.5,-26.4,8.6,,9.6,-21.8,21.6,44.0,28.9,8.1,50.0,,42.0,15.4,-3.3,
349,2008-06,20.5,9.9,53.2,-11.94408,43.56436,38.2,-6.2,-22.6,6.4,12.0,-26.6,13.8,2.3,10.1,1.2,51.7,12.7,-41.0,2.4,,3.9,-12.8,16.4,45.9,28.1,8.1,46.7,,47.0,14.8,-4.5,
350,2008-07,25.3,10.4,55.3,-12.08,24.73119,38.7,-6.4,-22.1,2.1,-8.0,-16.4,4.4,-3.7,18.7,-1.4,47.1,-13.3,-27.1,2.3,,3.1,7.1,9.3,45.1,25.5,10.1,46.3,,45.0,6.6,-0.5,
351,2008-08,18.6,9.3,54.0,-13.80619,25.25253,33.4,-9.0,-22.6,-0.4,0.0,-9.7,1.1,-9.5,5.7,-9.5,32.6,6.1,-38.4,0.9,,-6.5,4.1,3.9,49.5,22.5,5.1,37.3,,36.0,9.5,-33.8,
352,2008-09,22.9,12.0,23.2,-13.47242,17.82178,28.6,-13.3,-27.3,-3.2,-2.0,-23.0,-25.8,-10.9,1.7,-6.1,26.0,9.9,-39.8,-7.2,,-4.7,-3.5,-7.4,42.5,20.4,-1.9,38.2,,38.0,1.1,-41.4,
353,2008-10,16.5,6.1,43.3,-17.23,-22.54902,35.2,-19.9,-33.6,-10.8,-15.0,-33.8,-45.3,-26.9,-11.2,-26.9,20.4,12.6,-71.3,-1.9,,-18.0,-27.4,-11.6,32.6,16.2,-5.9,48.4,,37.0,-3.0,-56.1,
354,2008-11,7.2,0.2,39.6,-18.09347,-38.29787,22.9,-22.7,-34.8,-18.9,-21.0,-39.8,-53.6,-32.0,-24.3,-34.5,2.1,-8.4,-71.8,-10.3,,-24.7,-49.0,-21.7,13.7,11.4,-9.9,35.6,,21.0,-11.4,-63.7,
355,2008-12,-8.6,-3.1,-0.4,-16.52519,-48.45361,17.3,-27.0,-33.9,-22.0,-23.0,-40.7,-67.6,-36.8,-33.2,-15.2,-1.8,-5.0,-75.9,-7.3,,-39.3,-56.0,-24.9,5.4,5.3,-8.9,21.8,,18.0,-16.4,-63.9,
356,2008-Q1,,,,,,,,,,,,,,,,,,,,28.0,,,,,,,,70.0,,,,
357,2008-Q2,,,,,,,,,,,,,,,,,,,,23.0,,,,,,,,73.0,,,,
358,2008-Q3,,,,,,,,,,,,,,,,,,,,27.0,,,,,,,,72.0,,,,
359,2008-Q4,,,,,,,,,,,,,,,,,,,,39.0,,,,,,,,68.0,,,,
360,2009-01,-5.5,-11.0,-3.6,-31.93,-54.65116,16.0,-29.8,-44.8,-28.1,-26.0,-49.9,-66.5,-51.1,-35.6,-32.2,-3.3,-14.9,-83.0,-6.6,,-48.7,-54.5,-29.5,-4.8,-11.1,-5.9,23.5,,19.0,-23.6,-66.9,
361,2009-02,-15.8,-10.7,-5.0,-35.46762,-62.63736,8.6,-24.8,-53.5,-30.9,-29.0,-63.1,-60.9,-53.2,-42.5,-31.4,-8.7,-22.3,-93.1,-12.7,,-54.5,-45.6,-34.6,-10.9,-19.0,-11.9,14.0,,10.0,-25.4,-72.4,
362,2009-03,-25.7,-16.9,-10.9,-36.49895,-52.12766,6.6,-24.6,-48.4,-31.1,-33.0,-58.8,-56.3,-52.3,-43.0,-42.6,-15.2,-17.8,-100.7,-7.4,,-72.7,-37.2,-39.6,-14.4,-24.3,-11.9,12.1,,-1.0,-31.5,-55.5,
363,2009-04,-19.6,-16.1,-5.9,-37.88,-35.35354,-3.6,-23.2,-42.0,-30.0,-32.0,-59.8,-72.2,-48.2,-42.1,-35.6,-13.8,-22.7,-95.7,-11.3,,-66.6,-41.6,-42.0,-15.6,-23.2,-14.9,9.8,,-25.0,-31.4,-63.1,
364,2009-05,-26.5,-15.0,-2.8,-42.24805,-28.7234,-8.7,-23.4,-38.4,-32.0,-31.0,-43.8,-51.1,-53.0,-42.6,-31.3,-10.8,-22.9,-93.5,-21.9,,-65.9,-40.5,-44.9,-13.0,-21.5,-5.5,-1.2,,-11.0,-30.5,-46.9,
365,2009-06,-19.7,-15.2,-6.9,-43.47485,-28.0,-10.5,-25.3,-37.5,-28.9,-26.0,-36.1,-51.8,-51.4,-38.7,-33.4,-14.8,-17.8,-81.6,-14.2,,-51.1,-52.2,-42.6,-18.7,-20.8,-5.0,-1.7,,-3.0,-37.1,-52.2,
366,2009-07,-6.1,-14.5,-4.4,-42.02,-23.1579,-10.6,-22.7,-33.1,-28.0,-29.0,-25.3,-67.6,-49.4,-30.4,-31.1,-16.0,-10.3,-82.6,-12.8,,-42.4,-51.0,-42.5,-18.8,-20.1,-5.4,1.9,,-10.0,-31.1,-46.3,
367,2009-08,-16.4,-13.7,-2.9,-41.95285,-8.888885,-9.4,-19.0,-34.6,-24.2,-16.0,-16.1,-29.7,-44.1,-25.9,-23.9,-10.4,-13.4,-85.1,-13.9,,-41.2,-48.6,-42.5,-12.9,-18.7,-2.6,1.5,,-12.0,-34.4,-40.5,
368,2009-09,-11.4,-14.6,-4.0,-40.91318,0.0,-8.5,-18.8,-35.3,-22.7,-20.0,-14.8,-28.4,-42.7,-25.1,-30.0,-17.9,-15.0,-73.1,-11.8,,-26.5,-50.9,-39.2,-12.1,-16.3,-0.8,-3.0,,-8.0,-36.2,-23.4,
369,2009-10,-16.0,-10.9,-6.7,-31.59,1.063828,-12.0,-20.3,-35.7,-22.3,-20.0,-11.0,-17.8,-43.5,-23.1,-25.3,-17.2,-17.7,-61.3,-11.4,,-22.7,-53.8,-38.1,-14.6,-14.9,-4.4,-2.7,,-7.0,-36.0,-28.1,
370,2009-11,-17.5,-11.2,-8.0,-28.775,-4.255318,-9.4,-17.3,-36.8,-23.1,-15.0,-6.5,-14.6,-46.8,-28.2,-25.2,-19.9,-18.6,-68.1,-15.3,,-22.6,-51.3,-33.2,-15.4,-15.1,-4.8,-6.3,,-6.0,-32.1,-14.3,
371,2009-12,-14.2,-10.7,-8.6,-27.39182,-9.278351,-10.9,-21.4,-34.9,-23.1,-16.0,-1.1,-11.6,-45.3,-32.6,-10.8,-23.1,-20.0,-61.4,-11.8,,-23.3,-55.7,-33.1,-17.5,-14.3,-6.1,-6.0,,-7.0,-32.1,-19.8,
372,2009-Q1,,,,,,,,,,,,,,,,,,,,47.0,,,,,,,,42.0,,,,
373,2009-Q2,,,,,,,,,,,,,,,,,,,,42.0,,,,,,,,33.0,,,,
374,2009-Q3,,,,,,,,,,,,,,,,,,,,42.0,,,,,,,,33.0,,,,
375,2009-Q4,,,,,,,,,,,,,,,,,,,,44.0,,,,,,,,38.0,,,,
376,2010-01,-12.5,-12.3,-8.0,-26.88,3.2967,-2.5,-22.2,-28.8,-25.0,-17.0,-9.2,-5.2,-45.5,-12.5,-23.1,-20.1,-18.6,-48.9,-14.3,,-21.9,-55.3,-31.0,-14.0,-13.7,-8.6,2.5,,-9.0,-39.0,-21.4,
377,2010-02,-19.4,-10.3,-4.0,-25.8943,4.123711,-1.4,-23.3,-37.6,-22.8,-12.0,-1.5,3.9,-36.2,-16.9,-35.5,-24.4,-21.9,-55.7,-16.0,,-25.5,-53.2,-25.9,-14.6,-12.4,-4.1,-1.3,,0.0,-34.1,-26.9,
378,2010-03,-18.7,-9.0,-7.1,-27.65197,32.60869,-7.6,-22.5,-39.4,-24.6,-17.0,-1.8,-6.7,-44.7,-18.2,-16.1,-25.4,-22.9,-54.4,-18.7,,-18.8,-54.6,-21.8,-11.5,-9.8,-5.4,-2.4,,2.0,-30.6,18.5,
379,2010-04,-6.8,-7.7,-3.1,-21.54,23.5955,-7.8,-17.5,-26.0,-19.1,-8.1,8.5,10.8,-45.6,-12.2,-25.4,-22.4,-14.5,-33.6,-11.9,,-4.8,-59.4,-17.6,-3.7,-8.6,-1.8,8.7,,5.0,-32.9,27.9,
380,2010-05,-13.3,-4.9,-1.2,-23.51967,23.33334,-7.3,-14.8,-22.4,-17.1,-12.2,15.9,19.5,-40.2,-15.3,-22.4,-21.8,-9.0,-9.8,-9.7,,-2.3,-50.1,-12.6,-1.0,-7.2,-4.5,2.7,,11.0,-26.1,19.0,
381,2010-06,-9.9,-4.6,-10.3,-25.15826,14.58334,-2.8,-16.6,-19.3,-20.9,-22.6,20.1,16.6,-43.8,-18.2,-36.0,-22.9,-12.7,-15.5,-17.7,,-1.7,-50.0,-9.5,-5.8,-6.1,-4.1,0.2,,7.0,-27.2,23.8,
382,2010-07,-9.0,-3.0,-4.0,-15.22,13.86139,-5.1,-13.6,-19.5,-15.2,-5.4,33.3,28.2,-33.8,-20.3,-32.7,-23.5,-13.7,-9.3,-14.1,,2.0,-46.3,-5.6,-11.3,-5.2,-5.9,20.5,,7.0,-25.0,27.2,
383,2010-08,-10.0,-3.2,-7.5,-17.32593,14.89362,-13.9,-10.9,-20.6,-15.7,-13.3,29.1,15.7,-33.6,-10.0,-28.6,-19.2,-14.7,-18.8,-12.5,,7.9,-39.6,-0.6,-4.9,-3.7,-3.8,8.9,,6.0,-23.4,24.7,
384,2010-09,-10.6,0.0,-4.3,-15.33327,20.61855,-18.7,-11.7,-18.7,-17.4,-24.1,35.1,9.9,-32.6,-14.7,-33.1,-20.3,-13.2,-19.3,-14.7,,8.1,-41.8,1.7,-5.0,-3.7,-6.9,3.5,,-10.0,-17.6,40.5,
385,2010-10,-2.5,-0.6,-4.6,-14.75,19.56522,-13.8,-9.1,-23.5,-13.2,-10.7,44.3,27.9,-32.1,-11.4,-33.1,-20.2,-9.2,-35.6,-10.4,,7.8,-41.1,5.0,-4.0,-4.7,-6.4,2.0,,-7.0,-19.2,37.5,
386,2010-11,-7.5,3.4,-8.8,-13.36993,20.22472,-12.5,-11.2,-24.3,-15.6,-12.9,41.1,17.6,-35.3,-4.1,-41.4,-17.8,-7.8,-37.4,-11.1,,10.6,-36.2,7.3,-7.1,-3.9,-9.5,0.9,,-12.0,-22.1,41.0,
387,2010-12,-3.9,1.1,-3.8,-12.54575,16.12904,-12.3,-10.5,-27.9,-14.4,-11.3,45.3,12.3,-32.5,-2.6,-4.2,-19.7,-16.4,-34.2,-9.0,,11.0,-28.9,13.2,-10.9,-2.7,-7.2,-3.4,,-8.0,-21.6,42.7,
388,2010-Q1,,,,,,,,,,,,,,,,,,,,46.0,,,,,,,,39.0,,,,
389,2010-Q2,,,,,,,,,,,,,,,,,,,,43.0,,,,,,,,38.0,,,,
390,2010-Q3,,,,,,,,,,,,,,,,,,,,42.0,,,,,,,,42.0,,,,
391,2010-Q4,,,,,,,,,,,,,,,,,,,,40.0,,,,,,,,43.0,,,,
392,2011-01,12.1,4.1,-4.0,-14.42,27.38095,-11.8,-8.3,-30.1,-11.8,-11.7,53.8,25.2,-26.6,-11.2,13.3,-16.1,-16.5,-31.9,-10.0,,10.0,-17.9,16.3,-4.3,1.6,-7.2,5.1,,-3.0,-16.2,44.4,104.3
393,2011-02,1.4,4.5,-2.5,-12.34515,41.75824,-7.1,-3.1,-15.2,-7.5,6.3,56.0,18.7,-22.4,-4.0,-5.7,-12.5,-11.6,-29.8,-12.2,,12.3,-13.1,18.8,2.7,1.5,-7.6,9.6,,3.0,-15.4,47.7,102.45
394,2011-03,0.4,6.2,4.3,-14.60288,42.0,-26.5,-3.7,-11.6,-4.9,10.6,56.7,16.7,-19.1,-6.7,-25.5,-17.6,-8.3,-15.6,-9.9,,27.1,-17.9,21.4,6.6,2.0,-10.3,18.4,,4.0,-18.2,47.4,102.29
395,2011-04,9.9,3.5,3.4,-12.82,36.36363,-17.2,-0.5,-13.1,-1.7,13.5,61.1,44.8,-14.8,-2.0,-29.4,-14.3,-10.1,-20.9,-8.0,,23.1,-18.0,23.6,2.4,1.9,-10.6,15.3,,1.0,-8.7,41.3,103.79
396,2011-05,0.2,6.7,3.0,-13.01,36.08247,-22.5,-0.3,-12.9,-4.5,-10.0,63.6,38.4,-13.6,-2.4,-22.7,-7.2,-9.4,-22.0,-8.6,,31.2,-17.9,24.7,1.8,0.3,-5.8,15.8,,4.0,-13.3,42.2,104.3
397,2011-06,1.5,3.5,3.4,-13.04,35.48387,-16.6,-0.1,-14.0,-5.0,-8.8,63.3,36.0,-17.7,-5.9,-28.7,-10.9,-15.4,-34.0,-8.2,,37.8,-7.9,27.1,1.2,-2.1,-12.6,11.8,,12.0,-9.8,27.6,103.33
398,2011-07,7.8,1.3,5.3,-13.78,27.55102,-9.8,-1.0,-16.3,-5.7,-12.6,62.2,28.0,-12.3,-0.6,-21.6,-5.3,-12.9,-29.2,-9.8,,30.9,-15.3,27.1,5.5,-2.3,-15.7,13.6,,9.0,-14.2,25.8,109.8
399,2011-08,2.9,3.9,3.5,-14.72,29.47368,-15.8,-3.6,-13.3,-6.7,-14.4,57.9,11.0,-12.9,0.8,-22.5,-4.8,-16.1,-29.5,-6.5,,23.7,-3.9,25.1,1.9,-3.3,-12.6,9.8,,-3.0,-13.9,13.6,108.28
400,2011-09,-0.1,3.1,1.9,-18.81,16.66666,-7.7,-6.8,-15.9,-9.4,-22.8,51.7,-8.9,-13.9,-2.6,-36.0,-9.1,-17.1,-43.9,-4.2,,10.2,-2.9,26.1,1.1,-4.4,-12.7,5.5,,2.0,-14.8,1.6,104.35
401,2011-10,5.9,-0.3,1.7,-18.78,15.21739,-11.5,-11.3,-16.8,-11.7,-6.9,44.0,-13.4,-23.3,0.3,-40.3,-9.8,-17.1,-24.3,-9.3,,11.3,-5.5,24.9,-1.7,-5.0,-15.3,-0.1,,-10.0,-13.3,-4.8,101.07
402,2011-11,2.3,2.1,-4.1,-21.81,17.97753,-9.6,-10.7,-17.0,-15.0,-27.2,31.6,-3.4,-25.0,2.5,-50.7,-8.7,-13.0,-34.4,-11.7,,7.1,-0.7,28.1,-0.9,-5.3,-19.7,-0.5,,-2.0,-16.9,-11.5,99.36
403,2011-12,3.2,-0.8,-3.8,-22.09,20.0,-8.4,-10.3,-22.1,-13.1,-9.9,32.0,-7.0,-26.4,-4.6,-38.5,-13.3,-15.9,-10.4,-5.4,,3.9,-17.0,20.9,-6.7,-4.8,-17.6,2.1,,-11.0,-17.2,-13.3,101.41
404,2011-Q1,,,,,,,,,,,,,,,,,,,,38.0,,,,,,,,49.0,,,,
405,2011-Q2,,,,,,,,,,,,,,,,,,,,35.0,,,,,,,,51.0,,,,
406,2011-Q3,,,,,,,,,,,,,,,,,,,,32.0,,,,,,,,52.0,,,,
407,2011-Q4,,,,,,,,,,,,,,,,,,,,30.0,,,,,,,,49.0,,,,
408,2012-01,10.1,-0.8,-5.0,-23.47,21.11111,-8.7,-8.3,-20.9,-10.4,4.5,38.0,-2.5,-26.1,1.9,-36.0,-9.2,-17.7,-2.8,-6.9,,7.9,-20.0,23.7,-8.6,-7.9,-18.5,3.9,,2.0,-16.8,-12.7,106.34
409,2012-02,3.1,1.0,-7.1,-24.01,22.35294,-11.3,-5.2,-20.6,-10.8,-12.0,37.6,-1.6,-23.8,-2.2,-20.6,-5.7,-17.9,-11.7,-6.1,,18.8,-12.0,25.9,-3.1,-8.9,-25.8,3.2,,-17.0,-16.4,-14.2,102.28
410,2012-03,2.0,-0.3,-2.9,-21.76,37.2093,-10.2,-2.2,-11.7,-7.6,-0.9,37.1,16.1,-22.6,1.1,-26.8,1.9,-16.8,-26.8,-8.7,,16.3,-16.8,25.4,0.0,-7.6,-22.5,9.2,,12.0,-19.2,-9.0,105.69
411,2012-04,8.3,-2.4,2.0,-20.92,32.5,-8.8,-6.9,-7.5,-8.0,4.4,31.9,11.2,-24.1,-4.7,-22.3,-3.6,-21.9,-26.0,-9.1,,27.2,-18.5,25.0,-0.9,-9.0,-23.3,10.0,,18.0,-14.6,-10.1,109.91
412,2012-05,5.0,-4.9,-4.4,-19.71,36.47058,-9.2,-5.9,-13.2,-12.7,-24.9,27.1,-11.5,-25.6,-9.5,-26.2,-1.9,-13.4,-10.2,-11.2,,22.3,-17.3,21.8,-7.4,-11.5,-26.5,11.1,,7.0,-17.8,-7.4,103.56
413,2012-06,0.9,-5.4,-1.9,-19.2,19.75309,-21.1,-8.7,-15.2,-12.4,-9.7,31.1,-3.2,-25.5,1.4,-28.6,-5.7,-17.4,-23.3,-12.4,,20.2,-16.9,21.6,-10.2,-12.9,-23.2,7.5,,-5.0,-16.2,-15.4,102.51
414,2012-07,5.3,-5.3,-0.7,-12.89,17.5,-10.1,-10.6,-16.8,-14.3,-11.3,21.2,-13.9,-28.5,-8.7,-25.7,-7.4,-14.0,-12.2,-12.7,,16.9,-31.8,19.2,-11.3,-13.5,-27.8,10.2,,10.0,-14.3,-15.9,99.07
415,2012-08,2.8,-4.7,-1.9,-12.96,27.16049,-12.7,-11.0,-11.8,-15.0,-12.1,18.2,-23.8,-30.9,-5.0,-18.2,-8.1,-13.3,-7.3,-10.5,,12.8,-34.3,22.2,-10.8,-13.2,-29.3,13.2,,22.0,-15.8,-22.6,97.12
416,2012-09,-2.0,-5.6,0.4,-14.56,25.67567,-15.8,-10.9,-16.7,-16.4,-17.7,18.2,-24.1,-33.2,-2.9,-18.7,-4.3,-20.8,-12.3,-4.9,,6.2,-33.0,20.3,-6.3,-14.4,-27.2,13.5,,-5.0,-18.7,-29.5,97.19
417,2012-10,4.2,-6.7,0.9,-14.48,24.09638,-11.2,-11.6,-14.6,-15.9,-17.3,22.6,-24.0,-32.4,-6.1,-35.1,-5.2,-18.9,-17.9,-9.7,,8.6,-23.4,19.0,-9.0,-15.8,-28.0,9.3,,-18.0,-19.4,-28.1,96.17
418,2012-11,-2.0,-7.9,-4.2,-14.03,17.10526,-22.2,-10.9,-16.5,-16.5,-15.9,30.5,-28.6,-31.8,-7.7,-17.9,-5.2,-15.6,-10.3,-10.6,,15.9,-29.2,17.5,-9.9,-15.6,-29.1,6.2,,-9.0,-18.1,-36.9,98.1
419,2012-12,3.5,-6.7,0.2,-13.33,19.17809,-11.9,-9.6,-17.9,-18.2,-14.4,19.8,-30.6,-32.3,2.4,-24.7,-5.7,-20.5,-28.0,-13.9,,10.6,-33.1,18.9,-13.1,-16.6,-27.2,3.2,,-25.0,-17.3,-31.3,95.13
420,2012-Q1,,,,,,,,,,,,,,,,,,,,28.0,,,,,,,,48.0,,,,
421,2012-Q2,,,,,,,,,,,,,,,,,,,,29.0,,,,,,,,51.0,,,,
422,2012-Q3,,,,,,,,,,,,,,,,,,,,25.0,,,,,,,,50.0,,,,
423,2012-Q4,,,,,,,,,,,,,,,,,,,,25.0,,,,,,,,50.0,,,,
424,2013-01,-2.1,-9.3,-2.4,-12.92,20.0,-9.6,-10.7,-22.4,-17.7,-21.9,20.0,-14.2,-34.0,-3.2,8.8,-5.3,-20.5,-14.2,-9.2,,19.7,-32.3,17.2,-12.7,-19.5,-29.1,7.7,,-32.0,-15.6,-21.9,91.07
425,2013-02,4.3,-5.8,2.0,-10.38,20.54794,-24.3,-5.4,-18.1,-15.1,-14.9,22.0,-24.8,-31.7,2.4,8.1,-3.1,-11.6,-21.3,-11.8,,15.3,-40.3,16.0,-6.4,-19.3,-22.8,7.4,,-36.0,-15.8,-21.4,99.23
426,2013-03,-5.8,-8.9,-3.8,-9.83,37.87878,-25.7,-2.7,-12.7,-14.5,-10.4,22.4,-12.2,-36.4,1.2,-4.2,-6.2,-15.5,-18.3,-9.8,,18.5,-40.5,17.0,-8.8,-18.0,-24.9,6.8,,-22.0,-14.3,-10.7,101.37
427,2013-04,5.2,-12.4,-4.9,-10.31,26.19048,-26.2,-3.6,-10.9,-15.2,-15.2,22.1,-19.0,-38.6,-3.9,-34.3,-4.5,-15.0,-25.5,-10.4,,15.9,-30.7,17.0,-8.9,-18.1,-26.2,7.3,,-20.0,-11.5,-15.6,97.64
428,2013-05,2.8,-10.6,-1.4,-11.22,57.69231,-24.2,-5.1,-7.7,-16.0,-16.3,14.6,-35.3,-38.2,-0.4,-29.4,-4.5,-10.1,-18.8,-13.2,,11.9,-32.5,18.4,-8.8,-15.2,-22.6,7.8,,-19.0,-8.5,-14.5,95.46
429,2013-06,-2.3,-10.4,0.6,-10.23,12.0,-28.2,-4.9,-11.4,-16.6,-11.9,12.3,-29.3,-39.4,-0.4,-17.1,-5.7,-6.7,-14.4,-15.5,,15.3,-37.0,15.4,-5.4,-15.4,-23.1,6.8,,-14.0,-9.4,-18.1,97.64
430,2013-07,-0.5,-11.5,-1.4,-10.89,7.59494,-31.1,-5.5,-11.1,-16.1,-9.6,18.7,-22.8,-39.8,9.8,-34.7,-1.0,-2.6,-14.6,-13.9,,18.6,-31.4,19.5,-11.2,-13.3,-24.5,9.2,,-1.0,-9.1,-24.5,93.36
431,2013-08,2.0,-9.0,-2.7,-11.33,5.0,-20.1,-7.0,-9.0,-15.3,-14.2,12.6,-29.7,-31.4,9.1,-36.5,-5.9,2.6,-14.7,-12.1,,20.4,-28.9,16.5,-3.5,-12.7,-15.8,5.9,,-8.0,-6.3,-10.4,98.4
432,2013-09,0.3,-13.1,-0.4,-9.93,5.405403,-21.5,-3.5,-13.2,-13.1,-7.9,16.8,-8.4,-32.1,11.3,-42.2,-5.4,-0.6,-0.6,-10.2,,20.8,-32.5,18.8,-4.7,-11.4,-15.9,3.9,,-2.0,-6.6,-10.7,97.98
433,2013-10,2.0,-12.3,-2.4,-8.97,6.024094,-18.8,-7.4,-13.4,-17.7,-46.2,2.5,-26.8,-30.8,16.1,-27.7,-7.5,-3.1,4.5,-11.5,,13.1,-30.6,17.5,-3.1,-11.6,-14.5,0.6,,-6.0,-6.9,-9.1,96.65
434,2013-11,1.1,-12.5,1.3,-12.05,6.410255,-21.4,-8.8,-14.3,-16.0,-15.8,2.2,-29.0,-33.1,30.7,-21.2,-11.1,-9.3,1.8,-9.2,,16.4,-30.0,16.6,-6.2,-10.6,-13.6,2.0,,-5.0,-10.2,-5.3,99.23
435,2013-12,5.3,-13.7,-0.2,-13.89,1.298698,-12.0,-5.4,-10.9,-17.1,-25.8,-8.3,-23.3,-36.3,22.8,-34.3,-11.6,-7.9,4.5,-8.1,,17.6,-33.0,19.1,-5.2,-10.4,-14.2,-4.4,,-16.0,-11.7,-0.8,95.46
436,2013-Q1,,,,,,,,,,,,,,,,,,,,15.0,,,,,,,,51.0,,,,
437,2013-Q2,,,,,,,,,,,,,,,,,,,,10.0,,,,,,,,50.0,,,,
438,2013-Q3,,,,,,,,,,,,,,,,,,,,7.0,,,,,,,,50.0,,,,
439,2013-Q4,,,,,,,,,,,,,,,,,,,,3.0,,,,,,,,49.0,,,,
440,2014-01,0.6,-13.4,-0.7,-10.97,8.860756,-17.8,-5.9,-7.6,-17.7,-33.4,-5.7,-31.8,-35.5,34.0,-16.3,-5.7,-4.9,6.2,-9.7,,23.0,-29.9,20.2,-3.7,-11.5,-10.7,1.7,,-13.0,-7.6,4.0,99.98
441,2014-02,1.7,-11.6,0.2,-11.63,-2.564102,-8.5,-3.9,-7.7,-14.9,-23.4,6.5,-23.0,-33.5,35.6,-36.5,-9.6,-6.2,4.2,-11.3,,23.6,-27.4,20.4,1.7,-11.1,-5.9,5.7,,15.0,-8.3,4.8,95.16
442,2014-03,1.0,-9.3,-2.4,-11.39,6.493507,-17.3,-3.7,-8.7,-15.5,-28.2,3.7,-16.2,-34.2,38.0,-29.1,-9.8,-6.8,6.6,-14.6,,28.6,-23.5,19.4,3.6,-9.5,-10.1,6.2,,9.0,-10.6,2.0,93.19
443,2014-04,-6.5,-13.3,0.4,-11.29,4.0,-19.3,-5.3,-6.2,-17.6,-37.7,8.0,-30.1,-36.7,24.7,-28.3,-8.1,-0.1,7.4,-15.1,,28.8,-23.9,17.7,1.0,-8.8,-9.5,13.8,,10.0,-6.9,13.8,98.84
444,2014-05,-7.4,-13.2,3.5,-12.86,-1.333336,-13.9,-7.4,-8.7,-18.0,-33.1,1.6,-21.3,-38.4,30.3,-30.7,-11.1,-0.7,11.3,-13.5,,22.1,-26.1,17.4,0.8,-8.8,-11.4,11.9,,6.0,-4.1,10.0,97.32
445,2014-06,-4.3,-13.2,-1.1,-13.19,-13.51351,-12.8,-7.5,-8.7,-16.0,-27.2,-7.1,-18.5,-35.6,33.2,-26.7,-6.9,-1.3,3.7,-10.8,,19.9,-24.0,17.3,1.9,-8.3,-7.0,7.1,,-3.0,-5.7,5.8,96.14
446,2014-07,-11.1,-12.4,-5.3,-16.74,-7.692307,-10.2,-10.9,-9.8,-16.9,-13.2,-5.6,-24.6,-38.8,35.3,-26.9,-8.1,2.9,23.9,-13.5,,16.4,-20.3,14.9,1.3,-7.6,-9.3,5.8,,-1.0,-8.5,4.0,96.68
447,2014-08,-8.0,-11.9,-0.1,-18.44,-19.71831,-11.8,-7.0,-6.7,-15.7,-7.4,0.0,-21.6,-38.8,31.7,-28.3,-4.2,-1.9,21.5,-9.7,,18.2,-22.8,14.6,0.5,-7.0,-7.7,2.5,,8.0,-7.5,2.7,94.92
448,2014-09,-5.5,-11.8,-4.3,-16.96,-13.69863,-10.8,-11.6,-7.9,-17.0,-10.7,4.2,-33.5,-38.0,34.4,-31.0,-4.5,6.8,29.1,-15.5,,22.8,-20.7,13.8,4.0,-6.9,-9.3,1.4,,21.0,-11.4,8.9,97.11
449,2014-10,-6.8,-11.3,1.2,-19.93,-9.459457,-4.9,-9.7,-8.6,-17.5,-24.9,7.0,-32.7,-38.4,33.2,-24.0,-7.5,1.3,17.9,-13.3,,24.6,-24.5,12.0,1.1,-6.5,-4.6,-2.4,,10.0,-8.3,-1.6,94.22
450,2014-11,-2.7,-11.1,-3.5,-18.2,-9.589043,-3.6,-15.4,-7.2,-17.9,-6.0,0.0,-24.4,-38.5,31.4,-4.8,-4.1,1.6,23.7,-14.2,,12.8,-25.5,13.6,0.8,-6.5,-6.5,-2.9,,7.0,-9.8,1.9,98.99
451,2014-12,-8.3,-14.0,-1.2,-19.2,-11.5942,-5.4,-15.8,-10.5,-17.8,-4.5,2.3,-12.9,-40.1,42.0,-12.8,-8.1,-5.7,26.6,-13.3,,22.6,-26.2,12.4,-2.7,-7.5,-7.2,-5.9,,11.0,-8.7,5.3,94.7
452,2014-Q1,,,,,,,,,,,,,,,,,,,,-6.0,,,,,,,,50.0,,,,
453,2014-Q2,,,,,,,,,,,,,,,,,,,,-8.0,,,,,,,,52.0,,,,
454,2014-Q3,,,,,,,,,,,,,,,,,,,,-5.0,,,,,,,,53.0,,,,
455,2014-Q4,,,,,,,,,,,,,,,,,,,,-4.0,,,,,,,,57.0,,,,
456,2015-01,-13.5,-14.6,-0.8,-21.09,-10.66666,-4.9,-12.7,-10.5,-18.6,-11.2,1.7,-36.5,-41.8,29.7,0.1,-5.1,1.6,31.8,-12.8,,16.1,-29.1,9.8,1.9,-9.9,-7.1,-3.1,,13.0,-5.6,3.1,97.21
457,2015-02,-10.5,-13.0,1.4,-24.4,-4.545456,0.6,-8.2,-5.9,-16.7,-18.5,-4.3,-25.3,-39.7,32.0,-18.7,-5.5,-13.7,34.0,-12.3,,16.3,-26.9,8.7,8.0,-8.4,-4.3,2.5,,13.0,-8.2,5.5,99.93
458,2015-03,-5.4,-13.3,1.2,-26.24,-10.14493,12.4,-8.3,-5.3,-14.1,-11.4,-5.3,-26.1,-38.7,26.5,-20.9,-4.6,-4.2,41.6,-8.7,,12.2,-26.5,7.2,10.9,-9.1,-5.4,3.8,,24.0,-7.1,13.7,100.61
459,2015-04,-7.2,-15.9,7.0,-27.2,7.792206,5.5,-7.3,-6.4,-14.9,-20.0,-4.6,-41.3,-38.7,37.4,-20.3,-6.3,-0.3,33.1,-10.0,,13.8,-23.0,10.1,13.4,-8.3,-0.4,3.4,,24.0,-8.3,13.6,98.09
460,2015-05,-3.5,-13.3,4.2,-23.74,-2.85714,14.5,-6.8,-8.7,-13.6,-11.4,0.5,-18.3,-39.0,44.3,-22.3,-7.6,-1.6,40.7,-9.7,,11.5,-21.6,7.0,13.0,-8.4,-5.6,2.9,,15.0,-9.5,5.2,100.82
461,2015-06,-2.7,-12.6,4.6,-25.05,8.333336,14.1,-7.4,-6.2,-12.8,-21.0,6.1,-15.5,-36.7,32.9,-29.1,-2.7,0.8,40.4,-7.1,,12.3,-18.6,6.4,18.3,-7.5,-6.1,2.5,,14.0,-10.4,11.3,102.65
462,2015-07,-1.9,-13.2,3.7,-24.3,-10.38961,13.1,-6.6,-4.8,-12.1,-17.7,0.0,-0.4,-35.0,28.6,-28.6,-3.1,3.4,40.9,-9.6,,11.6,-15.1,5.4,21.1,-7.5,-1.6,1.9,,13.0,-8.0,10.0,97.3
463,2015-08,2.0,-9.8,2.3,-24.4,7.042252,12.6,-5.9,-8.5,-12.1,-10.1,1.6,-15.6,-33.4,30.7,-28.2,-4.9,1.6,38.8,-7.6,,9.7,-19.1,4.4,19.9,-6.5,-1.5,1.2,,10.0,-7.8,6.6,98.56
464,2015-09,1.0,-10.1,-0.4,-26.99,-2.941177,9.6,-7.4,-6.0,-11.1,-8.0,1.6,-19.7,-32.3,29.8,-29.8,-2.1,2.4,34.5,-6.1,,5.8,-18.1,2.0,18.9,-7.1,0.7,0.7,,19.0,-11.1,8.4,102.53
465,2015-10,-6.9,-8.8,-6.8,-24.04,-8.571426,8.1,-6.3,-7.6,-11.7,-16.0,-2.8,-3.6,-34.4,25.2,-17.0,-5.3,2.9,31.2,-8.5,,13.4,-16.7,2.5,21.2,-6.7,0.6,-0.9,,17.0,-9.9,18.2,100.08
466,2015-11,-0.5,-8.5,-0.4,-22.66,-6.75676,11.2,-5.3,-3.0,-9.6,-10.2,4.5,-3.8,-30.7,22.0,-28.3,-3.8,-1.8,40.8,-7.4,,9.9,-14.4,1.9,31.7,-6.1,1.1,-1.7,,7.0,-10.1,15.7,103.65
467,2015-12,-6.1,-6.3,-3.5,-22.69,-1.492538,8.9,-1.2,-4.5,-7.9,-6.0,7.0,4.6,-30.8,30.3,-25.3,-2.2,-6.4,38.6,-5.6,,7.7,-18.1,-0.9,25.0,-6.9,-0.1,-4.2,,7.0,-8.8,9.4,103.04
468,2015-Q1,,,,,,,,,,,,,,,,,,,,-2.0,,,,,,,,59.0,,,,
469,2015-Q2,,,,,,,,,,,,,,,,,,,,-1.0,,,,,,,,53.0,,,,
470,2015-Q3,,,,,,,,,,,,,,,,,,,,3.0,,,,,,,,52.0,,,,
471,2015-Q4,,,,,,,,,,,,,,,,,,,,4.0,,,,,,,,50.0,,,,
472,2016-01,-5.5,-3.0,-1.9,-23.11,-8.695656,5.8,-4.8,-1.6,-10.0,-0.9,10.2,-8.5,-33.4,21.2,-28.4,0.4,-7.8,41.3,-7.2,,5.9,-12.0,0.6,19.0,-9.7,2.4,-6.2,,7.0,-12.5,11.9,101.86
473,2016-02,-2.3,-8.5,1.0,-22.87,-13.43284,7.0,-3.2,-1.0,-10.3,-17.8,12.0,0.5,-31.3,21.7,-26.5,0.0,4.1,37.1,-8.7,,7.5,-22.7,-1.0,26.0,-8.8,-1.2,0.0,,7.0,-6.1,21.1,102.34
474,2016-03,-2.2,-6.9,4.2,-22.25,-9.589043,5.0,-3.9,-0.1,-7.4,-5.3,11.9,5.0,-30.2,25.5,-30.8,-1.4,8.4,25.9,-6.0,,5.6,-19.2,0.3,25.4,-8.5,0.5,2.9,,9.0,-8.8,13.6,99.19
475,2016-04,-0.9,-5.6,-5.3,-23.11,-18.30986,2.6,-2.4,-6.7,-8.1,-14.8,17.6,9.2,-29.1,31.2,-37.3,0.1,2.5,26.1,-7.3,,11.2,-15.5,-2.1,27.0,-8.6,-0.7,3.3,,19.0,-8.3,23.1,95.5
476,2016-05,0.7,-6.3,3.6,-23.68,-21.62162,5.3,-0.5,-6.9,-7.8,-20.8,10.1,15.8,-28.9,26.4,-28.3,0.0,0.3,31.9,-6.8,,8.1,-23.7,0.1,26.8,-6.2,-1.3,3.1,,21.0,-8.3,16.6,97.25
477,2016-06,0.9,-6.3,0.1,-24.25,-21.62162,6.6,0.0,-6.1,-6.2,-17.6,10.9,14.6,-26.6,24.1,-26.3,-0.7,5.0,29.1,-8.6,,13.4,-20.3,-0.2,29.6,-6.2,-0.6,4.9,,26.0,-5.1,10.1,94.73
478,2016-07,1.4,-5.5,3.0,-21.31,-20.48193,7.7,0.5,-6.6,-5.0,-7.8,10.6,20.1,-25.1,19.6,-25.3,2.2,0.1,38.2,-5.0,,6.9,-23.1,1.6,31.3,-6.6,2.7,5.0,,18.0,-6.7,14.2,96.97
479,2016-08,0.9,-7.8,-2.7,-18.98,-31.64557,7.2,-1.8,-3.4,-5.5,-7.9,10.5,19.5,-22.6,6.3,-27.1,2.4,-0.5,30.4,-4.8,,8.7,-24.7,1.3,27.5,-6.5,0.6,0.9,,24.0,-3.7,12.6,95.66
480,2016-09,4.5,-9.2,6.1,-21.62,-25.31645,8.1,0.5,-5.5,-6.1,-17.8,16.9,12.9,-23.7,25.4,-27.4,6.3,7.5,42.9,-6.2,,11.0,-22.9,3.3,29.6,-5.0,1.5,-0.3,,21.0,-2.8,18.0,98.65
481,2016-10,3.2,-5.6,1.7,-21.53,-21.51899,8.9,-0.1,-1.8,-5.8,-21.3,16.4,3.5,-21.2,27.4,-36.8,4.0,5.7,46.8,-5.6,,6.6,-10.2,4.7,33.6,-5.3,1.8,-0.5,,15.0,-7.2,10.1,98.77
482,2016-11,6.2,-4.1,2.4,-20.61,-19.23077,10.3,-0.4,-5.9,-5.6,-25.2,17.7,10.8,-19.8,29.9,-29.1,3.9,10.2,41.8,-8.4,,7.4,-23.4,4.8,36.3,-5.3,2.4,-4.5,,15.0,-1.5,23.2,92.94
483,2016-12,1.5,-0.7,2.4,-23.63,-23.61111,9.6,-2.7,-2.6,-5.8,-20.0,17.7,23.3,-19.3,29.1,-27.4,3.2,17.7,34.2,-7.9,,7.4,-25.8,7.4,36.3,-5.1,1.5,-6.2,,10.0,-2.6,29.5,100.9
484,2016-Q1,,,,,,,,,,,,,,,,,,,,5.0,,,,,,,,53.0,,,,
485,2016-Q2,,,,,,,,,,,,,,,,,,,,6.0,,,,,,,,47.0,,,,
486,2016-Q3,,,,,,,,,,,,,,,,,,,,5.0,,,,,,,,46.0,,,,
487,2016-Q4,,,,,,,,,,,,,,,,,,,,6.0,,,,,,,,46.0,,,,
488,2017-01,11.0,-4.5,4.1,-18.84,-21.34831,5.7,-0.7,-3.7,-5.7,-33.8,21.8,11.4,-16.5,44.5,-26.1,4.3,27.2,32.6,-5.9,,8.5,-20.2,8.8,38.1,-2.7,3.1,-1.3,,9.0,2.4,25.7,95.42
489,2017-02,3.0,0.6,4.8,-17.14,-13.51351,-2.8,3.5,3.3,-2.0,-19.5,33.3,22.2,-14.8,32.2,-27.9,8.3,23.0,31.8,-7.4,,13.5,-16.1,10.9,42.7,-0.4,4.2,6.5,,13.0,1.6,22.0,94.99
490,2017-03,9.3,1.2,4.7,-17.23,-14.28571,7.4,6.9,0.1,0.4,-16.9,36.1,24.1,-13.8,39.6,-30.9,6.3,26.0,36.9,-6.5,,10.6,-19.6,12.7,37.6,1.5,4.4,12.1,,23.0,5.4,15.1,103.83
491,2017-04,14.9,2.7,6.6,-19.24,-15.71429,9.0,10.5,-1.1,2.9,-0.8,31.1,2.6,-12.3,33.1,-25.0,8.8,24.6,35.2,-5.1,,10.8,-21.4,15.6,34.2,2.2,5.1,9.7,,35.0,6.9,19.4,100.79
492,2017-05,6.9,-2.7,6.0,-16.49,-11.11111,7.6,7.8,-3.1,0.2,-18.7,43.9,9.0,-15.0,32.5,-6.6,7.5,25.5,31.6,-4.9,,13.9,-12.7,15.6,39.0,2.4,3.5,12.6,,31.0,4.9,24.8,100.66
493,2017-06,14.7,1.5,9.5,-15.61,-19.44444,9.3,11.0,-4.6,6.1,7.5,44.3,11.7,-11.9,36.9,-31.1,7.2,22.3,24.3,-5.5,,12.9,-21.0,17.3,50.0,2.1,2.3,10.9,,33.0,5.5,17.9,99.55
494,2017-07,14.5,2.9,5.4,-15.76,-9.589043,9.4,8.9,-6.1,6.1,15.6,40.1,-5.4,-6.3,40.3,-34.8,6.7,23.9,29.9,-5.8,,13.1,-5.8,16.0,50.3,3.9,4.9,8.9,,26.0,10.4,21.1,101.03
495,2017-08,13.0,0.7,4.5,-20.79,-7.692307,10.6,6.8,-3.9,1.7,-17.2,41.7,6.6,-6.3,29.5,-36.7,10.7,28.5,33.2,-4.9,,17.6,-14.5,19.0,50.3,4.7,5.8,7.6,,26.0,8.0,22.4,98.53
496,2017-09,13.4,-0.4,4.0,-17.08,7.246376,11.6,7.4,-3.6,4.8,-3.2,44.8,12.5,-5.3,31.8,-15.8,8.7,34.2,35.0,-1.3,,22.1,-2.1,19.8,51.6,5.3,7.5,11.2,,21.0,10.0,19.9,96.55
497,2017-10,23.8,1.3,3.2,-17.35,1.515152,14.9,8.7,-0.3,7.9,-0.6,43.4,25.4,-2.4,38.6,-19.4,13.2,26.4,38.2,-3.1,,20.4,-19.4,19.0,53.8,6.4,10.4,16.2,,19.0,11.1,16.6,99.04
498,2017-11,15.8,2.5,3.3,-17.28,11.26761,12.3,7.2,-1.0,8.4,4.8,36.7,29.4,-2.5,28.9,-19.6,14.7,32.6,42.2,-3.0,,19.3,-22.6,20.8,58.4,6.7,7.7,13.5,,20.0,10.5,11.2,102.69
499,2017-12,20.8,-1.5,4.3,-16.73,10.9375,14.6,10.0,-1.2,8.0,-1.4,35.4,15.2,1.3,32.5,-30.0,20.1,41.1,53.7,-1.5,,17.9,-23.0,22.8,57.9,6.7,7.8,13.6,,9.0,10.0,5.1,100.97
500,2017-Q1,,,,,,,,,,,,,,,,,,,,4.0,,,,,,,,45.0,,,,
501,2017-Q2,,,,,,,,,,,,,,,,,,,,3.0,,,,,,,,41.0,,,,
502,2017-Q3,,,,,,,,,,,,,,,,,,,,4.0,,,,,,,,39.0,,,,
503,2017-Q4,,,,,,,,,,,,,,,,,,,,-1.0,,,,,,,,42.0,,,,
504,2018-01,27.1,0.1,5.6,-14.49,21.21212,18.8,14.0,1.1,10.0,-12.1,40.8,14.2,4.9,21.3,-23.4,18.2,36.0,34.0,-1.1,,22.7,-21.8,24.1,59.7,7.1,12.0,19.3,,19.0,18.1,6.7,102.68
505,2018-02,16.1,4.1,6.5,-11.91,23.07692,21.0,15.0,-0.9,9.9,-0.3,41.9,12.0,3.0,32.1,-21.9,20.0,35.4,43.2,-0.9,,18.3,-19.0,24.1,52.4,8.9,9.5,20.8,,15.0,17.4,8.9,101.07
506,2018-03,25.0,6.0,6.4,-12.08,29.23077,14.8,12.2,2.9,12.8,7.0,35.9,14.4,3.6,38.4,-32.0,18.9,32.6,46.6,-0.7,,17.9,-20.0,23.7,79.5,9.7,10.3,22.9,,17.0,15.7,4.4,97.33
507,2018-04,24.0,6.9,4.6,-12.11,19.35484,16.7,13.3,-1.7,10.0,-9.1,36.5,15.9,4.8,31.4,-21.6,19.0,34.5,39.5,-2.8,,22.6,-18.1,24.4,63.3,10.3,11.3,17.9,,18.0,16.0,-0.8,91.87
508,2018-05,17.2,3.0,5.2,-14.18,29.03226,21.9,14.0,-3.2,14.2,17.9,32.3,8.1,4.2,32.1,-18.9,22.2,34.4,40.0,-1.1,,20.3,-19.4,23.5,74.0,9.6,9.7,17.7,,19.0,15.0,-6.9,96.3
509,2018-06,23.0,4.8,3.4,-14.48,13.84615,23.5,18.2,-3.3,13.3,6.2,38.9,17.8,3.7,33.5,-17.8,25.7,38.7,33.6,-1.5,,22.3,-15.3,25.2,62.6,11.0,12.8,13.6,,21.0,14.4,-4.3,98.29
510,2018-07,26.4,3.9,4.2,-12.19,18.64407,21.7,20.4,-3.0,13.8,3.1,43.1,2.9,7.5,26.7,-26.4,27.1,34.5,47.5,-1.8,,22.6,-12.3,24.6,65.5,11.0,10.7,12.1,,20.0,11.0,-1.9,100.35
511,2018-08,20.5,2.8,5.4,-11.22,21.42857,21.5,21.2,-4.5,13.3,5.1,43.0,9.7,6.6,24.0,-28.5,23.4,34.6,38.9,-0.5,,20.6,-12.1,23.9,60.5,12.6,13.0,13.6,,19.0,13.8,-0.7,93.64
512,2018-09,24.9,2.2,3.1,-8.68,24.5614,19.5,19.7,-3.2,11.6,1.8,35.5,3.1,5.8,38.8,-47.4,21.5,33.8,54.9,-1.2,,18.4,-0.9,24.1,57.4,11.8,9.8,10.4,,4.0,8.7,-2.0,93.53
513,2018-10,26.3,4.6,3.6,-7.51,22.58064,20.3,18.3,-2.9,13.4,4.6,44.0,-6.5,4.4,26.2,-29.2,26.3,39.4,49.8,-0.6,,16.3,-11.8,24.4,58.6,11.5,14.4,9.4,,5.0,9.7,1.2,92.06
514,2018-11,27.0,3.9,4.9,-9.29,15.25424,18.7,21.4,-2.8,12.9,4.5,31.3,-7.9,3.7,25.3,-19.6,19.8,43.6,44.0,-3.2,,20.3,-15.2,24.0,50.3,11.4,12.5,10.2,,10.0,10.3,-6.8,83.59
515,2018-12,23.5,4.8,5.4,-8.04,20.0,18.5,22.9,0.5,13.2,5.2,30.4,-0.9,4.0,24.8,-12.5,21.1,42.3,53.2,-2.2,,20.2,-17.6,22.9,55.7,13.7,12.0,10.5,,7.0,5.0,-1.2,88.22
516,2018-Q1,,,,,,,,,,,,,,,,,,,,-1.0,,,,,,,,37.0,,,,
517,2018-Q2,,,,,,,,,,,,,,,,,,,,0.0,,,,,,,,39.0,,,,
518,2018-Q3,,,,,,,,,,,,,,,,,,,,-3.0,,,,,,,,38.0,,,,
519,2018-Q4,,,,,,,,,,,,,,,,,,,,0.0,,,,,,,,38.0,,,,
520,2019-01,20.3,1.7,4.5,-9.72,16.94915,20.7,19.3,-1.8,12.8,11.3,19.8,-10.0,4.0,23.8,-23.4,27.2,37.2,57.9,-2.6,,16.2,-16.8,24.9,47.5,13.3,14.4,15.9,,11.0,1.8,-11.4,77.63
521,2019-02,22.4,1.4,5.5,-9.27,14.28571,19.0,18.9,-1.5,12.5,8.4,17.6,-9.2,7.6,32.0,-17.8,24.7,46.8,46.6,-4.0,,12.8,-11.4,23.8,52.2,11.4,14.0,26.1,,15.0,11.7,-3.2,79.05
522,2019-03,16.0,4.7,5.6,-10.61,19.71831,24.2,17.3,-8.0,9.7,8.3,12.6,-13.3,1.2,18.7,-23.4,28.1,44.4,52.0,-4.0,,18.1,-11.9,24.2,49.4,12.0,7.9,25.7,,-3.0,8.2,-12.3,78.82
523,2019-04,16.0,3.4,5.0,-7.88,13.43284,18.1,7.8,-6.1,8.4,7.4,10.4,-13.8,3.5,22.7,-18.5,26.5,37.7,48.5,-1.7,,19.7,-13.8,24.5,44.8,11.2,9.9,25.8,,2.0,9.7,-18.1,81.8
524,2019-05,15.1,-1.5,4.8,-8.03,15.06849,35.4,9.1,-7.4,7.4,5.5,13.9,-17.9,2.1,26.0,-22.2,21.4,38.9,42.7,-0.9,,17.9,-10.2,25.6,38.0,8.6,12.2,23.9,,-7.0,8.2,-9.8,80.91
525,2019-06,12.8,-1.6,4.8,-7.64,10.81081,18.1,5.0,-7.6,4.6,3.8,22.6,-17.0,0.2,17.7,-16.9,18.6,31.9,38.4,-2.0,,19.5,-11.4,21.2,34.3,9.7,10.9,19.3,,6.0,6.3,-4.5,79.56
526,2019-07,20.1,-0.7,8.3,-8.35,7.692307,27.1,6.9,-7.8,6.6,8.4,9.9,-21.9,2.0,10.2,-5.9,24.3,25.3,41.1,-1.6,,17.2,-11.7,19.9,35.1,9.0,12.5,16.0,,-4.0,4.1,-16.0,79.39
527,2019-08,14.5,2.6,4.9,-6.89,8.219178,27.5,6.8,-4.0,4.4,7.3,8.2,-25.3,1.5,25.5,-3.5,21.5,30.0,30.1,-3.0,,15.8,-11.3,18.0,31.3,9.1,15.3,12.0,,1.0,2.9,-5.7,86.19
528,2019-09,12.6,2.8,6.9,-9.32,8.823529,24.3,7.8,-6.0,5.3,6.1,8.7,-22.4,2.1,18.7,-7.7,24.5,28.2,17.1,-0.7,,11.3,-11.3,15.8,30.2,9.9,10.6,9.8,,9.0,3.7,-12.9,89.36
529,2019-10,9.8,2.2,7.9,-8.34,13.43284,13.9,6.5,-2.5,6.7,5.4,-3.7,-12.5,3.4,2.1,-14.9,21.6,28.7,26.0,-1.1,,18.1,1.0,17.0,25.1,10.3,10.1,6.9,,6.0,0.3,-2.1,91.96
530,2019-11,16.7,-0.8,2.4,-7.37,-14.49275,14.8,10.3,-4.8,6.9,2.9,-0.6,-21.2,4.2,,-4.8,19.3,28.3,35.8,-1.7,,20.4,-10.9,16.3,20.9,11.4,10.0,6.9,,4.0,0.0,-7.8,92.58
531,2019-12,17.7,3.1,3.0,-6.92,-19.04762,17.1,10.5,-4.1,7.6,3.2,14.0,-4.9,3.9,,-1.1,15.0,24.8,33.3,-0.2,,16.3,-11.7,11.6,21.4,11.4,10.5,8.9,,2.0,-0.7,-3.4,94.08
532,2019-Q1,,,,,,,,,,,,,,,,,,,,-4.0,,,,,,,,42.0,,,,
533,2019-Q2,,,,,,,,,,,,,,,,,,,,-4.0,,,,,,,,43.0,,,,
534,2019-Q3,,,,,,,,,,,,,,,,,,,,-3.0,,,,,,,,42.0,,,,
535,2019-Q4,,,,,,,,,,,,,,,,,,,,-2.0,,,,,,,,43.0,,,,
536,2020-01,16.3,3.3,5.8,-5.82,-21.05263,17.9,12.6,-1.5,7.8,1.4,16.9,-8.2,-0.5,,-12.8,25.3,23.0,37.1,1.6,,20.0,17.6,13.5,22.7,16.1,14.4,11.5,,13.0,3.6,-5.6,101.11
537,2020-02,12.8,2.1,9.1,-5.16,-15.27778,19.0,12.2,-0.7,6.5,1.0,10.3,-7.3,1.9,,-14.6,25.8,18.9,45.3,-0.9,,20.8,13.8,10.7,24.6,15.2,14.3,13.5,,12.0,4.4,-18.2,101.7
538,2020-03,15.4,-1.6,5.7,-6.73,-19.11765,11.3,5.2,-8.2,-0.9,-0.9,6.3,-25.0,-18.2,,-13.7,18.8,19.3,23.7,-1.9,,8.6,10.9,7.6,23.0,11.3,9.3,14.8,,21.0,-1.1,-8.1,96.47
539,2020-04,-2.2,-12.2,-6.9,-30.61,-48.57143,11.7,-20.0,-36.6,-15.1,-7.2,-56.5,-57.6,-19.3,,-23.2,-4.5,19.6,-17.4,,,-7.8,4.0,1.8,0.2,-24.1,-2.3,-9.6,,-31.0,-8.2,-46.6,63.0
540,2020-05,-1.2,-6.0,-2.3,-29.63,-56.33803,11.4,-22.9,-25.6,-13.5,0.4,-50.4,-64.0,-14.8,,-20.1,-2.8,6.6,-16.5,-7.3,,-6.2,4.7,-1.7,-2.2,-14.5,1.6,4.6,,5.0,-6.0,-56.8,86.45
541,2020-06,-4.6,-5.3,2.5,-33.43,-44.11765,5.9,-20.0,-20.0,-10.3,2.3,-38.9,-61.8,-13.5,,-36.3,-4.2,12.5,8.8,-2.9,,-8.2,-6.6,2.9,2.0,-7.9,5.3,9.6,,-12.0,-2.8,-53.8,106.17
542,2020-07,-2.9,-6.1,2.2,-26.1,-39.43662,3.5,-12.9,-12.5,-7.7,6.4,-24.0,-49.8,-13.8,,-17.5,-0.7,6.1,1.0,-1.6,,-1.5,-4.6,3.0,3.0,-3.5,6.3,9.6,,-10.0,-2.3,-41.1,107.22
543,2020-08,1.7,-5.5,1.2,-24.02,-21.73913,-1.5,-8.9,-14.1,-7.8,10.5,-13.4,-43.3,-17.9,,-22.7,4.4,7.5,16.7,-1.8,,-0.2,-1.0,5.2,6.6,-1.5,6.9,9.1,,-7.0,-0.7,-35.6,110.48
544,2020-09,5.8,-2.9,2.8,-23.64,-19.67213,2.5,-3.4,-10.7,-4.1,8.0,-14.7,-43.8,-17.5,,-9.3,0.7,9.8,10.4,-0.6,,2.3,7.5,5.8,13.3,-0.4,8.1,8.4,,-11.0,-2.8,-35.8,105.12
545,2020-10,6.3,-4.3,1.3,-21.39,-10.76923,0.3,-4.3,-5.6,-4.4,-3.1,-3.1,-38.3,-18.4,,-5.5,-1.5,7.3,26.3,1.1,,1.1,-7.1,4.0,10.7,-0.3,9.2,4.6,,-9.0,2.9,-31.1,112.95
546,2020-11,-1.6,-5.3,-1.7,-18.87,15.87302,-1.3,-6.6,-5.5,-6.0,-5.8,-3.4,-28.3,-19.8,,-20.8,-5.0,7.7,31.5,-1.1,,3.6,0.1,5.7,11.7,-3.6,7.0,2.4,,-14.0,-4.1,-24.7,112.47
547,2020-12,2.1,-5.2,-1.6,-18.09,4.545455,-5.6,-3.0,-1.8,-4.9,-5.5,-4.3,-40.6,-22.2,,-9.8,3.4,-0.4,35.6,-0.7,,8.6,7.2,10.1,15.4,-1.4,6.9,1.4,,-5.0,1.8,-24.5,110.28
548,2020-Q1,,,,,,,,,,,,,,,,,,,,1.0,,,,,,,,45.0,,,,
549,2020-Q2,,,,,,,,,,,,,,,,,,,,7.0,,,,,,,,42.0,,,,
550,2020-Q3,,,,,,,,,,,,,,,,,,,,6.0,,,,,,,,42.0,,,,
551,2020-Q4,,,,,,,,,,,,,,,,,,,,9.0,,,,,,,,42.0,,,,
552,2021-01,7.4,-1.9,1.5,-19.6,9.523809,-1.2,-1.6,-2.0,-3.2,-3.3,0.4,-31.0,-17.9,,-2.1,2.7,23.7,25.4,1.6,,12.8,2.6,14.7,16.2,1.2,8.6,10.1,,-14.0,7.9,-14.6,111.37
553,2021-02,12.8,1.4,5.8,-14.25,23.07692,5.6,-0.8,-5.4,-1.9,-13.6,22.2,-23.0,-16.1,,-3.8,9.7,24.0,40.0,5.2,,20.0,25.0,18.5,26.9,4.5,8.9,13.9,,-4.0,8.1,-15.3,105.15
554,2021-03,29.3,3.1,3.0,-9.63,31.88406,4.9,3.5,-2.5,3.7,-2.9,32.9,-24.6,-9.6,,-2.4,12.6,20.6,51.9,5.9,,21.0,14.1,21.8,31.3,7.9,10.4,16.7,,-2.0,12.8,-18.0,101.86
555,2021-04,42.5,9.2,7.4,-4.95,25.0,8.6,9.9,-0.5,8.3,0.5,45.2,-9.7,-8.5,,3.0,16.9,30.8,60.7,5.4,,29.0,25.8,31.1,38.6,10.7,11.6,19.8,,14.0,23.9,-13.2,110.15
556,2021-05,59.5,19.0,14.8,1.78,43.07692,12.5,30.2,-0.3,17.2,-2.6,59.6,5.6,-5.0,,1.1,21.2,40.1,71.6,9.7,,43.2,53.4,38.5,51.3,17.0,25.5,30.8,,27.0,24.7,-3.1,112.18
557,2021-06,66.1,28.1,19.8,6.64,40.57971,23.8,35.7,-0.9,24.3,-0.8,72.6,22.0,1.2,,3.2,25.4,48.1,85.7,15.5,,44.8,58.3,43.6,64.5,20.9,25.1,36.4,,32.0,34.6,8.8,119.17
558,2021-07,62.2,34.8,21.3,12.59,42.1875,29.7,33.8,1.2,28.2,25.2,45.3,34.1,12.1,,12.0,35.2,45.7,77.8,15.0,,53.1,55.4,48.6,63.0,23.6,24.1,38.4,,23.0,34.2,17.7,121.29
559,2021-08,62.8,32.5,24.6,7.68,45.45454,41.1,35.1,2.5,28.0,29.1,48.5,27.6,13.3,,5.8,37.3,40.0,73.5,16.5,,58.0,41.8,48.8,58.7,24.2,23.2,38.0,,23.0,34.5,16.7,122.46
560,2021-09,62.6,37.1,25.2,10.24,54.54546,39.4,30.0,5.6,24.8,1.3,43.6,51.7,12.3,,-10.3,42.8,30.5,79.1,14.0,,56.3,51.0,54.4,53.8,26.8,26.1,37.4,,36.0,39.4,25.2,120.48
561,2021-10,55.3,36.1,31.3,7.06,48.48485,42.5,37.7,5.8,33.1,25.6,60.0,50.9,19.3,,34.0,40.2,39.0,84.0,17.8,,59.5,38.7,60.3,60.7,30.7,28.8,49.4,,34.0,38.7,27.0,122.72
562,2021-11,61.4,41.7,36.9,11.62,32.30769,40.6,43.5,7.4,38.2,29.8,68.5,53.6,24.2,,12.1,39.7,45.4,82.9,19.4,,62.5,50.4,62.0,60.7,33.8,36.9,42.2,,40.0,47.4,24.4,127.93
563,2021-12,62.7,40.9,32.9,12.01,25.86207,43.1,43.8,6.9,35.3,6.5,66.8,35.7,25.7,,-12.0,29.2,49.1,68.3,23.0,,63.7,53.9,65.7,59.8,34.2,35.9,42.5,,28.0,49.5,32.6,134.37
564,2021-Q1,,,,,,,,,,,,,,,,,,,,8.0,,,,,,,,48.0,,,,
565,2021-Q2,,,,,,,,,,,,,,,,,,,,3.0,,,,,,,,45.0,,,,
566,2021-Q3,,,,,,,,,,,,,,,,,,,,-1.0,,,,,,,,46.0,,,,
567,2021-Q4,,,,,,,,,,,,,,,,,,,,-6.0,,,,,,,,49.0,,,,
568,2022-01,62.0,42.3,40.4,11.96,34.48276,48.2,42.7,5.0,35.1,3.5,75.1,41.0,27.8,,21.4,44.7,39.8,77.6,23.6,,55.6,53.7,72.4,64.9,36.8,33.8,48.6,,49.0,52.3,32.4,128.57
569,2022-02,68.5,42.1,45.1,15.02,31.25,53.1,43.8,4.0,36.1,6.3,72.0,42.2,26.9,,37.8,64.8,43.8,80.8,30.0,,57.3,61.1,70.7,63.0,36.6,35.4,51.6,,48.0,54.2,30.5,129.35
570,2022-03,67.0,48.4,51.8,19.56,23.80952,48.5,54.1,3.5,43.5,16.7,77.5,57.6,30.0,,17.6,58.6,50.3,83.4,35.5,,66.3,64.1,77.1,75.3,39.2,42.4,58.6,,56.0,57.9,31.9,127.92
571,2022-04,82.1,56.5,49.3,23.46,31.25,60.9,59.3,7.3,51.6,24.5,82.0,64.1,47.3,,37.1,64.0,62.7,85.2,38.9,,72.2,68.4,78.7,82.2,42.2,41.9,59.4,,47.0,60.5,36.0,126.95
572,2022-05,78.5,58.2,51.2,20.88,31.14754,61.3,55.1,4.1,49.3,20.9,69.4,63.1,48.0,,10.7,64.3,64.4,78.9,37.4,,70.1,63.0,74.5,76.5,41.5,40.0,60.8,,50.0,58.2,43.6,125.21
573,2022-06,66.8,56.9,49.1,23.32,11.47541,51.8,45.8,4.3,45.9,29.6,44.5,40.0,46.0,,5.9,59.4,59.0,75.4,36.1,,57.3,62.6,75.5,72.0,38.4,43.0,57.1,,39.0,56.9,36.4,126.57
574,2022-07,65.4,52.0,47.4,23.68,28.57143,53.9,40.6,-10.8,42.4,29.5,41.4,30.2,45.7,,26.2,58.6,60.7,65.6,36.5,,53.5,48.2,73.1,67.2,34.5,39.2,52.5,,52.0,57.8,19.6,127.48
575,2022-08,62.8,48.6,45.0,25.99,17.91045,52.8,35.4,-9.1,38.5,34.0,21.9,21.6,44.0,,26.8,49.6,67.4,63.3,24.9,,56.8,52.3,71.6,67.2,32.4,39.2,44.5,,38.0,50.8,9.9,122.07
576,2022-09,54.2,51.5,39.2,25.99,8.620689,28.5,41.8,-11.6,42.2,23.7,25.7,34.5,46.2,,15.7,51.7,56.8,61.8,33.2,,52.8,54.4,69.0,71.4,31.4,40.0,42.1,,42.0,51.2,14.5,129.02
577,2022-10,63.0,56.1,40.6,29.82,12.96296,54.0,43.4,-10.2,44.8,24.4,14.5,0.2,48.8,,34.4,39.8,50.1,57.0,38.1,,57.4,57.0,64.3,70.1,31.6,39.8,45.3,,55.0,48.6,-2.9,125.71
578,2022-11,61.2,43.7,47.7,30.86,9.090909,55.4,38.4,-10.5,42.7,25.7,12.0,5.7,49.3,,51.3,49.0,39.0,61.1,29.8,,50.4,50.1,61.8,63.2,31.0,39.7,38.1,,49.0,43.9,-3.5,132.96
579,2022-12,55.5,47.8,33.3,30.45,5.263158,56.0,27.9,-10.5,36.8,21.2,-2.4,-1.3,47.0,,47.1,45.2,46.0,56.5,25.9,,53.2,43.8,57.7,57.3,28.9,31.3,36.0,,46.0,41.9,-5.4,129.52
580,2022-Q1,,,,,,,,,,,,,,,,,,,,-16.0,,,,,,,,,,,,
581,2022-Q2,,,,,,,,,,,,,,,,,,,,-25.0,,,,,,,,,,,,
582,2022-Q3,,,,,,,,,,,,,,,,,,,,-27.0,,,,,,,,,,,,
583,2022-Q4,,,,,,,,,,,,,,,,,,,,-28.0,,,,,,,,,,,,
584,2023-01,48.0,43.2,36.0,31.3,5.0,44.7,24.1,-8.9,33.7,25.8,0.2,-9.1,42.3,,25.9,40.7,34.3,47.4,26.4,,34.2,30.6,48.0,53.9,26.0,33.5,38.6,,55.0,43.3,-10.4,130.27
585,2023-02,47.0,40.0,30.1,27.2,5.0,44.1,15.6,-12.6,25.5,4.8,0.7,-18.7,39.0,,44.9,36.0,39.1,,23.0,,36.5,39.2,49.1,45.2,23.7,30.2,38.4,,54.0,41.0,-10.7,125.73
586,2023-03,37.1,31.3,29.8,15.96,-3.278688,42.1,7.9,-11.5,21.4,18.0,-4.6,-29.1,34.7,,36.3,35.4,28.7,,17.6,,33.7,36.5,42.5,33.7,21.5,29.1,41.5,,40.0,35.6,-20.2,121.92
587,2023-04,24.0,24.1,23.5,3.89,-3.703704,40.2,0.8,-15.1,15.9,14.7,-7.1,-22.8,30.2,,24.8,29.4,10.4,,15.4,,28.1,32.5,34.8,28.1,18.0,26.7,38.8,,38.0,31.1,-35.8,121.37
588,2023-05,24.7,23.0,33.4,4.53,-4.83871,38.5,-5.4,-11.4,12.7,21.2,0.8,-20.0,20.6,,29.9,20.7,12.6,,13.4,,28.2,18.9,36.1,21.0,16.9,16.6,33.9,,26.0,26.7,-24.9,125.09
589,2023-06,15.2,21.0,26.8,3.73,-1.818182,36.1,-8.3,-13.1,8.2,14.7,-10.8,-45.1,16.9,,30.4,19.2,7.4,,10.2,,24.9,7.2,30.7,14.5,16.7,14.2,26.2,,31.0,25.6,-30.1,125.01
590,2023-07,12.3,16.7,24.8,0.23,0.0,35.6,-8.5,-10.4,5.6,15.8,-1.9,-43.7,12.0,,20.0,24.9,8.5,,12.7,,19.3,-6.1,27.9,13.1,16.5,14.2,23.8,,26.0,19.8,-31.0,125.74
591,2023-08,8.6,18.6,21.6,1.91,-7.272727,38.3,-10.2,-10.1,6.9,20.3,-1.2,-33.6,11.8,,31.9,20.1,1.2,,13.4,,16.2,-13.2,28.5,22.1,18.1,14.5,27.8,,29.0,20.5,-36.8,126.08
592,2023-09,11.7,12.1,23.8,2.82,-13.46154,42.4,-9.3,-9.1,7.0,18.4,0.7,-53.5,11.3,,25.6,23.8,4.7,,16.2,,18.5,0.5,25.8,19.7,17.3,15.6,26.9,,17.0,19.4,-37.6,125.15
593,2023-10,10.1,7.2,24.2,3.66,-6.666667,33.2,-6.6,-12.3,8.3,12.5,0.2,-43.6,9.3,,53.4,18.2,12.7,,13.4,,15.8,-11.4,26.1,25.0,16.6,14.1,30.9,,15.0,16.6,-36.7,123.19
594,2023-11,11.9,7.4,24.8,1.59,-4.166667,37.0,-1.1,-7.9,9.6,13.9,1.8,-52.3,7.8,,31.9,23.2,4.6,,9.8,,20.2,-14.4,23.3,27.1,18.7,13.9,27.5,,12.0,15.3,-23.7,126.53
595,2023-12,23.9,11.0,21.1,4.2,-13.63636,32.6,0.1,-6.2,11.6,15.8,4.6,-41.4,8.3,,36.2,27.4,10.0,,12.9,,17.9,-18.8,23.6,38.5,20.8,16.4,29.8,,10.0,13.6,-29.0,124.52
596,2023-Q1,,,,,,,,,,,,,,,,,,,,-31.0,,,,,,,,,,,,
597,2023-Q2,,,,,,,,,,,,,,,,,,,,-27.0,,,,,,,,,,,,
598,2023-Q3,,,,,,,,,,,,,,,,,,,,-27.0,,,,,,,,,,,,
599,2023-Q4,,,,,,,,,,,,,,,,,,,,-28.0,,,,,,,,,,,,
600,2024-01,13.7,5.4,26.0,6.61,-11.90476,29.4,0.5,-12.2,9.9,14.5,4.3,-34.2,4.2,,43.8,28.7,17.9,,8.1,,25.9,-19.7,26.0,39.2,20.9,16.6,31.6,,22.0,15.5,-28.5,132.21
601,2024-02,15.3,7.0,29.4,4.67,-10.25641,29.2,-8.2,-5.0,3.6,5.4,-6.1,-37.8,2.5,,30.3,31.2,9.2,,10.6,,20.6,-12.9,22.0,23.5,19.9,18.4,32.1,,20.0,14.0,-20.1,127.92
602,2024-03,2.2,6.0,28.1,1.73,0.0,28.9,-10.7,-9.1,1.6,7.6,4.2,-44.9,1.9,,30.3,30.5,12.5,,7.6,,14.3,-12.8,22.6,25.9,16.6,15.3,32.1,,14.0,15.0,-18.2,123.45
603,2024-04,12.0,5.0,23.0,0.25,-20.93023,28.6,-10.2,-10.3,2.4,17.6,1.5,-40.7,-3.4,,6.4,23.7,20.7,,8.2,,15.4,-17.0,23.7,25.8,15.5,11.8,28.0,,15.0,11.1,-16.7,127.84
604,2024-05,2.4,8.2,21.7,-3.06,-17.94872,32.0,-2.1,-9.6,3.4,12.8,0.6,-36.0,-6.0,,20.6,18.4,7.7,,7.5,,11.7,-13.0,21.4,26.0,14.0,9.7,28.2,,12.0,14.0,-22.0,126.75
605,2024-06,5.9,6.4,21.5,-4.12,-13.63636,31.9,1.4,-9.3,4.3,15.8,2.9,-18.2,-7.3,,32.0,17.3,5.8,,8.0,,15.9,-8.1,23.5,26.1,13.6,8.4,26.1,,14.0,9.2,-15.6,117.2
606,2024-07,3.3,2.7,16.8,-1.52,-9.090909,29.1,-1.0,-8.5,2.0,1.0,5.1,-25.7,-6.2,,31.4,24.7,8.8,,5.4,,14.7,-16.3,21.2,32.4,15.2,11.4,25.4,,11.0,10.7,-14.7,117.88
607,2024-08,4.9,3.2,20.1,-1.82,-3.225806,29.0,0.5,-8.6,1.6,3.5,8.8,-21.7,-6.1,,43.1,15.9,9.1,,6.2,,16.6,-14.8,20.2,27.2,14.3,9.9,20.9,,16.0,11.3,-11.6,118.72
608,2024-09,8.7,4.0,18.9,-0.43,-19.64286,21.1,-1.0,-6.7,2.3,2.7,11.5,-15.6,-5.0,,16.6,12.5,8.3,,5.7,,15.4,-9.7,21.0,27.1,14.7,7.9,20.9,,4.0,8.5,-18.2,121.72
609,2024-10,4.0,4.2,17.6,-2.51,-16.94915,18.7,-2.3,-4.4,2.0,1.8,12.1,-25.6,-10.3,,12.7,17.9,7.3,,2.8,,17.3,-17.2,19.8,27.1,14.5,5.5,23.3,,12.0,10.0,-5.3,122.3
610,2024-11,7.8,7.0,13.6,-0.82,,19.1,-3.4,-4.5,4.1,2.7,20.6,-14.3,-9.6,,19.0,19.6,15.4,,5.1,,18.7,-24.6,21.7,36.8,14.2,10.2,23.4,,24.0,9.9,-19.3,123.37
611,2024-Q1,,,,,,,,,,,,,,,,,,,,-30.0,,,,,,,,,,,,
612,2024-Q2,,,,,,,,,,,,,,,,,,,,-33.0,,,,,,,,,,,,
613,2024-Q3,,,,,,,,,,,,,,,,,,,,-32.0,,,,,,,,,,,,
